[
    {
        "GeneralInformation": {
            "Address": {
                "Street": "Cve\u0107arska 2",
                "City": "Novi Sad",
                "Province": "N/A",
                "PostCode": "21000",
                "Website": "http://www.privrednaakademija.edu.rs",
                "college_name": "Business Academy University",
                "university_name": "Univerzitet Privredna akademija"
            },
            "InstitutionFunding": "Private",
            "History": "Founded 2000.",
            "AcademicYear": "N/A",
            "AdmissionRequirements": [],
            "Languages": [
                "Serbian"
            ],
            "StudentBody": "N/A"
        },
        "Divisions": [
            {
                "College": "Applied Management, Economy and Finance",
                "FieldsOfStudy": [
                    "Economics",
                    "Finance",
                    "Management"
                ],
                "Details": "N/A"
            },
            {
                "College": "Dentistry",
                "FieldsOfStudy": [
                    "Dentistry"
                ],
                "Details": "Pan\u010devo"
            },
            {
                "College": "Economics and Engineering Management",
                "FieldsOfStudy": [
                    "Agricultural Business",
                    "Ecology",
                    "Economics",
                    "Engineering Management"
                ],
                "Details": "N/A"
            },
            {
                "College": "Law",
                "FieldsOfStudy": [
                    "Law"
                ],
                "Details": "N/A"
            }
        ],
        "Degrees": {
            "Undergraduate": {
                "CertificateOrDiploma": [],
                "Bachelor'sDegree": "N/A"
            },
            "Postgraduate": {
                "PostBachelor'sDiplomaOrCertificate": [],
                "Master'sDegree": [
                    "Ecology",
                    "Economics",
                    "Law",
                    "Management"
                ],
                "Doctor'sDegrees": [],
                "ResearchScholarship": [],
                "EducationSpecialistDegree": []
            }
        }
    },
    {
        "GeneralInformation": {
            "Address": {
                "Street": "Vojvode Putnika bb, Sremska Kamenica",
                "City": "Novi Sad",
                "Province": "N/A",
                "PostCode": "21208",
                "Website": "Http://www.educons.edu.rs",
                "college_name": "Educons University",
                "university_name": ""
            },
            "InstitutionFunding": "Private",
            "History": "Founded 2008.",
            "AcademicYear": "N/A",
            "AdmissionRequirements": [],
            "Languages": [
                "Serbian"
            ],
            "StudentBody": "N/A"
        },
        "Divisions": [
            {
                "College": "Business and Service",
                "FieldsOfStudy": [
                    "Business Administration"
                ],
                "Details": "N/A"
            },
            {
                "College": "European Legal and Political Studies",
                "FieldsOfStudy": [
                    "European Union Law",
                    "Political Sciences"
                ],
                "Details": "N/A"
            },
            {
                "College": "Sports and Tourism",
                "FieldsOfStudy": [
                    "Sports",
                    "Tourism"
                ],
                "Details": "N/A"
            }
        ],
        "Degrees": {
            "Undergraduate": {
                "CertificateOrDiploma": [],
                "Bachelor'sDegree": "N/A"
            },
            "Postgraduate": {
                "PostBachelor'sDiplomaOrCertificate": [],
                "Master'sDegree": [
                    "Business Administration",
                    "Crop Production",
                    "Environmental Studies",
                    "Painting and Drawing"
                ],
                "Doctor'sDegrees": [],
                "ResearchScholarship": [],
                "EducationSpecialistDegree": []
            }
        }
    },
    {
        "GeneralInformation": {
            "Address": {
                "Street": "P.O. Box 12,\nCarigradska 28,",
                "City": "Beograd",
                "Province": "N/A",
                "PostCode": "11080",
                "Website": "http://www.eu.ac.rs/",
                "college_name": "European University",
                "university_name": "Evropski Universitet"
            },
            "InstitutionFunding": "Private",
            "History": "Founded 1984 as Institute of American Business - MBA University. Acquired present status and title 2000.",
            "AcademicYear": "N/A",
            "AdmissionRequirements": [],
            "Languages": [],
            "StudentBody": "co-ed"
        },
        "Divisions": [
            {
                "College": "Business in Services",
                "FieldsOfStudy": [
                    "Business and Commerce"
                ],
                "Details": "Novi Sad"
            },
            {
                "College": "European Business and Marketing",
                "FieldsOfStudy": [
                    "Accountancy",
                    "Banking",
                    "Cultural Studies",
                    "English",
                    "European Studies",
                    "Finance",
                    "French",
                    "Italian",
                    "Marketing",
                    "Tourism"
                ],
                "Details": "N/A"
            },
            {
                "College": "International Management",
                "FieldsOfStudy": "N/A",
                "Details": "N/A"
            },
            {
                "College": "Small and Medium Size Business",
                "FieldsOfStudy": [
                    "Business and Commerce",
                    "Small Business"
                ],
                "Details": "N/A"
            },
            {
                "College": "Strategic and Operational Management",
                "FieldsOfStudy": [
                    "Management"
                ],
                "Details": "Zemun"
            },
            {
                "College": "American Business",
                "FieldsOfStudy": [
                    "MBA University"
                ],
                "Details": "N/A"
            },
            {
                "College": "Management",
                "FieldsOfStudy": [
                    "Franco-American Institute"
                ],
                "Details": "N/A"
            }
        ],
        "Degrees": {
            "Undergraduate": {
                "CertificateOrDiploma": [],
                "Bachelor'sDegree": [
                    "Business Administration",
                    "Economics",
                    "Engineering",
                    "European Studies",
                    "International Business",
                    "Management",
                    "Marketing",
                    "Statistics"
                ]
            },
            "Postgraduate": {
                "PostBachelor'sDiplomaOrCertificate": [],
                "Master'sDegree": [
                    "Business Administration",
                    "Cultural Studies",
                    "European Studies",
                    "European Union Law",
                    "International Business",
                    "Statistics"
                ],
                "Doctor'sDegrees": [],
                "ResearchScholarship": [],
                "EducationSpecialistDegree": []
            }
        }
    },
    {
        "GeneralInformation": {
            "Address": {
                "Street": "Goce Delceva 8,",
                "City": "Novi Beograd",
                "Province": "N/A",
                "PostCode": "11070",
                "Website": "http://www.megatrend-edu.rs",
                "college_name": "Megatrend University",
                "university_name": "Megatrend Univerzitet"
            },
            "InstitutionFunding": "Private",
            "History": "Founded 1989.",
            "AcademicYear": "N/A",
            "AdmissionRequirements": [],
            "Languages": [
                "Serbian"
            ],
            "StudentBody": "co-ed"
        },
        "Divisions": [
            {
                "College": "Business Administration",
                "FieldsOfStudy": [
                    "Business Administration"
                ],
                "Details": "Megatrend"
            },
            {
                "College": "Arts and Design",
                "FieldsOfStudy": [
                    "Design",
                    "Fine Arts"
                ],
                "Details": "N/A"
            },
            {
                "College": "Bio-Farming",
                "FieldsOfStudy": [
                    "Agriculture",
                    "Farm Management"
                ],
                "Details": "N/A"
            },
            {
                "College": "Business Studies",
                "FieldsOfStudy": [
                    "Business Administration",
                    "Business and Commerce"
                ],
                "Details": "Belgrade, Vr\u0161ac and Po\u017earevac"
            },
            {
                "College": "Computer Science",
                "FieldsOfStudy": [
                    "Computer Science"
                ],
                "Details": "N/A"
            },
            {
                "College": "Culture and Media",
                "FieldsOfStudy": [
                    "Cultural Studies",
                    "Media Studies"
                ],
                "Details": "N/A"
            },
            {
                "College": "Management",
                "FieldsOfStudy": [
                    "Management"
                ],
                "Details": "Zaje\u010dar"
            },
            {
                "College": "State Administration",
                "FieldsOfStudy": [
                    "Administration"
                ],
                "Details": "N/A"
            },
            {
                "College": "Cosmology",
                "FieldsOfStudy": "N/A",
                "Details": "N/A"
            }
        ],
        "Degrees": {
            "Undergraduate": {
                "CertificateOrDiploma": [],
                "Bachelor'sDegree": "N/A"
            },
            "Postgraduate": {
                "PostBachelor'sDiplomaOrCertificate": [],
                "Master'sDegree": [
                    "Administration",
                    "Business Administration",
                    "Computer Science",
                    "Economics",
                    "International Economics",
                    "Management"
                ],
                "Doctor'sDegrees": [],
                "ResearchScholarship": [],
                "EducationSpecialistDegree": []
            }
        }
    },
    {
        "GeneralInformation": {
            "Address": {
                "Street": "Tadeu\u0161a Ko\u0161\u0107u\u0161ka 63",
                "City": "Beograd",
                "Province": "N/A",
                "PostCode": "11000",
                "Website": "http://www.metropolitan.edu.rs",
                "college_name": "Metropolitan University",
                "university_name": "Univerzitet Metropolitan"
            },
            "InstitutionFunding": "Private",
            "History": "Founded 2005.",
            "AcademicYear": "N/A",
            "AdmissionRequirements": [],
            "Languages": [
                "Serbian"
            ],
            "StudentBody": "co-ed"
        },
        "Divisions": [
            {
                "College": "Digital Art",
                "FieldsOfStudy": [
                    "Graphic Design",
                    "Media Studies"
                ],
                "Details": "N/A"
            },
            {
                "College": "Information Technologies",
                "FieldsOfStudy": [
                    "Information Technology"
                ],
                "Details": "N/A"
            },
            {
                "College": "Management",
                "FieldsOfStudy": [
                    "Management",
                    "Management Systems",
                    "Marketing"
                ],
                "Details": "N/A"
            }
        ],
        "Degrees": {
            "Undergraduate": {
                "CertificateOrDiploma": [],
                "Bachelor'sDegree": "N/A"
            },
            "Postgraduate": {
                "PostBachelor'sDiplomaOrCertificate": [],
                "Master'sDegree": [
                    "Information Technology",
                    "Management",
                    "Marketing",
                    "Media Studies"
                ],
                "Doctor'sDegrees": [],
                "ResearchScholarship": [],
                "EducationSpecialistDegree": []
            }
        }
    },
    {
        "GeneralInformation": {
            "Address": {
                "Street": "Danijelova 32\nVo\u017edovac",
                "City": "Beograd",
                "Province": "N/A",
                "PostCode": "N/A",
                "Website": "http://www.singidunum.ac.rs",
                "college_name": "Singidunum University",
                "university_name": "Univerzitet Singidunum"
            },
            "InstitutionFunding": "Private",
            "History": "Founded 2005.",
            "AcademicYear": "N/A",
            "AdmissionRequirements": [],
            "Languages": [
                "Serbian",
                "English"
            ],
            "StudentBody": "N/A"
        },
        "Divisions": [
            {
                "College": "Applied Ecology",
                "FieldsOfStudy": [
                    "Ecology"
                ],
                "Details": "N/A"
            },
            {
                "College": "Business Administration",
                "FieldsOfStudy": [
                    "Business Administration"
                ],
                "Details": "Valjevo"
            },
            {
                "College": "Economics, Finance and Administration",
                "FieldsOfStudy": [
                    "Administration",
                    "Banking",
                    "Economics",
                    "Finance"
                ],
                "Details": "N/A"
            },
            {
                "College": "Informatics and Computing",
                "FieldsOfStudy": [
                    "Computer Science",
                    "Information Technology"
                ],
                "Details": "N/A"
            },
            {
                "College": "Media and Communications",
                "FieldsOfStudy": [
                    "Communication Studies",
                    "Journalism",
                    "Media Studies",
                    "Psychology"
                ],
                "Details": "N/A"
            },
            {
                "College": "Physical Education and Sport Management",
                "FieldsOfStudy": [
                    "Physical Education",
                    "Sports Management"
                ],
                "Details": "N/A"
            },
            {
                "College": "Technical Science",
                "FieldsOfStudy": [
                    "Computer Engineering",
                    "Electrical Engineering",
                    "Engineering Management"
                ],
                "Details": "N/A"
            },
            {
                "College": "Tourism and Hospitality Management",
                "FieldsOfStudy": [
                    "Hotel and Restaurant",
                    "Hotel Management",
                    "Tourism"
                ],
                "Details": "N/A"
            }
        ],
        "Degrees": {
            "Undergraduate": {
                "CertificateOrDiploma": [],
                "Bachelor'sDegree": "N/A"
            },
            "Postgraduate": {
                "PostBachelor'sDiplomaOrCertificate": [],
                "Master'sDegree": [
                    "Business Administration",
                    "Computer Science",
                    "Economics",
                    "Electrical Engineering",
                    "Engineering",
                    "Hotel and Restaurant",
                    "Information Technology",
                    "Management",
                    "Marketing",
                    "Tourism"
                ],
                "Doctor'sDegrees": [],
                "ResearchScholarship": [],
                "EducationSpecialistDegree": []
            }
        }
    },
    {
        "GeneralInformation": {
            "Address": {
                "Street": "Vuka Karad\u017ei\u0107a bb",
                "City": "Novi Pazar",
                "Province": "N/A",
                "PostCode": "RS-36300",
                "Website": "http://www.np.ac.rs",
                "college_name": "State University of Novi Pazar",
                "university_name": "Drzavni Univerzitet u Novom Pazaru (SUNP)"
            },
            "InstitutionFunding": "Public",
            "History": "Founded 2006.",
            "AcademicYear": "N/A",
            "AdmissionRequirements": [],
            "Languages": [
                "Serbian"
            ],
            "StudentBody": "co-ed"
        },
        "Divisions": [
            {
                "College": "Arts",
                "FieldsOfStudy": [
                    "Design",
                    "Fine Arts",
                    "Graphic Arts",
                    "Graphic Design",
                    "Music"
                ],
                "Details": "N/A"
            },
            {
                "College": "Biomedical Sciences",
                "FieldsOfStudy": [
                    "Biology",
                    "Physical Education",
                    "Rehabilitation and Therapy",
                    "Sports"
                ],
                "Details": "N/A"
            },
            {
                "College": "Chemical-Technological Sciences",
                "FieldsOfStudy": [
                    "Agriculture",
                    "Biotechnology",
                    "Chemistry",
                    "Food Science",
                    "Food Technology"
                ],
                "Details": "N/A"
            },
            {
                "College": "Economics",
                "FieldsOfStudy": [
                    "Economics"
                ],
                "Details": "N/A"
            },
            {
                "College": "Law",
                "FieldsOfStudy": [
                    "Law"
                ],
                "Details": "N/A"
            },
            {
                "College": "Mathematical Science",
                "FieldsOfStudy": [
                    "Mathematical Physics",
                    "Mathematics and Computer Science",
                    "Physics"
                ],
                "Details": "N/A"
            },
            {
                "College": "Multidisciplinary Science",
                "FieldsOfStudy": [
                    "Energy Engineering",
                    "Higher Education",
                    "Management"
                ],
                "Details": "N/A"
            },
            {
                "College": "Philology",
                "FieldsOfStudy": [
                    "English",
                    "Literature",
                    "Serbocroatian"
                ],
                "Details": "N/A"
            },
            {
                "College": "Philosophical Sciences",
                "FieldsOfStudy": [
                    "Psychology"
                ],
                "Details": "N/A"
            },
            {
                "College": "Technical Sciences",
                "FieldsOfStudy": [
                    "Architecture",
                    "Civil Engineering",
                    "Computer Science",
                    "Video"
                ],
                "Details": "N/A"
            }
        ],
        "Degrees": {
            "Undergraduate": {
                "CertificateOrDiploma": [],
                "Bachelor'sDegree": "N/A"
            },
            "Postgraduate": {
                "PostBachelor'sDiplomaOrCertificate": [],
                "Master'sDegree": [
                    "Architecture",
                    "Biology",
                    "Building Technologies",
                    "Chemistry",
                    "Civil Engineering",
                    "Computer Engineering",
                    "Economics",
                    "Educational Administration",
                    "English",
                    "Food Technology",
                    "Higher Education",
                    "Law",
                    "Mathematics",
                    "Mathematics and Computer Science",
                    "Physics",
                    "Rehabilitation and Therapy",
                    "Serbocroatian",
                    "Sports"
                ],
                "Doctor'sDegrees": [],
                "ResearchScholarship": [],
                "EducationSpecialistDegree": []
            }
        }
    },
    {
        "GeneralInformation": {
            "Address": {
                "Street": "Cara Du\u0161ana 62 - 64",
                "City": "Beograd",
                "Province": "N/A",
                "PostCode": "11000",
                "Website": "http://unionnikolatesla.edu.rs",
                "college_name": "Union - Nikola Tesla University",
                "university_name": "Univerzitet Union Nikola Tesla"
            },
            "InstitutionFunding": "Private",
            "History": "Founded 2011.",
            "AcademicYear": "N/A",
            "AdmissionRequirements": [],
            "Languages": [
                "Serbian"
            ],
            "StudentBody": "N/A"
        },
        "Divisions": [
            {
                "College": "Business",
                "FieldsOfStudy": [
                    "Business Administration",
                    "International Business",
                    "Management",
                    "Small Business"
                ],
                "Details": "N/A"
            },
            {
                "College": "Business Studies and Law",
                "FieldsOfStudy": [
                    "Business Administration",
                    "Economics",
                    "Law"
                ],
                "Details": "N/A"
            },
            {
                "College": "Construction Management",
                "FieldsOfStudy": [
                    "Architecture",
                    "Civil Engineering"
                ],
                "Details": "N/A"
            },
            {
                "College": "Diplomacy and Security",
                "FieldsOfStudy": [
                    "Civil Security",
                    "International Relations and Diplomacy",
                    "Military Science"
                ],
                "Details": "N/A"
            },
            {
                "College": "Ecology and Environmental Protection",
                "FieldsOfStudy": [
                    "Ecology",
                    "Environmental Studies"
                ],
                "Details": "N/A"
            },
            {
                "College": "Engineering Management",
                "FieldsOfStudy": [
                    "Dance",
                    "Economics",
                    "Engineering Management",
                    "Information Management",
                    "Management"
                ],
                "Details": "N/A"
            },
            {
                "College": "Management",
                "FieldsOfStudy": [
                    "Management"
                ],
                "Details": "N/A"
            },
            {
                "College": "Real Estate",
                "FieldsOfStudy": [
                    "Real Estate"
                ],
                "Details": "N/A"
            },
            {
                "College": "Sport",
                "FieldsOfStudy": [
                    "Sports",
                    "Sports Management"
                ],
                "Details": "N/A"
            },
            {
                "College": "Strategic and Operational Management",
                "FieldsOfStudy": [
                    "Engineering Management"
                ],
                "Details": "N/A"
            }
        ],
        "Degrees": {
            "Undergraduate": {
                "CertificateOrDiploma": [],
                "Bachelor'sDegree": [
                    "Dance",
                    "Engineering Management",
                    "Management"
                ]
            },
            "Postgraduate": {
                "PostBachelor'sDiplomaOrCertificate": [],
                "Master'sDegree": [
                    "Architecture",
                    "Building Technologies",
                    "Business Administration",
                    "Civil Engineering",
                    "Dance",
                    "Ecology",
                    "Economics",
                    "Environmental Studies",
                    "Information Management",
                    "International Relations and Diplomacy",
                    "Management",
                    "Town Planning"
                ],
                "Doctor'sDegrees": [],
                "ResearchScholarship": [],
                "EducationSpecialistDegree": []
            }
        }
    },
    {
        "GeneralInformation": {
            "Address": {
                "Street": "Kosan\u010di\u0107ev venac 2/5",
                "City": "Beograd",
                "Province": "N/A",
                "PostCode": "11000",
                "Website": "http://www.union.edu.rs",
                "college_name": "Union University",
                "university_name": ""
            },
            "InstitutionFunding": "Private",
            "History": "Founded 2005.",
            "AcademicYear": "N/A",
            "AdmissionRequirements": [],
            "Languages": [
                "Serbian"
            ],
            "StudentBody": "co-ed"
        },
        "Divisions": [
            {
                "College": "Banking, Insurance and Finance",
                "FieldsOfStudy": [
                    "Banking",
                    "Finance",
                    "Insurance"
                ],
                "Details": "Belgrade Banking Academy"
            },
            {
                "College": "Computing",
                "FieldsOfStudy": [
                    "Computer Engineering"
                ],
                "Details": "N/A"
            },
            {
                "College": "Industrial Management",
                "FieldsOfStudy": [
                    "Industrial Management",
                    "Information Management"
                ],
                "Details": "N/A"
            },
            {
                "College": "Law",
                "FieldsOfStudy": [
                    "Law"
                ],
                "Details": "N/A"
            },
            {
                "College": "Legal and Business Studies",
                "FieldsOfStudy": [
                    "Business Administration",
                    "Economics",
                    "Law",
                    "Marketing"
                ],
                "Details": "Dr Lazar Vrtaki\u0107"
            }
        ],
        "Degrees": {
            "Undergraduate": {
                "CertificateOrDiploma": [],
                "Bachelor'sDegree": "N/A"
            },
            "Postgraduate": {
                "PostBachelor'sDiplomaOrCertificate": [],
                "Master'sDegree": [
                    "Industrial Management",
                    "Information Management"
                ],
                "Doctor'sDegrees": [],
                "ResearchScholarship": [],
                "EducationSpecialistDegree": []
            }
        }
    },
    {
        "GeneralInformation": {
            "Address": {
                "Street": "PO Box 389\nKosan\u010di\u0107ev venac 29",
                "City": "Beograd",
                "Province": "N/A",
                "PostCode": "11 000",
                "Website": "http://www.arts.bg.ac.rs",
                "college_name": "University of Arts in Belgrade",
                "university_name": "Univerzitet Umetnosti u Beogradu"
            },
            "InstitutionFunding": "Public",
            "History": "Founded 1957 as Academy of Arts, acquired present status and title 1973.",
            "AcademicYear": "October to September (October-January; February-September)",
            "AdmissionRequirements": [
                "Secondary school certificate (Uverenje o Zavr\u0161enoj Srednjoj \u0160koli) or recognized equivalent, and entrance examination"
            ],
            "Languages": [
                "Serbian"
            ],
            "StudentBody": "co-ed"
        },
        "Divisions": [
            {
                "College": "Applied Arts",
                "FieldsOfStudy": [
                    "Ceramic Art",
                    "Fashion Design",
                    "Handicrafts",
                    "Industrial Design",
                    "Interior Design",
                    "Painting and Drawing",
                    "Photography",
                    "Restoration of Works of Art",
                    "Sculpture",
                    "Textile Design",
                    "Visual Arts"
                ],
                "Details": "N/A"
            },
            {
                "College": "Dramatic Arts",
                "FieldsOfStudy": [
                    "Acting",
                    "Cinema and Television",
                    "Film",
                    "Media Studies",
                    "Photography",
                    "Sound Engineering (Acoustics)",
                    "Theatre"
                ],
                "Details": "N/A"
            },
            {
                "College": "Fine Arts",
                "FieldsOfStudy": [
                    "Graphic Arts",
                    "Painting and Drawing",
                    "Sculpture"
                ],
                "Details": "N/A"
            },
            {
                "College": "Music",
                "FieldsOfStudy": [
                    "Conducting",
                    "Music",
                    "Music Theory and Composition",
                    "Musical Instruments",
                    "Musicology",
                    "Opera",
                    "Singing"
                ],
                "Details": "N/A"
            }
        ],
        "Degrees": {
            "Undergraduate": {
                "CertificateOrDiploma": [],
                "Bachelor'sDegree": "N/A"
            },
            "Postgraduate": {
                "PostBachelor'sDiplomaOrCertificate": [],
                "Master'sDegree": [
                    "Cultural Studies",
                    "Fine Arts",
                    "Media Studies"
                ],
                "Doctor'sDegrees": [],
                "ResearchScholarship": [],
                "EducationSpecialistDegree": []
            }
        }
    },
    {
        "GeneralInformation": {
            "Address": {
                "Street": "Studentski trg broj 1",
                "City": "Beograd",
                "Province": "N/A",
                "PostCode": "11 000",
                "Website": "http://www.bg.ac.rs",
                "college_name": "University of Belgrade",
                "university_name": "Univerzitet u Beogradu"
            },
            "InstitutionFunding": "Public",
            "History": "Founded 1808 as School, became Lyceum 1838, and College with Faculties of Philosophy, Law, and Technology 1863. Acquired present status and title 1905.",
            "AcademicYear": "October to September (October-February; February-September)",
            "AdmissionRequirements": [
                "Secondary school certificate (Uverenje o Zavr\u0161enoj Srednjoj \u0160koli) and entrance examination"
            ],
            "Languages": [
                "Serbian",
                "English"
            ],
            "StudentBody": "co-ed"
        },
        "Divisions": [
            {
                "College": "Agriculture",
                "FieldsOfStudy": [
                    "Agricultural Economics",
                    "Agricultural Engineering",
                    "Agriculture",
                    "Cattle Breeding",
                    "Food Technology",
                    "Plant and Crop Protection",
                    "Soil Management"
                ],
                "Details": "N/A"
            },
            {
                "College": "Architecture",
                "FieldsOfStudy": [
                    "Architecture"
                ],
                "Details": "N/A"
            },
            {
                "College": "Biology",
                "FieldsOfStudy": [
                    "Biology",
                    "Ecology",
                    "Molecular Biology",
                    "Physiology"
                ],
                "Details": "N/A"
            },
            {
                "College": "Chemistry",
                "FieldsOfStudy": [
                    "Chemistry"
                ],
                "Details": "N/A"
            },
            {
                "College": "Civil Engineering",
                "FieldsOfStudy": [
                    "Civil Engineering",
                    "Geophysics",
                    "Surveying and Mapping"
                ],
                "Details": "N/A"
            },
            {
                "College": "Dental Medicine",
                "FieldsOfStudy": [
                    "Dentistry"
                ],
                "Details": "N/A"
            },
            {
                "College": "Economics",
                "FieldsOfStudy": [
                    "Accountancy",
                    "Business and Commerce",
                    "Economics",
                    "International Economics",
                    "Mathematics",
                    "Statistics"
                ],
                "Details": "N/A"
            },
            {
                "College": "Forestry",
                "FieldsOfStudy": [
                    "Forestry",
                    "Horticulture",
                    "Landscape Architecture",
                    "Soil Science",
                    "Wood Technology"
                ],
                "Details": "N/A"
            },
            {
                "College": "Geography",
                "FieldsOfStudy": [
                    "Architecture and Planning",
                    "Demography and Population",
                    "Geography"
                ],
                "Details": "N/A"
            },
            {
                "College": "Law",
                "FieldsOfStudy": [
                    "Civil Law",
                    "Criminal Law",
                    "Economic and Finance Policy",
                    "History of Law",
                    "International Law",
                    "International Relations and Diplomacy",
                    "Law",
                    "Public Law"
                ],
                "Details": "N/A"
            },
            {
                "College": "Mathematics",
                "FieldsOfStudy": [
                    "Computer Science",
                    "Mathematics"
                ],
                "Details": "N/A"
            },
            {
                "College": "Mechanical Engineering",
                "FieldsOfStudy": [
                    "Mechanical Engineering"
                ],
                "Details": "N/A"
            },
            {
                "College": "Mining and Geology",
                "FieldsOfStudy": [
                    "Geology",
                    "Mining Engineering"
                ],
                "Details": "N/A"
            },
            {
                "College": "Organizational Sciences",
                "FieldsOfStudy": [
                    "Business Administration",
                    "Computer Engineering",
                    "Computer Science",
                    "Information Management",
                    "Information Sciences",
                    "Information Technology",
                    "Management",
                    "Software Engineering"
                ],
                "Details": "N/A"
            },
            {
                "College": "Orthodox Theology",
                "FieldsOfStudy": [
                    "Theology"
                ],
                "Details": "N/A"
            },
            {
                "College": "Pharmacy",
                "FieldsOfStudy": [
                    "Biochemistry",
                    "Pharmacy"
                ],
                "Details": "N/A"
            },
            {
                "College": "Philology",
                "FieldsOfStudy": [
                    "Linguistics",
                    "Literature",
                    "Philology"
                ],
                "Details": "N/A"
            },
            {
                "College": "Philosophy",
                "FieldsOfStudy": [
                    "Adult Education",
                    "Anthropology",
                    "Archaeology",
                    "Ethnology",
                    "History",
                    "Pedagogy",
                    "Philology",
                    "Philosophy",
                    "Sociology"
                ],
                "Details": "N/A"
            },
            {
                "College": "Physical Chemistry",
                "FieldsOfStudy": [
                    "Physical Chemistry"
                ],
                "Details": "N/A"
            },
            {
                "College": "Physics",
                "FieldsOfStudy": [
                    "Physics"
                ],
                "Details": "N/A"
            },
            {
                "College": "Political Science",
                "FieldsOfStudy": [
                    "Communication Studies",
                    "International Relations and Diplomacy",
                    "Journalism",
                    "Political Sciences",
                    "Social Welfare",
                    "Social Work"
                ],
                "Details": "N/A"
            },
            {
                "College": "Security Studies",
                "FieldsOfStudy": [
                    "Law",
                    "Welfare and Protective Services"
                ],
                "Details": "N/A"
            },
            {
                "College": "Special Education and Rehabilitation",
                "FieldsOfStudy": [
                    "Rehabilitation and Therapy",
                    "Special Education"
                ],
                "Details": "N/A"
            },
            {
                "College": "Sports and Physical Education",
                "FieldsOfStudy": [
                    "Physical Education",
                    "Sports"
                ],
                "Details": "N/A"
            },
            {
                "College": "Teacher Training",
                "FieldsOfStudy": [
                    "Education",
                    "Teacher Training"
                ],
                "Details": "N/A"
            },
            {
                "College": "Technical",
                "FieldsOfStudy": [
                    "Electronic Engineering",
                    "Information Management",
                    "Mechanical Engineering",
                    "Metallurgical Engineering",
                    "Mining Engineering"
                ],
                "Details": "Bor"
            },
            {
                "College": "Technology and Metallurgy",
                "FieldsOfStudy": [
                    "Biochemistry",
                    "Biotechnology",
                    "Chemical Engineering",
                    "Environmental Management",
                    "Environmental Studies",
                    "Graphic Design",
                    "Inorganic Chemistry",
                    "Materials Engineering",
                    "Metallurgical Engineering",
                    "Organic Chemistry",
                    "Polymer and Plastics Technology",
                    "Textile Technology"
                ],
                "Details": "N/A"
            },
            {
                "College": "Transport and Traffic Engineering",
                "FieldsOfStudy": [
                    "Transport Engineering"
                ],
                "Details": "N/A"
            },
            {
                "College": "Veterinary Medicine",
                "FieldsOfStudy": [
                    "Veterinary Science"
                ],
                "Details": "N/A"
            },
            {
                "College": "Electrical Engineering",
                "FieldsOfStudy": [
                    "Electrical Engineering",
                    "Software Engineering"
                ],
                "Details": "N/A"
            },
            {
                "College": "Medicine",
                "FieldsOfStudy": [
                    "Medicine"
                ],
                "Details": "N/A"
            }
        ],
        "Degrees": {
            "Undergraduate": {
                "CertificateOrDiploma": [],
                "Bachelor'sDegree": "N/A"
            },
            "Postgraduate": {
                "PostBachelor'sDiplomaOrCertificate": [],
                "Master'sDegree": [
                    "Business Administration",
                    "Computer Engineering",
                    "Education",
                    "Electrical Engineering",
                    "Health Administration",
                    "International Studies",
                    "Management",
                    "Nursing",
                    "Philosophy",
                    "Political Sciences",
                    "Public Health",
                    "Religion",
                    "Social Sciences"
                ],
                "Doctor'sDegrees": [],
                "ResearchScholarship": [],
                "EducationSpecialistDegree": []
            }
        }
    },
    {
        "GeneralInformation": {
            "Address": {
                "Street": "Jovana Cviji\u0107a B.B.",
                "City": "Kragujevac",
                "Province": "N/A",
                "PostCode": "34000",
                "Website": "http://www.kg.ac.rs",
                "college_name": "University of Kragujevac",
                "university_name": "Univerzitet u Kragujevcu (UNIKG)"
            },
            "InstitutionFunding": "Public",
            "History": "Founded 1976.",
            "AcademicYear": "October to June (October-January; February-June)",
            "AdmissionRequirements": [
                "Secondary school certificate (Uverenje o Zavr\u0161enoj Srednjoj \u0160koli) or recognized equivalent, and entrance examination"
            ],
            "Languages": [
                "Serbian"
            ],
            "StudentBody": "co-ed"
        },
        "Divisions": [
            {
                "College": "Agronomy",
                "FieldsOfStudy": [
                    "Agricultural Economics",
                    "Agriculture",
                    "Agronomy",
                    "Animal Husbandry",
                    "Environmental Management",
                    "Farm Management",
                    "Fruit Production",
                    "Soil Science",
                    "Vegetable Production"
                ],
                "Details": "\u010ca\u010dak"
            },
            {
                "College": "Economics",
                "FieldsOfStudy": [
                    "Accountancy",
                    "Computer Science",
                    "Economics",
                    "Finance",
                    "Marketing",
                    "Statistics"
                ],
                "Details": "N/A"
            },
            {
                "College": "Education",
                "FieldsOfStudy": [
                    "Education"
                ],
                "Details": "Jagodina"
            },
            {
                "College": "Hotel Management and Tourism",
                "FieldsOfStudy": [
                    "Hotel and Restaurant",
                    "Tourism"
                ],
                "Details": "N/A"
            },
            {
                "College": "Law",
                "FieldsOfStudy": [
                    "Administrative Law",
                    "Civil Law",
                    "Commercial Law",
                    "Criminal Law",
                    "History of Law",
                    "International Law",
                    "Labour Law",
                    "Law",
                    "Social Sciences"
                ],
                "Details": "N/A"
            },
            {
                "College": "Mathematics and Natural Sciences",
                "FieldsOfStudy": [
                    "Biology",
                    "Chemistry",
                    "Mathematics",
                    "Natural Sciences",
                    "Physics"
                ],
                "Details": "N/A"
            },
            {
                "College": "Mechanical and Civil Engineering",
                "FieldsOfStudy": [
                    "Automotive Engineering",
                    "Building Technologies",
                    "Civil Engineering",
                    "Electronics and Automation",
                    "Energy Engineering",
                    "Machine Building",
                    "Mechanical Engineering",
                    "Mechanics",
                    "Production Engineering"
                ],
                "Details": "Kragujevac"
            },
            {
                "College": "Mechanical Engineering",
                "FieldsOfStudy": [
                    "Building Technologies",
                    "Machine Building",
                    "Mechanical Engineering",
                    "Production Engineering"
                ],
                "Details": "Kraljevo"
            },
            {
                "College": "Medicine",
                "FieldsOfStudy": [
                    "Anatomy",
                    "Cardiology",
                    "Embryology and Reproduction Biology",
                    "Endocrinology",
                    "Ergotherapy",
                    "Medicine",
                    "Neurosciences",
                    "Rehabilitation and Therapy",
                    "Rheumatology",
                    "Sports Medicine",
                    "Surgery"
                ],
                "Details": "N/A"
            },
            {
                "College": "Pedagogy",
                "FieldsOfStudy": [
                    "Primary Education"
                ],
                "Details": "Jagodina"
            },
            {
                "College": "Philology and Arts",
                "FieldsOfStudy": [
                    "English",
                    "Fine Arts",
                    "French",
                    "German",
                    "Graphic Arts",
                    "Handicrafts",
                    "Music",
                    "Slavic Languages",
                    "Spanish"
                ],
                "Details": "N/A"
            },
            {
                "College": "Teacher Training",
                "FieldsOfStudy": [
                    "Primary Education"
                ],
                "Details": "U\u017eice"
            },
            {
                "College": "Technology",
                "FieldsOfStudy": [
                    "Electrical Engineering",
                    "Mechanical Engineering",
                    "Technology",
                    "Technology Education"
                ],
                "Details": "\u010ca\u010dak"
            }
        ],
        "Degrees": {
            "Undergraduate": {
                "CertificateOrDiploma": [],
                "Bachelor'sDegree": "N/A"
            },
            "Postgraduate": {
                "PostBachelor'sDiplomaOrCertificate": [],
                "Master'sDegree": [
                    "Agronomy",
                    "Biology",
                    "Business Administration",
                    "Chemistry",
                    "Ecology",
                    "Economics",
                    "Education",
                    "Electronics and Automation",
                    "Engineering Management",
                    "Food Technology",
                    "Industrial Engineering",
                    "Law",
                    "Management",
                    "Mathematics and Computer Science",
                    "Mechanical Engineering",
                    "Physics",
                    "Preschool Education",
                    "Teacher Training"
                ],
                "Doctor'sDegrees": [],
                "ResearchScholarship": [],
                "EducationSpecialistDegree": []
            }
        }
    },
    {
        "GeneralInformation": {
            "Address": {
                "Street": "Univerzitetski trg 2",
                "City": "Ni\u0161",
                "Province": "N/A",
                "PostCode": "18000",
                "Website": "http://www.ni.ac.rs",
                "college_name": "University of Ni\u0161",
                "university_name": "Univerzitet u Ni\u0161u"
            },
            "InstitutionFunding": "Public",
            "History": "Founded 1965, incorporating faculties formerly attached to the University of Belgrade.",
            "AcademicYear": "October to September",
            "AdmissionRequirements": [
                "Secondary school certificate or equivalent and entrance examination"
            ],
            "Languages": [
                "Serbian",
                "English"
            ],
            "StudentBody": "co-ed"
        },
        "Divisions": [
            {
                "College": "Civil Engineering and Architecture",
                "FieldsOfStudy": [
                    "Architectural and Environmental Design",
                    "Architecture",
                    "Civil Engineering",
                    "Hydraulic Engineering",
                    "Structural Architecture"
                ],
                "Details": "N/A"
            },
            {
                "College": "Economics",
                "FieldsOfStudy": [
                    "Accountancy",
                    "Banking",
                    "Business Administration",
                    "Economics",
                    "Finance",
                    "Insurance",
                    "International Business",
                    "Management",
                    "Marketing",
                    "Tourism"
                ],
                "Details": "N/A"
            },
            {
                "College": "Electronic Engineering",
                "FieldsOfStudy": [
                    "Computer Engineering",
                    "Computer Science",
                    "Electrical Engineering",
                    "Electronic Engineering",
                    "Electronics and Automation",
                    "Mathematics",
                    "Microelectronics",
                    "Power Engineering",
                    "Telecommunications Engineering"
                ],
                "Details": "N/A"
            },
            {
                "College": "Fine Arts",
                "FieldsOfStudy": [
                    "Crafts and Trades",
                    "Fine Arts",
                    "Music",
                    "Visual Arts"
                ],
                "Details": "N/A"
            },
            {
                "College": "Law",
                "FieldsOfStudy": [
                    "Comparative Law",
                    "Criminal Law",
                    "History of Law",
                    "International Law",
                    "Labour Law",
                    "Law",
                    "Private Law",
                    "Public Law"
                ],
                "Details": "N/A"
            },
            {
                "College": "Mechanical Engineering",
                "FieldsOfStudy": [
                    "Mechanical Engineering"
                ],
                "Details": "N/A"
            },
            {
                "College": "Medicine",
                "FieldsOfStudy": [
                    "Dental Hygiene",
                    "Dental Technology",
                    "Dentistry",
                    "Environmental Engineering",
                    "Epidemiology",
                    "Medicine",
                    "Nursing",
                    "Pharmacy",
                    "Public Health",
                    "Toxicology"
                ],
                "Details": "N/A"
            },
            {
                "College": "Occupational Safety",
                "FieldsOfStudy": [
                    "Environmental Engineering",
                    "Fire Science",
                    "Safety Engineering"
                ],
                "Details": "N/A"
            },
            {
                "College": "Philosophy",
                "FieldsOfStudy": [
                    "Education",
                    "English",
                    "French",
                    "History",
                    "Journalism",
                    "Literature",
                    "Modern Languages",
                    "Pedagogy",
                    "Philosophy",
                    "Physical Education",
                    "Psychology",
                    "Russian",
                    "Serbocroatian",
                    "Sociology"
                ],
                "Details": "N/A"
            },
            {
                "College": "Science and Mathematics",
                "FieldsOfStudy": [
                    "Biology",
                    "Chemistry",
                    "Computer Science",
                    "Geography",
                    "Mathematics",
                    "Physics"
                ],
                "Details": "N/A"
            },
            {
                "College": "Sports and Physical Education",
                "FieldsOfStudy": [
                    "Arts and Humanities",
                    "Physical Education",
                    "Physical Therapy",
                    "Sports",
                    "Sports Medicine"
                ],
                "Details": "N/A"
            },
            {
                "College": "Teacher Training",
                "FieldsOfStudy": [
                    "Mathematics Education",
                    "Native Language Education",
                    "Natural Sciences",
                    "Physical Education",
                    "Social Studies",
                    "Teacher Training"
                ],
                "Details": "Vranje"
            },
            {
                "College": "Technology",
                "FieldsOfStudy": [
                    "Biotechnology",
                    "Chemical Engineering",
                    "Food Technology",
                    "Polymer and Plastics Technology",
                    "Textile Technology"
                ],
                "Details": "Leskovac"
            }
        ],
        "Degrees": {
            "Undergraduate": {
                "CertificateOrDiploma": [],
                "Bachelor'sDegree": "N/A"
            },
            "Postgraduate": {
                "PostBachelor'sDiplomaOrCertificate": [],
                "Master'sDegree": [
                    "Applied Chemistry",
                    "Applied Mathematics",
                    "Applied Physics",
                    "Architecture",
                    "Biology",
                    "Chemistry",
                    "Civil Engineering",
                    "Computer Engineering",
                    "Computer Science",
                    "Ecology",
                    "Economics",
                    "Electrical Engineering",
                    "English",
                    "Environmental Engineering",
                    "Environmental Studies",
                    "Fire Science",
                    "Food Technology",
                    "Geography",
                    "Graphic Design",
                    "Health Administration",
                    "Information Technology",
                    "Journalism",
                    "Mathematics",
                    "Mechanical Engineering",
                    "Music",
                    "Painting and Drawing",
                    "Pedagogy",
                    "Performing Arts",
                    "Philology",
                    "Philosophy",
                    "Physical Education",
                    "Physics",
                    "Preschool Education",
                    "Psychology",
                    "Sociology",
                    "Structural Architecture",
                    "Teacher Training",
                    "Technology",
                    "Telecommunications Engineering",
                    "Textile Technology",
                    "Tourism",
                    "Welfare and Protective Services"
                ],
                "Doctor'sDegrees": [],
                "ResearchScholarship": [],
                "EducationSpecialistDegree": []
            }
        }
    },
    {
        "GeneralInformation": {
            "Address": {
                "Street": "Trg Dositeja Obradovi\u0107a 5",
                "City": "Novi Sad",
                "Province": "Vojvodina",
                "PostCode": "21 000",
                "Website": "http://www.uns.ac.rs",
                "college_name": "University of Novi Sad",
                "university_name": "Univerzitet u Novom Sadu (UNS)"
            },
            "InstitutionFunding": "Public",
            "History": "Founded 1960 with Faculties of Agriculture and Philosophy (established 1954/55 as faculties of the University of Belgrade).",
            "AcademicYear": "October to June (October-January; February-June)",
            "AdmissionRequirements": [
                "Secondary school certificate, and entrance examination"
            ],
            "Languages": [
                "Slovak",
                "Serbian",
                "Romanian",
                "English"
            ],
            "StudentBody": "N/A"
        },
        "Divisions": [
            {
                "College": "Arts",
                "FieldsOfStudy": [
                    "Fine Arts",
                    "Music",
                    "Theatre"
                ],
                "Details": "N/A"
            },
            {
                "College": "Entrepreneurial Studies",
                "FieldsOfStudy": [
                    "Business Administration"
                ],
                "Details": "UNESCO"
            },
            {
                "College": "Agriculture",
                "FieldsOfStudy": [
                    "Agricultural Economics",
                    "Agricultural Equipment",
                    "Agriculture",
                    "Animal Husbandry",
                    "Fruit Production",
                    "Horticulture",
                    "Plant and Crop Protection",
                    "Veterinary Science",
                    "Viticulture",
                    "Water Management"
                ],
                "Details": "N/A"
            },
            {
                "College": "Civil Engineering",
                "FieldsOfStudy": [
                    "Architecture",
                    "Civil Engineering",
                    "Construction Engineering",
                    "Hydraulic Engineering",
                    "Mechanical Engineering",
                    "Road Engineering",
                    "Urban Studies"
                ],
                "Details": "Subotica"
            },
            {
                "College": "Economics",
                "FieldsOfStudy": [
                    "Accountancy",
                    "Agricultural Economics",
                    "Business and Commerce",
                    "Economics",
                    "Finance",
                    "Information Sciences",
                    "International Business",
                    "Marketing"
                ],
                "Details": "Subotica"
            },
            {
                "College": "Education",
                "FieldsOfStudy": [
                    "Art Education",
                    "Arts and Humanities",
                    "Computer Science",
                    "Education",
                    "Humanities and Social Science Education",
                    "Literature",
                    "Media Studies",
                    "Modern Languages",
                    "Science Education"
                ],
                "Details": "Sombor"
            },
            {
                "College": "Law",
                "FieldsOfStudy": [
                    "Civil Law",
                    "Commercial Law",
                    "Constitutional Law",
                    "Criminal Law",
                    "History of Law",
                    "Law"
                ],
                "Details": "N/A"
            },
            {
                "College": "Medicine",
                "FieldsOfStudy": [
                    "Medicine",
                    "Pharmacy",
                    "Stomatology"
                ],
                "Details": "N/A"
            },
            {
                "College": "Philosophy",
                "FieldsOfStudy": [
                    "Comparative Literature",
                    "English",
                    "French",
                    "French Studies",
                    "German",
                    "History",
                    "Hungarian",
                    "Pedagogy",
                    "Philosophy",
                    "Psychology",
                    "Romanian",
                    "Russian",
                    "Serbocroatian",
                    "Slavic Languages",
                    "Sociology"
                ],
                "Details": "N/A"
            },
            {
                "College": "Science",
                "FieldsOfStudy": [
                    "Biochemistry",
                    "Biology",
                    "Chemistry",
                    "Computer Science",
                    "Ecology",
                    "Environmental Studies",
                    "Geography",
                    "Mathematics",
                    "Natural Sciences",
                    "Physics",
                    "Tourism"
                ],
                "Details": "N/A"
            },
            {
                "College": "Sport and Physical Education",
                "FieldsOfStudy": [
                    "Parks and Recreation",
                    "Physical Education",
                    "Physical Therapy",
                    "Sports"
                ],
                "Details": "N/A"
            },
            {
                "College": "Teacher Training",
                "FieldsOfStudy": [
                    "Teacher Training"
                ],
                "Details": "Subotica"
            },
            {
                "College": "Technical Engineering",
                "FieldsOfStudy": [
                    "Computer Science",
                    "Engineering",
                    "Industrial Engineering",
                    "Mechanical Engineering",
                    "Safety Engineering",
                    "Technology",
                    "Textile Technology"
                ],
                "Details": "'Mihajlo Pupin', Zrenjanin"
            },
            {
                "College": "Technical Sciences",
                "FieldsOfStudy": [
                    "Architecture",
                    "Civil Engineering",
                    "Computer Engineering",
                    "Electrical Engineering",
                    "Environmental Engineering",
                    "Mechanical Engineering",
                    "Technology",
                    "Transport Engineering"
                ],
                "Details": "N/A"
            },
            {
                "College": "Technology",
                "FieldsOfStudy": [
                    "Applied Chemistry",
                    "Biotechnology",
                    "Chemical Engineering",
                    "Petrology",
                    "Pharmacology",
                    "Polymer and Plastics Technology",
                    "Technology"
                ],
                "Details": "N/A"
            },
            {
                "College": "Food Technology",
                "FieldsOfStudy": [
                    "Food Technology"
                ],
                "Details": "N/A"
            },
            {
                "College": "Lowland Forestry and Environment",
                "FieldsOfStudy": [
                    "Environmental Studies",
                    "Forestry"
                ],
                "Details": "N/A"
            }
        ],
        "Degrees": {
            "Undergraduate": {
                "CertificateOrDiploma": [],
                "Bachelor'sDegree": "N/A"
            },
            "Postgraduate": {
                "PostBachelor'sDiplomaOrCertificate": [],
                "Master'sDegree": "N/A",
                "Doctor'sDegrees": [],
                "ResearchScholarship": [],
                "EducationSpecialistDegree": []
            }
        }
    },
    {
        "GeneralInformation": {
            "Address": {
                "Street": "Filipa Vi\u0161nji\u010da bb",
                "City": "Kosovska Mitrovica",
                "Province": "N/A",
                "PostCode": "38220",
                "Website": "https://pr.ac.rs",
                "college_name": "University of Prishtina",
                "university_name": "Univerzitet u Pri\u0161tini (UP)"
            },
            "InstitutionFunding": "Public",
            "History": "Founded 1969.",
            "AcademicYear": "October to June (October-January; February-June)",
            "AdmissionRequirements": [
                "Secondary school certificate or equivalent, and entrance examination"
            ],
            "Languages": [
                "Serbian"
            ],
            "StudentBody": "co-ed"
        },
        "Divisions": [
            {
                "College": "Agriculture",
                "FieldsOfStudy": [
                    "Agricultural Economics",
                    "Agriculture",
                    "Agronomy",
                    "Animal Husbandry",
                    "Crop Production"
                ],
                "Details": "N/A"
            },
            {
                "College": "Arts",
                "FieldsOfStudy": [
                    "Acting",
                    "Design",
                    "Graphic Design",
                    "Music",
                    "Music Education",
                    "Musical Instruments",
                    "Painting and Drawing",
                    "Sculpture",
                    "Visual Arts"
                ],
                "Details": "N/A"
            },
            {
                "College": "Economics",
                "FieldsOfStudy": [
                    "Business and Commerce",
                    "Economics",
                    "International Economics"
                ],
                "Details": "N/A"
            },
            {
                "College": "Law",
                "FieldsOfStudy": [
                    "Law"
                ],
                "Details": "N/A"
            },
            {
                "College": "Medical Sciences",
                "FieldsOfStudy": [
                    "Dentistry",
                    "Medicine",
                    "Nursing"
                ],
                "Details": "N/A"
            },
            {
                "College": "Natural Sciences and Mathematics",
                "FieldsOfStudy": [
                    "Biology",
                    "Chemistry",
                    "Computer Science",
                    "Geography",
                    "Mathematics",
                    "Physics"
                ],
                "Details": "N/A"
            },
            {
                "College": "Philosophy",
                "FieldsOfStudy": [
                    "Art History",
                    "English",
                    "History",
                    "Literature",
                    "Native Language",
                    "Pedagogy",
                    "Philosophy",
                    "Psychology",
                    "Russian",
                    "Sociology"
                ],
                "Details": "N/A"
            },
            {
                "College": "Sprts and Physical Education",
                "FieldsOfStudy": [
                    "Parks and Recreation",
                    "Physical Education",
                    "Sports"
                ],
                "Details": "N/A"
            },
            {
                "College": "Teachers Education",
                "FieldsOfStudy": [
                    "Education",
                    "Preschool Education",
                    "Teacher Training"
                ],
                "Details": "N/A"
            },
            {
                "College": "Technical Sciences",
                "FieldsOfStudy": [
                    "Architecture",
                    "Civil Engineering",
                    "Computer Engineering",
                    "Electrical Engineering",
                    "Environmental Engineering",
                    "Industrial Engineering",
                    "Mechanical Engineering",
                    "Mining Engineering",
                    "Safety Engineering"
                ],
                "Details": "N/A"
            }
        ],
        "Degrees": {
            "Undergraduate": {
                "CertificateOrDiploma": [],
                "Bachelor'sDegree": [
                    "Acting",
                    "Animal Husbandry",
                    "Architecture",
                    "Art History",
                    "Biology",
                    "Chemistry",
                    "Civil Engineering",
                    "Computer Science",
                    "Crop Production",
                    "Economics",
                    "Electrical Engineering",
                    "English",
                    "Environmental Engineering",
                    "Geography",
                    "Graphic Design",
                    "History",
                    "Industrial Engineering",
                    "Law",
                    "Mathematics",
                    "Mechanical Engineering",
                    "Mining Engineering",
                    "Music",
                    "Music Education",
                    "Native Language",
                    "Nursing",
                    "Painting and Drawing",
                    "Pedagogy",
                    "Philosophy",
                    "Physical Education",
                    "Physics",
                    "Preschool Education",
                    "Psychology",
                    "Russian",
                    "Safety Engineering",
                    "Sculpture",
                    "Sociology",
                    "Sports",
                    "Teacher Training",
                    "Visual Arts"
                ]
            },
            "Postgraduate": {
                "PostBachelor'sDiplomaOrCertificate": [],
                "Master'sDegree": [
                    "Animal Husbandry",
                    "Architecture",
                    "Biology",
                    "Chemistry",
                    "Civil Engineering",
                    "Computer Science",
                    "Crop Production",
                    "Dentistry",
                    "Economics",
                    "Electrical Engineering",
                    "English",
                    "Environmental Engineering",
                    "Geography",
                    "Graphic Design",
                    "History",
                    "International Economics",
                    "Law",
                    "Mathematics",
                    "Mechanical Engineering",
                    "Medicine",
                    "Mining Engineering",
                    "Music",
                    "Native Language",
                    "Painting and Drawing",
                    "Parks and Recreation",
                    "Pedagogy",
                    "Physical Education",
                    "Physics",
                    "Preschool Education",
                    "Psychology",
                    "Russian",
                    "Safety Engineering",
                    "Sculpture",
                    "Sociology",
                    "Sports",
                    "Teacher Training"
                ],
                "Doctor'sDegrees": [],
                "ResearchScholarship": [],
                "EducationSpecialistDegree": []
            }
        }
    }
]