[
    {
        "GeneralInformation": {
            "Address": {
                "Street": "Oktoih 1",
                "City": "Podgorica",
                "Province": "N/A",
                "PostCode": "81000",
                "Website": "http://www.udg.edu.me",
                "college_name": "Donja Gorica University",
                "university_name": "Univerzitet Donja Gorica (UDG)"
            },
            "InstitutionFunding": "Private",
            "History": "Created 2010 incorporating Fakultet pravnih nauka (Faculty of Law), Fakultet za humanisti\u010dke studije (Faculty of Humanities), Fakultet za me\u0111unarodnu ekonomiju, finansije i biznis (Faculty of International Economics, Finance and Business) and Fakultet za informacione sisteme i tehnologije (Faculty of Information Systems and Technologies)",
            "AcademicYear": "N/A",
            "AdmissionRequirements": [
                "Secondary school certificate"
            ],
            "Languages": [
                "Bosnian"
            ],
            "StudentBody": "co-ed"
        },
        "Divisions": [
            {
                "College": "Foreign Languages",
                "FieldsOfStudy": [
                    "Albanian",
                    "Arabic",
                    "English",
                    "German",
                    "Italian",
                    "Modern Languages"
                ],
                "Details": "N/A"
            },
            {
                "College": "Arts",
                "FieldsOfStudy": [
                    "Fine Arts"
                ],
                "Details": "N/A"
            },
            {
                "College": "Desing and Multimedia",
                "FieldsOfStudy": [
                    "Fashion Design",
                    "Graphic Design"
                ],
                "Details": "N/A"
            },
            {
                "College": "Food Technology, Food safety and Ecology",
                "FieldsOfStudy": [
                    "Ecology",
                    "Food Science",
                    "Food Technology"
                ],
                "Details": "N/A"
            },
            {
                "College": "Humanistic study",
                "FieldsOfStudy": [
                    "Arts and Humanities",
                    "International Relations and Diplomacy"
                ],
                "Details": "N/A"
            },
            {
                "College": "Information Systems and Technology",
                "FieldsOfStudy": [
                    "Information Management",
                    "Information Sciences",
                    "Information Technology"
                ],
                "Details": "N/A"
            },
            {
                "College": "International Economics, Finance and Business",
                "FieldsOfStudy": [
                    "Business Administration",
                    "Business and Commerce",
                    "Finance",
                    "International Economics"
                ],
                "Details": "N/A"
            },
            {
                "College": "Law",
                "FieldsOfStudy": [
                    "Law"
                ],
                "Details": "N/A"
            },
            {
                "College": "Sports Management",
                "FieldsOfStudy": [
                    "Sports Management"
                ],
                "Details": "N/A"
            }
        ],
        "Degrees": {
            "Undergraduate": {
                "CertificateOrDiploma": [
                    "Economics"
                ],
                "Bachelor'sDegree": [
                    "Engineering",
                    "Fine Arts",
                    "Information Technology",
                    "International Business",
                    "International Relations and Diplomacy",
                    "Law",
                    "Welfare and Protective Services"
                ]
            },
            "Postgraduate": {
                "PostBachelor'sDiplomaOrCertificate": [],
                "Master'sDegree": [
                    "American Studies",
                    "Architecture",
                    "Civil Engineering",
                    "Criminal Law",
                    "Economics",
                    "Engineering",
                    "Environmental Management",
                    "European Union Law",
                    "Gender Studies",
                    "Insurance",
                    "International Relations and Diplomacy",
                    "Law",
                    "Real Estate",
                    "Town Planning",
                    "Urban Studies"
                ],
                "Doctor'sDegrees": [],
                "ResearchScholarship": [],
                "EducationSpecialistDegree": []
            }
        }
    },
    {
        "GeneralInformation": {
            "Address": {
                "Street": "Mar\u0161ala Tita br. 7",
                "City": "Bar",
                "Province": "N/A",
                "PostCode": "85000",
                "Website": "http://www.fpm.me",
                "college_name": "Faculty for Business Management",
                "university_name": "Fakultet za poslovni menad\u017ement"
            },
            "InstitutionFunding": "Private",
            "History": "founded 2005.",
            "AcademicYear": "N/A",
            "AdmissionRequirements": [
                "Secondary school certificate and competitive entrance examination"
            ],
            "Languages": [],
            "StudentBody": "co-ed"
        },
        "Divisions": [
            {
                "College": "Engineering, Technology and Computer Sciences",
                "FieldsOfStudy": [
                    "Business Computing"
                ],
                "Details": "N/A"
            },
            {
                "College": "Management, Marketing and Finance",
                "FieldsOfStudy": [
                    "Business and Commerce",
                    "Finance",
                    "Insurance",
                    "Management",
                    "Marketing",
                    "Taxation"
                ],
                "Details": "N/A"
            },
            {
                "College": "Social, Law and Economics Sciences",
                "FieldsOfStudy": [
                    "Civil Security",
                    "Commercial Law",
                    "Economics",
                    "Industrial and Organizational Psychology"
                ],
                "Details": "N/A"
            }
        ],
        "Degrees": {
            "Undergraduate": {
                "CertificateOrDiploma": [
                    "Business and Commerce",
                    "Civil Security",
                    "Finance",
                    "Insurance",
                    "Management",
                    "Taxation"
                ],
                "Bachelor'sDegree": [
                    "Business and Commerce",
                    "Business Computing",
                    "Civil Security",
                    "Commercial Law",
                    "Finance",
                    "Industrial and Organizational Psychology",
                    "Insurance",
                    "Management",
                    "Taxation"
                ]
            },
            "Postgraduate": {
                "PostBachelor'sDiplomaOrCertificate": [],
                "Master'sDegree": [],
                "Doctor'sDegrees": [],
                "ResearchScholarship": [],
                "EducationSpecialistDegree": []
            }
        }
    },
    {
        "GeneralInformation": {
            "Address": {
                "Street": "Ul. Vaka \u0110urovi\u0107a bb",
                "City": "Podgorica",
                "Province": "N/A",
                "PostCode": "81000",
                "Website": "http://www.fdes.me/",
                "college_name": "Faculty for Public Administration and European Studies",
                "university_name": "Fakultet za dr\u017eavne i evropske studije"
            },
            "InstitutionFunding": "Private",
            "History": "Created 2005. Acquired current status 2006.",
            "AcademicYear": "N/A",
            "AdmissionRequirements": [
                "Secondary school certificate and entrance examination"
            ],
            "Languages": [],
            "StudentBody": "co-ed"
        },
        "Divisions": [
            {
                "College": "Administrative Studies",
                "FieldsOfStudy": [
                    "European Union Law",
                    "Government",
                    "Law",
                    "Political Sciences",
                    "Public Administration",
                    "Social Sciences"
                ],
                "Details": "Postgraduate"
            },
            {
                "College": "European Studies",
                "FieldsOfStudy": [
                    "Economics",
                    "European Studies",
                    "European Union Law",
                    "Finance",
                    "International Relations and Diplomacy"
                ],
                "Details": "Postgraduate"
            },
            {
                "College": "Public Administration and European Studies",
                "FieldsOfStudy": [
                    "Economics",
                    "English",
                    "European Studies",
                    "European Union Law",
                    "Finance",
                    "International Law",
                    "Political Sciences",
                    "Public Administration",
                    "Public Law",
                    "Sociology"
                ],
                "Details": "Undergraduate"
            }
        ],
        "Degrees": {
            "Undergraduate": {
                "CertificateOrDiploma": [
                    "European Studies",
                    "Public Administration"
                ],
                "Bachelor'sDegree": [
                    "European Studies",
                    "Public Administration"
                ]
            },
            "Postgraduate": {
                "PostBachelor'sDiplomaOrCertificate": [],
                "Master'sDegree": [
                    "European Studies",
                    "Public Administration"
                ],
                "Doctor'sDegrees": [],
                "ResearchScholarship": [],
                "EducationSpecialistDegree": []
            }
        }
    },
    {
        "GeneralInformation": {
            "Address": {
                "Street": "Zemunska 143, Meljine",
                "City": "Herceg Novi",
                "Province": "Montenegro",
                "PostCode": "85348",
                "Website": "https://www.fm-hn.com",
                "college_name": "Faculty of Management - Herceg Novi",
                "university_name": "Fakultet za menad\u017ement - Herceg Novi"
            },
            "InstitutionFunding": "Private",
            "History": "Founded 2009.",
            "AcademicYear": "September to June",
            "AdmissionRequirements": [
                "Secondary school certificate"
            ],
            "Languages": [
                "Montenegrin"
            ],
            "StudentBody": "co-ed"
        },
        "Divisions": [
            {
                "College": "Management",
                "FieldsOfStudy": [
                    "Business Administration",
                    "Management"
                ],
                "Details": "N/A"
            }
        ],
        "Degrees": {
            "Undergraduate": {
                "CertificateOrDiploma": [
                    "Business Administration",
                    "Management"
                ],
                "Bachelor'sDegree": [
                    "Management"
                ]
            },
            "Postgraduate": {
                "PostBachelor'sDiplomaOrCertificate": [],
                "Master'sDegree": [
                    "Business Administration",
                    "Management"
                ],
                "Doctor'sDegrees": [],
                "ResearchScholarship": [],
                "EducationSpecialistDegree": []
            }
        }
    },
    {
        "GeneralInformation": {
            "Address": {
                "Street": "Zgrada stare Op\u0161tine Tivat",
                "City": "Tivat",
                "Province": "N/A",
                "PostCode": "83320",
                "Website": "http://www.fms-tivat.me",
                "college_name": "Faculty of Mediterranean Business studies - Tivat",
                "university_name": "Fakultet za Mediteranske poslovne studije (FMS)"
            },
            "InstitutionFunding": "Private",
            "History": "Founded in 2009.",
            "AcademicYear": "N/A",
            "AdmissionRequirements": [
                "Secondary School Certificate"
            ],
            "Languages": [],
            "StudentBody": "co-ed"
        },
        "Divisions": [
            {
                "College": "Business Management in Nautical Tourism",
                "FieldsOfStudy": [
                    "Business Administration",
                    "Insurance",
                    "Management",
                    "Nautical Science",
                    "Taxation",
                    "Tourism"
                ],
                "Details": "N/A"
            }
        ],
        "Degrees": {
            "Undergraduate": {
                "CertificateOrDiploma": [
                    "Tourism"
                ],
                "Bachelor'sDegree": [
                    "Insurance",
                    "Management",
                    "Nautical Science",
                    "Taxation",
                    "Tourism"
                ]
            },
            "Postgraduate": {
                "PostBachelor'sDiplomaOrCertificate": [],
                "Master'sDegree": [],
                "Doctor'sDegrees": [],
                "ResearchScholarship": [],
                "EducationSpecialistDegree": []
            }
        }
    },
    {
        "GeneralInformation": {
            "Address": {
                "Street": "Donje Luge bb",
                "City": "Berane",
                "Province": "N/A",
                "PostCode": "84300",
                "Website": "http://www.fskl.me",
                "college_name": "Faculty of Traffic and Communication Management",
                "university_name": "Fakultet za menad\u017ement u saobra\u0107aju i komunikacijama"
            },
            "InstitutionFunding": "Private",
            "History": "Created 2008.",
            "AcademicYear": "N/A",
            "AdmissionRequirements": [],
            "Languages": [],
            "StudentBody": "co-ed"
        },
        "Divisions": [
            {
                "College": "E-Communications",
                "FieldsOfStudy": [
                    "Telecommunications Engineering"
                ],
                "Details": "N/A"
            },
            {
                "College": "Logistics",
                "FieldsOfStudy": [
                    "Transport Management"
                ],
                "Details": "N/A"
            },
            {
                "College": "Transport",
                "FieldsOfStudy": [
                    "Air Transport",
                    "Postal Services",
                    "Railway Transport",
                    "Road Transport",
                    "Transport Management"
                ],
                "Details": "N/A"
            }
        ],
        "Degrees": {
            "Undergraduate": {
                "CertificateOrDiploma": [
                    "Telecommunications Engineering"
                ],
                "Bachelor'sDegree": [
                    "Telecommunications Engineering",
                    "Transport and Communications",
                    "Transport Management"
                ]
            },
            "Postgraduate": {
                "PostBachelor'sDiplomaOrCertificate": [],
                "Master'sDegree": [
                    "Transport and Communications"
                ],
                "Doctor'sDegrees": [],
                "ResearchScholarship": [],
                "EducationSpecialistDegree": []
            }
        }
    },
    {
        "GeneralInformation": {
            "Address": {
                "Street": "Josipa Broza bb",
                "City": "Podgorica",
                "Province": "N/A",
                "PostCode": "81 000",
                "Website": "https://www.unimediteran.net",
                "college_name": "Mediterranean University",
                "university_name": "Univerzitet Mediteran"
            },
            "InstitutionFunding": "Private",
            "History": "Created 2006. Montenegro's first private university",
            "AcademicYear": "September to June",
            "AdmissionRequirements": [
                "Secondary school certificate"
            ],
            "Languages": [
                "Bosnian"
            ],
            "StudentBody": "co-ed"
        },
        "Divisions": [
            {
                "College": "Economics and business",
                "FieldsOfStudy": [
                    "Banking",
                    "Business and Commerce",
                    "Economics",
                    "Marketing"
                ],
                "Details": "N/A"
            },
            {
                "College": "Foreign Languages",
                "FieldsOfStudy": [
                    "American Studies",
                    "English",
                    "Italian"
                ],
                "Details": "N/A"
            },
            {
                "College": "Information Technologies",
                "FieldsOfStudy": [
                    "Information Technology"
                ],
                "Details": "N/A"
            },
            {
                "College": "Law",
                "FieldsOfStudy": [
                    "Commercial Law",
                    "Law"
                ],
                "Details": "N/A"
            },
            {
                "College": "Montenegro Tourism School",
                "FieldsOfStudy": [
                    "Business Administration",
                    "Finance",
                    "Hotel Management",
                    "Marketing",
                    "Tourism"
                ],
                "Details": "N/A"
            },
            {
                "College": "Visual Arts",
                "FieldsOfStudy": [
                    "Cinema and Television",
                    "Communication Arts",
                    "Visual Arts"
                ],
                "Details": "N/A"
            }
        ],
        "Degrees": {
            "Undergraduate": {
                "CertificateOrDiploma": [
                    "Banking",
                    "Cinema and Television",
                    "Commercial Law",
                    "Criminal Law",
                    "English",
                    "Information Technology",
                    "Italian",
                    "Management",
                    "Marketing",
                    "Tourism",
                    "Visual Arts"
                ],
                "Bachelor'sDegree": [
                    "Banking",
                    "Cinema and Television",
                    "English",
                    "Information Technology",
                    "Italian",
                    "Law",
                    "Marketing",
                    "Tourism",
                    "Visual Arts"
                ]
            },
            "Postgraduate": {
                "PostBachelor'sDiplomaOrCertificate": [],
                "Master'sDegree": [
                    "Banking",
                    "Cinema and Television",
                    "Information Technology",
                    "Law",
                    "Marketing",
                    "Tourism",
                    "Visual Arts"
                ],
                "Doctor'sDegrees": [
                    "Tourism"
                ],
                "ResearchScholarship": [],
                "EducationSpecialistDegree": []
            }
        }
    },
    {
        "GeneralInformation": {
            "Address": {
                "Street": "Cetinjska br. 2",
                "City": "Podgorica",
                "Province": "N/A",
                "PostCode": "81000",
                "Website": "https://www.ucg.ac.me",
                "college_name": "University of Montenegro",
                "university_name": "Univerzitet Crne Gore (UCG)"
            },
            "InstitutionFunding": "Public",
            "History": "Founded 1974 incorporating faculties formerly attached to University of Belgrade. An independent self-governing Institution financed by the State. Acquired present title 1992",
            "AcademicYear": "September to June (September-January; February-June)",
            "AdmissionRequirements": [
                "Secondary school certificate or recognized equivalent"
            ],
            "Languages": [
                "Bosnian"
            ],
            "StudentBody": "co-ed"
        },
        "Divisions": [
            {
                "College": "Music",
                "FieldsOfStudy": [
                    "Conducting",
                    "Music",
                    "Music Theory and Composition",
                    "Musical Instruments"
                ],
                "Details": "N/A"
            },
            {
                "College": "Education of Teachers in Albanian Language",
                "FieldsOfStudy": [
                    "Teacher Training"
                ],
                "Details": "Independent study programme"
            },
            {
                "College": "Geodesy",
                "FieldsOfStudy": [
                    "Earth Sciences",
                    "Geophysics"
                ],
                "Details": "Independent study programme"
            },
            {
                "College": "Architecture",
                "FieldsOfStudy": [
                    "Architecture"
                ],
                "Details": "N/A"
            },
            {
                "College": "Biotechnology",
                "FieldsOfStudy": [
                    "Agriculture",
                    "Agrobiology",
                    "Biotechnology"
                ],
                "Details": "N/A"
            },
            {
                "College": "Civil Engineering",
                "FieldsOfStudy": [
                    "Architecture",
                    "Civil Engineering",
                    "Construction Engineering",
                    "Road Engineering",
                    "Town Planning"
                ],
                "Details": "N/A"
            },
            {
                "College": "Drama",
                "FieldsOfStudy": [
                    "Theatre"
                ],
                "Details": "Cetinje"
            },
            {
                "College": "Economics",
                "FieldsOfStudy": [
                    "Business Administration",
                    "Economics",
                    "Finance",
                    "International Business",
                    "Management",
                    "Marketing"
                ],
                "Details": "N/A"
            },
            {
                "College": "Electrical Engineering",
                "FieldsOfStudy": [
                    "Electrical Engineering"
                ],
                "Details": "N/A"
            },
            {
                "College": "Fine Arts",
                "FieldsOfStudy": [
                    "Fine Arts",
                    "Graphic Design",
                    "Painting and Drawing",
                    "Sculpture"
                ],
                "Details": "Cetinje"
            },
            {
                "College": "Law",
                "FieldsOfStudy": [
                    "Law",
                    "Political Sciences"
                ],
                "Details": "N/A"
            },
            {
                "College": "Marine Studies",
                "FieldsOfStudy": [
                    "Marine Engineering",
                    "Marine Science and Oceanography",
                    "Marine Transport",
                    "Nautical Science"
                ],
                "Details": "Kotor"
            },
            {
                "College": "Mechanical Engineering",
                "FieldsOfStudy": [
                    "Automotive Engineering",
                    "Mechanical Engineering",
                    "Thermal Engineering"
                ],
                "Details": "N/A"
            },
            {
                "College": "Medicine",
                "FieldsOfStudy": [
                    "Medicine"
                ],
                "Details": "N/A"
            },
            {
                "College": "Metallurgy and Technology",
                "FieldsOfStudy": [
                    "Metal Techniques",
                    "Metallurgical Engineering",
                    "Technology"
                ],
                "Details": "N/A"
            },
            {
                "College": "Natural Sciences and Mathematics",
                "FieldsOfStudy": [
                    "Biology",
                    "Mathematics",
                    "Mathematics and Computer Science",
                    "Natural Sciences",
                    "Physics"
                ],
                "Details": "N/A"
            },
            {
                "College": "Pharmacy",
                "FieldsOfStudy": [
                    "Pharmacy"
                ],
                "Details": "N/A"
            },
            {
                "College": "Philosophy",
                "FieldsOfStudy": [
                    "Philosophy"
                ],
                "Details": "Nik\u0161i\u0107"
            },
            {
                "College": "Physiotherapy",
                "FieldsOfStudy": [
                    "Physical Therapy"
                ],
                "Details": "Igalo, Herceg Novi"
            },
            {
                "College": "Political Sciences",
                "FieldsOfStudy": [
                    "European Studies",
                    "International Relations and Diplomacy",
                    "Journalism",
                    "Political Sciences",
                    "Social Policy",
                    "Social Work"
                ],
                "Details": "N/A"
            },
            {
                "College": "Sports and Physical Education",
                "FieldsOfStudy": [
                    "Physical Education",
                    "Sports"
                ],
                "Details": "Niksic"
            },
            {
                "College": "Tourism and Hotel Management",
                "FieldsOfStudy": [
                    "Cooking and Catering",
                    "Hotel and Restaurant",
                    "Hotel Management",
                    "Tourism"
                ],
                "Details": "Kotor"
            },
            {
                "College": "Foreign Languages",
                "FieldsOfStudy": [
                    "Modern Languages"
                ],
                "Details": "N/A"
            },
            {
                "College": "History",
                "FieldsOfStudy": [
                    "History"
                ],
                "Details": "N/A"
            },
            {
                "College": "Marine Biology",
                "FieldsOfStudy": [
                    "Marine Biology",
                    "Marine Science and Oceanography"
                ],
                "Details": "Kotor"
            }
        ],
        "Degrees": {
            "Undergraduate": {
                "CertificateOrDiploma": [
                    "Acting",
                    "Animal Husbandry",
                    "Architecture",
                    "Biology",
                    "Earth Sciences",
                    "Engineering",
                    "Environmental Studies",
                    "European Studies",
                    "Fruit Production",
                    "Geography",
                    "Graphic Design",
                    "History",
                    "Hotel Management",
                    "International Relations and Diplomacy",
                    "Journalism",
                    "Law",
                    "Marine Engineering",
                    "Mathematics and Computer Science",
                    "Modern Languages",
                    "Music",
                    "Pedagogy",
                    "Performing Arts",
                    "Physical Therapy",
                    "Physics",
                    "Plant and Crop Protection",
                    "Political Sciences",
                    "Preschool Education",
                    "Social Policy",
                    "Sociology",
                    "Sports",
                    "Theatre",
                    "Tourism",
                    "Translation and Interpretation",
                    "Visual Arts"
                ],
                "Bachelor'sDegree": [
                    "Acting",
                    "Agriculture",
                    "Animal Husbandry",
                    "Architecture",
                    "Arts and Humanities",
                    "Biology",
                    "Chemical Engineering",
                    "Civil Engineering",
                    "Computer Science",
                    "Economics",
                    "Electrical Engineering",
                    "Electronics and Automation",
                    "English",
                    "Environmental Studies",
                    "European Studies",
                    "French",
                    "Fruit Production",
                    "Geography",
                    "German",
                    "Graphic Design",
                    "History",
                    "Hotel Management",
                    "International Relations and Diplomacy",
                    "Italian",
                    "Journalism",
                    "Law",
                    "Management",
                    "Marine Engineering",
                    "Marine Science and Oceanography",
                    "Marine Transport",
                    "Mathematics and Computer Science",
                    "Mechanical Engineering",
                    "Metallurgical Engineering",
                    "Modern Languages",
                    "Music",
                    "Nautical Science",
                    "Nursing",
                    "Pedagogy",
                    "Performing Arts",
                    "Philosophy",
                    "Physical Therapy",
                    "Physics",
                    "Plant and Crop Protection",
                    "Political Sciences",
                    "Preschool Education",
                    "Russian",
                    "Slavic Languages",
                    "Social Policy",
                    "Social Work",
                    "Sociology",
                    "Sports",
                    "Teacher Training",
                    "Theatre",
                    "Tourism",
                    "Translation and Interpretation",
                    "Visual Arts",
                    "Wood Technology"
                ]
            },
            "Postgraduate": {
                "PostBachelor'sDiplomaOrCertificate": [],
                "Master'sDegree": [
                    "Acting",
                    "Animal Husbandry",
                    "Architecture",
                    "Biology",
                    "Biotechnology",
                    "Economics",
                    "Engineering",
                    "European Studies",
                    "Geography",
                    "Graphic Design",
                    "History",
                    "International Studies",
                    "Journalism",
                    "Law",
                    "Marine Science and Oceanography",
                    "Mathematics and Computer Science",
                    "Medicine",
                    "Modern Languages",
                    "Music",
                    "Pedagogy",
                    "Performing Arts",
                    "Philosophy",
                    "Physical Education",
                    "Physics",
                    "Plant and Crop Protection",
                    "Political Sciences",
                    "Social Policy",
                    "Social Work",
                    "Sociology",
                    "Stomatology",
                    "Teacher Training",
                    "Theatre",
                    "Tourism",
                    "Translation and Interpretation",
                    "Visual Arts"
                ],
                "Doctor'sDegrees": [
                    "Biology",
                    "Chemical Engineering",
                    "Civil Engineering",
                    "Economics",
                    "Electrical Engineering",
                    "Geography",
                    "Law",
                    "Marine Science and Oceanography",
                    "Mathematics and Computer Science",
                    "Mechanical Engineering",
                    "Medicine",
                    "Metallurgical Engineering",
                    "Modern Languages",
                    "Pedagogy",
                    "Physics",
                    "Sociology",
                    "Sports"
                ],
                "ResearchScholarship": [],
                "EducationSpecialistDegree": []
            }
        }
    }
]