[
    {
        "GeneralInformation": {
            "Address": {
                "Street": "Private Mail Bag",
                "City": "Freetown",
                "Province": "N/A",
                "PostCode": "N/A",
                "Website": "http://njala.edu.sl",
                "college_name": "Njala University",
                "university_name": ""
            },
            "InstitutionFunding": "Public",
            "History": "Founded 1964. Became a Constituent College of University of Sierra Leone 1966. Merged with Bo Teacher's College and obtained current status of University 2005 under the Universities Act 2005. Previously known as Njala University College",
            "AcademicYear": "October to June (October-December; January-March; April-June)",
            "AdmissionRequirements": [
                "General Certificate of Education (GCE) with Ordinary ('O') level passes in 5 approved subjects including English Language and Mathematics obtained in not more than two sittings",
                ""
            ],
            "Languages": [
                "English"
            ],
            "StudentBody": "co-ed"
        },
        "Divisions": [
            {
                "College": "Agriculture",
                "FieldsOfStudy": [
                    "Agricultural Business",
                    "Agricultural Economics",
                    "Agricultural Management",
                    "Agriculture",
                    "Agronomy",
                    "Animal Husbandry",
                    "Clothing and Sewing",
                    "Crop Production",
                    "Dietetics",
                    "Food Technology",
                    "Forestry",
                    "Home Economics",
                    "Horticulture",
                    "Nutrition",
                    "Plant and Crop Protection",
                    "Rural Studies",
                    "Soil Science",
                    "Textile Design",
                    "Zoology"
                ],
                "Details": "N/A"
            },
            {
                "College": "Community Health Sciences",
                "FieldsOfStudy": [
                    "Community Health",
                    "Epidemiology",
                    "Food Science",
                    "Health Sciences",
                    "Hygiene",
                    "Laboratory Techniques",
                    "Nursing",
                    "Pharmacy",
                    "Public Health",
                    "Traditional and Complementary Medicine and Therapy",
                    "Water Management"
                ],
                "Details": "Bo Campus"
            },
            {
                "College": "Education",
                "FieldsOfStudy": [
                    "Adult Education",
                    "Agricultural Education",
                    "Applied Linguistics",
                    "Art Education",
                    "Cultural Studies",
                    "Curriculum",
                    "Educational Administration",
                    "Educational and Student Counselling",
                    "Educational Testing and Evaluation",
                    "Health Education",
                    "Linguistics",
                    "Literature",
                    "Modern Languages",
                    "Physical Education",
                    "Preschool Education",
                    "Primary Education",
                    "Science Education",
                    "Secondary Education",
                    "Sports Management",
                    "Teacher Training"
                ],
                "Details": "Bo Campus"
            },
            {
                "College": "Environmental Sciences",
                "FieldsOfStudy": [
                    "Biological and Life Sciences",
                    "Biology",
                    "Chemistry",
                    "Development Studies",
                    "Ecology",
                    "Environmental Management",
                    "Environmental Studies",
                    "Geography",
                    "Surveying and Mapping",
                    "Wildlife"
                ],
                "Details": "N/A"
            },
            {
                "College": "Forestry and Horticulture",
                "FieldsOfStudy": [
                    "Aquaculture",
                    "Fishery",
                    "Forestry",
                    "Horticulture",
                    "Tourism",
                    "Wildlife",
                    "Wood Technology"
                ],
                "Details": "N/A"
            },
            {
                "College": "Medical Sciences",
                "FieldsOfStudy": [
                    "Medicine"
                ],
                "Details": "N/A"
            },
            {
                "College": "Natural Resources Management",
                "FieldsOfStudy": [
                    "Natural Resources"
                ],
                "Details": "N/A"
            },
            {
                "College": "Social Sciences",
                "FieldsOfStudy": [
                    "Accountancy",
                    "Administration",
                    "Agricultural Business",
                    "Agricultural Economics",
                    "Banking",
                    "Business Administration",
                    "Christian Religious Studies",
                    "Development Studies",
                    "Economics",
                    "Finance",
                    "Government",
                    "Human Resources",
                    "Islamic Studies",
                    "Management",
                    "Marketing",
                    "Peace and Disarmament",
                    "Public Administration",
                    "Religious Studies",
                    "Rural Studies",
                    "Secretarial Studies",
                    "Social Sciences",
                    "Social Welfare",
                    "Social Work",
                    "Sociology",
                    "Taxation"
                ],
                "Details": "Bo Campus"
            },
            {
                "College": "Technology",
                "FieldsOfStudy": [
                    "Agricultural Engineering",
                    "Agricultural Equipment",
                    "Business Computing",
                    "Computer Engineering",
                    "Computer Science",
                    "Data Processing",
                    "Electrical and Electronic Engineering",
                    "Energy Engineering",
                    "Farm Management",
                    "Harvest Technology",
                    "Hydraulic Engineering",
                    "Industrial Arts Education",
                    "Industrial Design",
                    "Industrial Engineering",
                    "Mathematics",
                    "Mathematics and Computer Science",
                    "Metallurgical Engineering",
                    "Mining Engineering",
                    "Physical Engineering",
                    "Physics",
                    "Radiophysics",
                    "Soil Management",
                    "Statistics",
                    "Telecommunications Engineering",
                    "Waste Management",
                    "Water Management"
                ],
                "Details": "N/A"
            }
        ],
        "Degrees": {
            "Undergraduate": {
                "CertificateOrDiploma": [],
                "Bachelor'sDegree": "N/A"
            },
            "Postgraduate": {
                "PostBachelor'sDiplomaOrCertificate": [],
                "Master'sDegree": [
                    "Agricultural Economics",
                    "Agronomy",
                    "Business Administration",
                    "Crop Production",
                    "Development Studies",
                    "Economics",
                    "Education",
                    "Finance",
                    "Fishery",
                    "Forestry",
                    "Human Resources",
                    "Marketing",
                    "Peace and Disarmament",
                    "Rural Studies",
                    "Science Education",
                    "Soil Science",
                    "Statistics"
                ],
                "Doctor'sDegrees": "N/A",
                "ResearchScholarship": [],
                "EducationSpecialistDegree": []
            }
        }
    },
    {
        "GeneralInformation": {
            "Address": {
                "Street": "PO Box 2\nThe Fatima College Campus\nAzzolini Highway",
                "City": "Makeni",
                "Province": "Northern Province",
                "PostCode": "N/A",
                "Website": "http://unimak.edu.sl",
                "college_name": "University of Makeni",
                "university_name": "(UNIMAK)"
            },
            "InstitutionFunding": "Private",
            "History": "2005 as The Fatima Institute. Acquired present title and status 2009.",
            "AcademicYear": "N/A",
            "AdmissionRequirements": [],
            "Languages": [
                "English"
            ],
            "StudentBody": "co-ed"
        },
        "Divisions": [
            {
                "College": "Development Studies",
                "FieldsOfStudy": [
                    "Development Studies"
                ],
                "Details": "N/A"
            },
            {
                "College": "Mental Health",
                "FieldsOfStudy": [
                    "Psychiatry and Mental Health"
                ],
                "Details": "N/A"
            },
            {
                "College": "Agriculture and Food Sciences",
                "FieldsOfStudy": [
                    "Agriculture",
                    "Food Science"
                ],
                "Details": "N/A"
            },
            {
                "College": "Commerce and Management",
                "FieldsOfStudy": [
                    "Banking",
                    "Business and Commerce",
                    "Economics",
                    "Finance",
                    "Human Resources",
                    "Management",
                    "Public Administration"
                ],
                "Details": "N/A"
            },
            {
                "College": "Education",
                "FieldsOfStudy": [
                    "Education",
                    "Educational Administration",
                    "Educational and Student Counselling",
                    "Educational Testing and Evaluation",
                    "Linguistics",
                    "Mathematics Education",
                    "Modern Languages",
                    "Special Education",
                    "Statistics"
                ],
                "Details": "N/A"
            },
            {
                "College": "Mass Communication and Information Technology",
                "FieldsOfStudy": [
                    "Information Technology",
                    "Mass Communication"
                ],
                "Details": "N/A"
            },
            {
                "College": "Philosophy and Humanities",
                "FieldsOfStudy": [
                    "Arts and Humanities",
                    "Philosophy",
                    "Theology"
                ],
                "Details": "N/A"
            },
            {
                "College": "Religious Studies",
                "FieldsOfStudy": [
                    "Religious Studies"
                ],
                "Details": "N/A"
            },
            {
                "College": "Social Sciences",
                "FieldsOfStudy": [
                    "Law",
                    "Public Administration",
                    "Public Health",
                    "Social Sciences"
                ],
                "Details": "N/A"
            }
        ],
        "Degrees": {
            "Undergraduate": {
                "CertificateOrDiploma": [],
                "Bachelor'sDegree": "N/A"
            },
            "Postgraduate": {
                "PostBachelor'sDiplomaOrCertificate": [
                    "Education"
                ],
                "Master'sDegree": [
                    "Business Administration",
                    "Environmental Studies"
                ],
                "Doctor'sDegrees": [],
                "ResearchScholarship": [],
                "EducationSpecialistDegree": []
            }
        }
    },
    {
        "GeneralInformation": {
            "Address": {
                "Street": "A. J. Momoh Street\nTower Hill",
                "City": "Freetown",
                "Province": "N/A",
                "PostCode": "N/A",
                "Website": "http://www.usl.edu.sl",
                "college_name": "University of Sierra Leone",
                "university_name": ""
            },
            "InstitutionFunding": "Public",
            "History": "Founded 2005 through regrouping of Fourah Bay College (founded 1827), the Institute of Public Administration and Management (IPAM) (founded 1980) and the College of Medicine and Allied Health Sciences (COMAHS) (founded in 1988).",
            "AcademicYear": "October to June (October-December; January-March; April-June)",
            "AdmissionRequirements": [
                "General Certificate of Education (GCE) with Ordinary ('O') level passes in 5 approved subjects, plus 3 approved ('A') level subjects"
            ],
            "Languages": [
                "English"
            ],
            "StudentBody": "co-ed"
        },
        "Divisions": [
            {
                "College": "Fourah Bay",
                "FieldsOfStudy": [
                    "Adult Education",
                    "Architecture",
                    "Arts and Humanities",
                    "Engineering",
                    "Law",
                    "Library Science",
                    "Mass Communication",
                    "Natural Sciences",
                    "Preschool Education",
                    "Social Sciences",
                    "Social Work"
                ],
                "Details": "FBC"
            },
            {
                "College": "Medicine and Allied Sciences",
                "FieldsOfStudy": [
                    "Health Sciences",
                    "Medical Technology",
                    "Medicine",
                    "Nursing",
                    "Pharmacy"
                ],
                "Details": "COMAHS"
            },
            {
                "College": "Public Administration and Management",
                "FieldsOfStudy": [
                    "Accountancy",
                    "Applied Mathematics",
                    "Business and Commerce",
                    "Child Care and Development",
                    "Cultural Studies",
                    "Demography and Population",
                    "Engineering",
                    "Finance",
                    "Fishery",
                    "Management",
                    "Marine Biology",
                    "Mathematics",
                    "Peace and Disarmament",
                    "Public Administration",
                    "Statistics"
                ],
                "Details": "IPAM"
            }
        ],
        "Degrees": {
            "Undergraduate": {
                "CertificateOrDiploma": [],
                "Bachelor'sDegree": "N/A"
            },
            "Postgraduate": {
                "PostBachelor'sDiplomaOrCertificate": [
                    "Adult Education",
                    "Education",
                    "Preschool Education"
                ],
                "Master'sDegree": [
                    "Accountancy",
                    "Applied Mathematics",
                    "Business Administration",
                    "Finance",
                    "Government",
                    "Management",
                    "Mathematics",
                    "Natural Sciences",
                    "Political Sciences",
                    "Public Administration",
                    "Statistics"
                ],
                "Doctor'sDegrees": [
                    "Applied Mathematics",
                    "Statistics"
                ],
                "ResearchScholarship": [],
                "EducationSpecialistDegree": []
            }
        }
    }
]