[
    {
        "GeneralInformation": {
            "Address": {
                "Street": "2, avenue Albert II",
                "City": "Monaco",
                "Province": "N/A",
                "PostCode": "98000",
                "Website": "http://www.monaco.edu",
                "college_name": "International University of Monaco",
                "university_name": "(IUM)"
            },
            "InstitutionFunding": "Private",
            "History": "Founded 1986 as University of Southern Europe (Monaco Business School). An independent University fully accredited by the Ministry of Education in Monaco, by ACICS in the USA and by AMBA. Acquired present title 2002.",
            "AcademicYear": "September to June; also summer sessions",
            "AdmissionRequirements": [
                "Secondary school certificate for undergraduate programmes",
                "English proficiency required for all students"
            ],
            "Languages": [
                "English"
            ],
            "StudentBody": "co-ed"
        },
        "Divisions": [
            {
                "College": "Business",
                "FieldsOfStudy": [
                    "Business Administration",
                    "Finance",
                    "International Business",
                    "Management",
                    "Marketing",
                    "Sports Management"
                ],
                "Details": "Monaco"
            }
        ],
        "Degrees": {
            "Undergraduate": {
                "CertificateOrDiploma": [],
                "Bachelor'sDegree": [
                    "Business Administration",
                    "Communication Arts"
                ]
            },
            "Postgraduate": {
                "PostBachelor'sDiplomaOrCertificate": [],
                "Master'sDegree": [
                    "Business Administration",
                    "Finance",
                    "International Business",
                    "Marketing",
                    "Sports Management"
                ],
                "Doctor'sDegrees": [
                    "Business Administration"
                ],
                "ResearchScholarship": [],
                "EducationSpecialistDegree": []
            }
        }
    },
    {
        "GeneralInformation": {
            "Address": {
                "Street": "1, Avenue des Pins",
                "City": "Monaco",
                "Province": "N/A",
                "PostCode": "MC 98000",
                "Website": "http://www.pavillonbosio.com",
                "college_name": "School of Plastic Arts of the City of Monaco (Pavillon Bosio)",
                "university_name": "\u00c9cole Sup\u00e9rieure d'Arts Plastiques de la Ville de Monaco (Pavillon Bosio) \u2013 Pavillon Bosio (ESAP)"
            },
            "InstitutionFunding": "Public",
            "History": "Founded 2004.",
            "AcademicYear": "N/A",
            "AdmissionRequirements": [
                "Be aged under 24 on the date of the competitive exam; Baccalaur\u00e9at",
                ""
            ],
            "Languages": [
                "French"
            ],
            "StudentBody": "N/A"
        },
        "Divisions": [
            {
                "College": "Fine Arts and Scenography (Second Cycle)",
                "FieldsOfStudy": [
                    "Display and Stage Design",
                    "Fine Arts"
                ],
                "Details": "Postgraduate"
            },
            {
                "College": "Post-Diploma Research Programme",
                "FieldsOfStudy": [
                    "Display and Stage Design",
                    "Fine Arts"
                ],
                "Details": "N/A"
            }
        ],
        "Degrees": {
            "Undergraduate": {
                "CertificateOrDiploma": [],
                "Bachelor'sDegree": []
            },
            "Postgraduate": {
                "PostBachelor'sDiplomaOrCertificate": [],
                "Master'sDegree": [],
                "Doctor'sDegrees": [],
                "ResearchScholarship": [],
                "EducationSpecialistDegree": []
            }
        }
    }
]