[
    {
        "GeneralInformation": {
            "Address": {
                "Street": "Po Box 13431 Salah Al-Din Area\nDamascus District",
                "City": "Tripoli",
                "Province": "N/A",
                "PostCode": "N/A",
                "Website": "https://www.attahadi.edu.ly",
                "college_name": "Attahadi Medical Al-Ahlia University",
                "university_name": "Attahadi University"
            },
            "InstitutionFunding": "Private",
            "History": "Created 2000 and acquired institutional accreditation in 2016 and programme accreditation in 2019.",
            "AcademicYear": "October to June",
            "AdmissionRequirements": [],
            "Languages": [
                "Arabic"
            ],
            "StudentBody": "N/A"
        },
        "Divisions": [
            {
                "College": "Pharmacy",
                "FieldsOfStudy": [
                    "Pharmacy"
                ],
                "Details": "N/A"
            },
            {
                "College": "Dentistry",
                "FieldsOfStudy": [
                    "Dentistry"
                ],
                "Details": "N/A"
            }
        ],
        "Degrees": {
            "Undergraduate": {
                "CertificateOrDiploma": [],
                "Bachelor'sDegree": [
                    "Dentistry"
                ]
            },
            "Postgraduate": {
                "PostBachelor'sDiplomaOrCertificate": [],
                "Master'sDegree": [],
                "Doctor'sDegrees": [],
                "ResearchScholarship": [],
                "EducationSpecialistDegree": []
            }
        }
    },
    {
        "GeneralInformation": {
            "Address": {
                "Street": "PO Box 79031\nJanzour",
                "City": "Tripoli",
                "Province": "N/A",
                "PostCode": "N/A",
                "Website": "https://academy.edu.ly",
                "college_name": "Academy of Graduate Studies",
                "university_name": "Academiat Addirasat Alulia \u2013 Academy of Postgraduate Studies (AGS)"
            },
            "InstitutionFunding": "Private",
            "History": "Founded 1988 as Institute of Graduate Studies and Economic Sciences. Acquired present status and title 1994.",
            "AcademicYear": "September to February; February to June",
            "AdmissionRequirements": [
                "First university degree with general average 'good'",
                ""
            ],
            "Languages": [
                "Arabic",
                "English"
            ],
            "StudentBody": "co-ed"
        },
        "Divisions": [
            {
                "College": "Administration and Finance",
                "FieldsOfStudy": [
                    "Accountancy",
                    "Administration",
                    "Banking",
                    "Business Administration",
                    "Economics",
                    "Educational Administration",
                    "Finance",
                    "Marketing"
                ],
                "Details": "N/A"
            },
            {
                "College": "Art and Media",
                "FieldsOfStudy": [
                    "Archaeology",
                    "Fine Arts",
                    "Media Studies",
                    "Theatre"
                ],
                "Details": "N/A"
            },
            {
                "College": "Basic Sciences",
                "FieldsOfStudy": [
                    "Biological and Life Sciences",
                    "Chemistry",
                    "Computer Science",
                    "Earth Sciences",
                    "Environmental Studies",
                    "Mathematics",
                    "Physics",
                    "Statistics"
                ],
                "Details": "N/A"
            },
            {
                "College": "Engineering Sciences",
                "FieldsOfStudy": [
                    "Architecture",
                    "Biomedical Engineering",
                    "Chemical Engineering",
                    "Civil Engineering",
                    "Computer Engineering",
                    "Electrical and Electronic Engineering",
                    "Engineering",
                    "Environmental Engineering",
                    "Mechanical Engineering",
                    "Petroleum and Gas Engineering"
                ],
                "Details": "N/A"
            },
            {
                "College": "Humanities",
                "FieldsOfStudy": [
                    "Arabic",
                    "Arts and Humanities",
                    "Criminal Law",
                    "English",
                    "French",
                    "Geography",
                    "History",
                    "International Law",
                    "Italian",
                    "Law",
                    "Modern Languages",
                    "Philosophy",
                    "Political Sciences",
                    "Psychology",
                    "Social Sciences"
                ],
                "Details": "N/A"
            },
            {
                "College": "International and Strategic Studies",
                "FieldsOfStudy": [
                    "Economics",
                    "International Relations and Diplomacy",
                    "Political Sciences"
                ],
                "Details": "N/A"
            },
            {
                "College": "Languages",
                "FieldsOfStudy": [
                    "Arabic",
                    "English",
                    "French",
                    "German",
                    "Spanish",
                    "Swahili",
                    "Translation and Interpretation"
                ],
                "Details": "N/A"
            }
        ],
        "Degrees": {
            "Undergraduate": {
                "CertificateOrDiploma": [],
                "Bachelor'sDegree": []
            },
            "Postgraduate": {
                "PostBachelor'sDiplomaOrCertificate": [],
                "Master'sDegree": "N/A",
                "Doctor'sDegrees": "N/A",
                "ResearchScholarship": [],
                "EducationSpecialistDegree": []
            }
        }
    },
    {
        "GeneralInformation": {
            "Address": {
                "Street": "PO Box 16418",
                "City": "Al-Zawia",
                "Province": "N/A",
                "PostCode": "N/A",
                "Website": "http://zu.edu.ly",
                "college_name": "Al Zawiya University",
                "university_name": "Jamaa't Azzawia"
            },
            "InstitutionFunding": "Public",
            "History": "Founded 1988 as Jamaa't Assaaba Men April (Seventh of April University). Acquired present title and status 2011.",
            "AcademicYear": "September to July",
            "AdmissionRequirements": [],
            "Languages": [
                "Arabic",
                "English"
            ],
            "StudentBody": "co-ed"
        },
        "Divisions": [
            {
                "College": "Arts",
                "FieldsOfStudy": [
                    "Arabic",
                    "Arts and Humanities",
                    "English Studies",
                    "Geography (Human)",
                    "History",
                    "Islamic Studies",
                    "Psychology",
                    "Social Sciences",
                    "Sociology"
                ],
                "Details": "N/A"
            },
            {
                "College": "Economics and Accountancy",
                "FieldsOfStudy": [
                    "Accountancy",
                    "Economics",
                    "Management"
                ],
                "Details": "N/A"
            },
            {
                "College": "Engineering",
                "FieldsOfStudy": [
                    "Architecture and Planning",
                    "Civil Engineering",
                    "Computer Engineering",
                    "Electrical and Electronic Engineering",
                    "Engineering"
                ],
                "Details": "N/A"
            },
            {
                "College": "Law",
                "FieldsOfStudy": [
                    "Islamic Law",
                    "Law",
                    "Public Law"
                ],
                "Details": "N/A"
            },
            {
                "College": "Medical Sciences",
                "FieldsOfStudy": [
                    "Dentistry",
                    "Laboratory Techniques",
                    "Medical Technology",
                    "Medicine",
                    "Physical Therapy",
                    "Social and Preventive Medicine"
                ],
                "Details": "N/A"
            },
            {
                "College": "Natural Resources",
                "FieldsOfStudy": [
                    "Geological Engineering",
                    "Petroleum and Gas Engineering"
                ],
                "Details": "N/A"
            },
            {
                "College": "Pharmacy",
                "FieldsOfStudy": [
                    "Biochemistry",
                    "Microbiology",
                    "Pharmacology",
                    "Pharmacy"
                ],
                "Details": "N/A"
            },
            {
                "College": "Physical Education and Sports",
                "FieldsOfStudy": [
                    "Physical Education",
                    "Sports"
                ],
                "Details": "N/A"
            },
            {
                "College": "Sciences",
                "FieldsOfStudy": [
                    "Botany",
                    "Chemistry",
                    "Computer Science",
                    "Geology",
                    "Mathematics",
                    "Natural Sciences",
                    "Physics",
                    "Science Education",
                    "Statistics",
                    "Zoology"
                ],
                "Details": "N/A"
            }
        ],
        "Degrees": {
            "Undergraduate": {
                "CertificateOrDiploma": [],
                "Bachelor'sDegree": [
                    "Botany",
                    "Chemistry",
                    "Computer Science",
                    "Geology",
                    "Pharmacy",
                    "Physical Education",
                    "Physics",
                    "Statistics",
                    "Zoology"
                ]
            },
            "Postgraduate": {
                "PostBachelor'sDiplomaOrCertificate": [],
                "Master'sDegree": [
                    "Botany",
                    "Chemistry",
                    "Computer Science",
                    "Physical Education",
                    "Physics",
                    "Zoology"
                ],
                "Doctor'sDegrees": "N/A",
                "ResearchScholarship": [],
                "EducationSpecialistDegree": []
            }
        }
    },
    {
        "GeneralInformation": {
            "Address": {
                "Street": "PO Box 18251\nHawari Road",
                "City": "Benghazi",
                "Province": "N/A",
                "PostCode": "N/A",
                "Website": "N/A",
                "college_name": "Al-Arab Medical University",
                "university_name": ""
            },
            "InstitutionFunding": "Public",
            "History": "Founded 1984.",
            "AcademicYear": "September to May",
            "AdmissionRequirements": [
                "Secondary school certificate or equivalent"
            ],
            "Languages": [
                "Arabic",
                "English"
            ],
            "StudentBody": "N/A"
        },
        "Divisions": [
            {
                "College": "Dentistry",
                "FieldsOfStudy": [
                    "Dentistry",
                    "Surgery"
                ],
                "Details": "N/A"
            },
            {
                "College": "Medicine",
                "FieldsOfStudy": [
                    "Medicine",
                    "Obstetrics and Gynaecology",
                    "Ophthalmology",
                    "Paediatrics",
                    "Pharmacology",
                    "Surgery"
                ],
                "Details": "N/A"
            },
            {
                "College": "Pharmacy",
                "FieldsOfStudy": [
                    "Pharmacy"
                ],
                "Details": "N/A"
            },
            {
                "College": "Medical Technology",
                "FieldsOfStudy": "N/A",
                "Details": "N/A"
            }
        ],
        "Degrees": {
            "Undergraduate": {
                "CertificateOrDiploma": [],
                "Bachelor'sDegree": [
                    "Dentistry",
                    "Medicine",
                    "Surgery"
                ]
            },
            "Postgraduate": {
                "PostBachelor'sDiplomaOrCertificate": [],
                "Master'sDegree": [
                    "Anaesthesiology",
                    "Anatomy",
                    "Biochemistry",
                    "Community Health",
                    "Dermatology",
                    "Histology",
                    "Laboratory Techniques",
                    "Paediatrics",
                    "Pathology",
                    "Pharmacology",
                    "Physiology",
                    "Public Health"
                ],
                "Doctor'sDegrees": "N/A",
                "ResearchScholarship": [],
                "EducationSpecialistDegree": []
            }
        }
    },
    {
        "GeneralInformation": {
            "Address": {
                "Street": "PO Box 64101\nZawia",
                "City": "Gharian",
                "Province": "N/A",
                "PostCode": "N/A",
                "Website": "http://jgu.edu.ly",
                "college_name": "Al-Jabal Al Gharbi University",
                "university_name": ""
            },
            "InstitutionFunding": "Public",
            "History": "Founded 1991.",
            "AcademicYear": "September to July",
            "AdmissionRequirements": [],
            "Languages": [
                "Arabic",
                "English"
            ],
            "StudentBody": "N/A"
        },
        "Divisions": [
            {
                "College": "Accountancy",
                "FieldsOfStudy": [
                    "Accountancy",
                    "Economics"
                ],
                "Details": "N/A"
            },
            {
                "College": "Arts and Education",
                "FieldsOfStudy": [
                    "Arts and Humanities",
                    "Education",
                    "Modern Languages"
                ],
                "Details": "N/A"
            },
            {
                "College": "Education",
                "FieldsOfStudy": [
                    "Education"
                ],
                "Details": "N/A"
            },
            {
                "College": "Engineering",
                "FieldsOfStudy": [
                    "Civil Engineering",
                    "Computer Engineering",
                    "Electrical Engineering",
                    "Engineering"
                ],
                "Details": "N/A"
            },
            {
                "College": "Law",
                "FieldsOfStudy": [
                    "Law",
                    "Political Sciences"
                ],
                "Details": "N/A"
            },
            {
                "College": "Science",
                "FieldsOfStudy": [
                    "Biology",
                    "Chemistry",
                    "Mathematics",
                    "Physics"
                ],
                "Details": "N/A"
            }
        ],
        "Degrees": {
            "Undergraduate": {
                "CertificateOrDiploma": [],
                "Bachelor'sDegree": "N/A"
            },
            "Postgraduate": {
                "PostBachelor'sDiplomaOrCertificate": [],
                "Master'sDegree": [],
                "Doctor'sDegrees": [],
                "ResearchScholarship": [],
                "EducationSpecialistDegree": []
            }
        }
    },
    {
        "GeneralInformation": {
            "Address": {
                "Street": "Albiya\u2019 Street",
                "City": "Zliten",
                "Province": "Ashiekh District",
                "PostCode": "N/A",
                "Website": "https://www.asmarya.edu.ly",
                "college_name": "Alasmarya Islamic University",
                "university_name": "Al-J\u0101mi\u2019a Alasmarya Al'islamiha (AIU)"
            },
            "InstitutionFunding": "Public",
            "History": "The university was established as Alasmarya University for Islamic Sciences in 1995 to teach The Holy Qur\u2019an, Sharia and Linguistic Sciences, and History.\nAcquired present name and status Alasmarya Islamic University \u201cAl-J\u0101mi\u2019a Alasmarya Al'islamiha\u201d in 2013 to teach all types of sciences including religious, legitimate, human, social, economics, basic, applied, medical, and health.\n\nIt previously existed in 1506 as Zawiya of Alasmari to teach the Holy Qur\u2019an and Sharia and Linguistic Sciences and went on to become Alasmari Institute between 1935 and 1986.",
            "AcademicYear": "September to July (September-January; March-July)",
            "AdmissionRequirements": [
                "Secondary school certificate (Ashahada Athanawiya); Student should be a Social Science Secondary school graduate (specialization: shari'a or General Secondary); Student must know by heart the Holy Quran"
            ],
            "Languages": [
                "Arabic",
                "English"
            ],
            "StudentBody": "co-ed"
        },
        "Divisions": [
            {
                "College": "Community and Environment Service Center",
                "FieldsOfStudy": [
                    "Environmental Management",
                    "Environmental Studies",
                    "Social Studies"
                ],
                "Details": "Zliten"
            },
            {
                "College": "Enterprise and Innovation Center",
                "FieldsOfStudy": [
                    "Entrepreneurship"
                ],
                "Details": "Zliten"
            },
            {
                "College": "Foreign Languages \u200b\u200bCenter",
                "FieldsOfStudy": [
                    "Arabic",
                    "English",
                    "French"
                ],
                "Details": "N/A"
            },
            {
                "College": "Information and Documentation Center",
                "FieldsOfStudy": [
                    "Data Processing",
                    "Documentation Techniques",
                    "Information Management",
                    "Information Technology",
                    "Network Technology",
                    "Statistics"
                ],
                "Details": "Zliten"
            },
            {
                "College": "Research and Scientific Studies Center",
                "FieldsOfStudy": [
                    "Applied Physics",
                    "Educational Sciences",
                    "Humanities and Social Science Education",
                    "Islamic Studies",
                    "Medical Science",
                    "Political Sciences",
                    "Social Sciences"
                ],
                "Details": "Zliten"
            },
            {
                "College": "Arabic Language and Islamic Studies",
                "FieldsOfStudy": [
                    "Arabic",
                    "History of Societies",
                    "Islamic Studies",
                    "Koran"
                ],
                "Details": "Zliten (https://asmarya.edu.ly/arl)"
            },
            {
                "College": "Arts",
                "FieldsOfStudy": [
                    "Archaeology",
                    "English",
                    "Geography (Human)",
                    "History",
                    "Islamic Studies",
                    "Library Science",
                    "Linguistics",
                    "Media Studies",
                    "Philosophy",
                    "Psychology",
                    "Social and Community Services",
                    "Sociology"
                ],
                "Details": "Zliten (https://asmarya.edu.ly/art)"
            },
            {
                "College": "Da\u2019wah and Fundamentals of Religion",
                "FieldsOfStudy": [
                    "Islamic Studies",
                    "Koran",
                    "Media Studies",
                    "Religion",
                    "Religious Studies"
                ],
                "Details": "Zliten (https://asmarya.edu.ly/dfr)"
            },
            {
                "College": "Economics and Commerce",
                "FieldsOfStudy": [
                    "Accountancy",
                    "Banking",
                    "Business Administration",
                    "Data Processing",
                    "Economics",
                    "Finance",
                    "Marketing",
                    "Political Sciences",
                    "Public Administration"
                ],
                "Details": "Zliten (https://asmarya.edu.ly/economy)"
            },
            {
                "College": "Engineering",
                "FieldsOfStudy": [
                    "Architecture and Planning",
                    "Chemical Engineering",
                    "Civil Engineering",
                    "Electrical Engineering",
                    "Electronic Engineering",
                    "Industrial Engineering",
                    "Mechanical Engineering",
                    "Telecommunications Engineering"
                ],
                "Details": "Zliten (https://asmarya.edu.ly/eng)"
            },
            {
                "College": "Faculty of Economics",
                "FieldsOfStudy": [
                    "Accountancy",
                    "Banking",
                    "Business Administration",
                    "Economics",
                    "Finance"
                ],
                "Details": "Msallata city, https://asmarya.edu.ly/ecomsl/"
            },
            {
                "College": "Faculty of Education",
                "FieldsOfStudy": [
                    "Arabic",
                    "Biology",
                    "Chemistry",
                    "Computer Education",
                    "English",
                    "Mathematics Education",
                    "Pedagogy",
                    "Physical Education",
                    "Preschool Education",
                    "Primary Education"
                ],
                "Details": "Zliten city, https://asmarya.edu.ly/edu/"
            },
            {
                "College": "Health Sciences",
                "FieldsOfStudy": [
                    "Health Administration",
                    "Medical Science",
                    "Nursing",
                    "Nutrition",
                    "Public Health"
                ],
                "Details": "Zliten (https://asmarya.edu.ly/hs)"
            },
            {
                "College": "Human Sciences (Female)",
                "FieldsOfStudy": [
                    "English",
                    "French",
                    "Special Education"
                ],
                "Details": "Zliten (https://asmarya.edu.ly/hum)"
            },
            {
                "College": "Information Technology",
                "FieldsOfStudy": [
                    "Computer Networks",
                    "Computer Science",
                    "Information Sciences",
                    "Information Technology"
                ],
                "Details": "Zliten (https://asmarya.edu.ly/itf)"
            },
            {
                "College": "Islamic Studies",
                "FieldsOfStudy": [
                    "Arabic",
                    "Comparative Religion",
                    "Islamic Law",
                    "Law",
                    "Religion",
                    "Religious Studies"
                ],
                "Details": "Sabha (https://asmarya.edu.ly/sisbhah)"
            },
            {
                "College": "Marine Resources",
                "FieldsOfStudy": [
                    "Geophysics",
                    "Marine Engineering",
                    "Marine Transport"
                ],
                "Details": "Zliten (http://asmarya.edu.ly/marine)"
            },
            {
                "College": "Medicine",
                "FieldsOfStudy": [
                    "Anatomy",
                    "Biomedicine",
                    "Histology",
                    "Internal Medicine",
                    "Medical Parasitology",
                    "Medicine",
                    "Pathology",
                    "Physiology",
                    "Radiology",
                    "Surgery"
                ],
                "Details": "Zliten (https://asmarya.edu.ly/med)"
            },
            {
                "College": "Oral Surgery and Dentistry",
                "FieldsOfStudy": [
                    "Oral Pathology",
                    "Oral Surgery",
                    "Orthodontics",
                    "Prosthetics and Orthotics"
                ],
                "Details": "Zliten (https://asmarya.edu.ly/dental)"
            },
            {
                "College": "Pharmacy",
                "FieldsOfStudy": [
                    "Pharmacology",
                    "Pharmacy",
                    "Toxicology"
                ],
                "Details": "Zliten (https://asmarya.edu.ly/pharmacy)"
            },
            {
                "College": "Science",
                "FieldsOfStudy": [
                    "Applied Physics",
                    "Botany",
                    "Chemistry",
                    "Computer Science",
                    "Environmental Studies",
                    "Geology",
                    "Mathematics",
                    "Microbiology",
                    "Physics",
                    "Statistics",
                    "Zoology"
                ],
                "Details": "Zliten (https://asmarya.edu.ly/sci)"
            },
            {
                "College": "Sharia and Law",
                "FieldsOfStudy": [
                    "Islamic Law",
                    "Islamic Studies",
                    "Law"
                ],
                "Details": "Zliten (https://asmarya.edu.ly/shlaw)"
            },
            {
                "College": "Sharia and Law",
                "FieldsOfStudy": [
                    "Economics",
                    "Islamic Law",
                    "Islamic Studies",
                    "Law"
                ],
                "Details": "Ubari (https://asmarya.edu.ly/lawu)"
            },
            {
                "College": "Sharia and Law",
                "FieldsOfStudy": [
                    "Islamic Law",
                    "Islamic Studies",
                    "Religious Studies"
                ],
                "Details": "Ghat"
            },
            {
                "College": "Sharia Sciences",
                "FieldsOfStudy": [
                    "Arabic",
                    "Islamic Law",
                    "Islamic Studies",
                    "Law",
                    "Religious Studies"
                ],
                "Details": "Msallata (https://asmarya.edu.ly/shm)"
            },
            {
                "College": "Sharia Sciences",
                "FieldsOfStudy": [
                    "Arabic",
                    "Islamic Law",
                    "Islamic Studies",
                    "Religious Studies"
                ],
                "Details": "Misrata (https://asmarya.edu.ly/ssm)"
            },
            {
                "College": "Sharia Sciences",
                "FieldsOfStudy": [
                    "Arabic",
                    "Islamic Law",
                    "Law",
                    "Religious Studies"
                ],
                "Details": "Bint Bayyah"
            }
        ],
        "Degrees": {
            "Undergraduate": {
                "CertificateOrDiploma": [],
                "Bachelor'sDegree": [
                    "Agricultural Engineering",
                    "Arabic",
                    "Archaeology",
                    "Art History",
                    "Banking",
                    "Biology",
                    "Biomedicine",
                    "Botany",
                    "Business Administration",
                    "Business Computing",
                    "Chemical Engineering",
                    "Chemistry",
                    "Civil Engineering",
                    "Comparative Religion",
                    "Computer Education",
                    "Computer Engineering",
                    "Computer Networks",
                    "Computer Science",
                    "Data Processing",
                    "Dentistry",
                    "Economics",
                    "Education",
                    "Educational Psychology",
                    "Electrical Engineering",
                    "Electronic Engineering",
                    "English",
                    "Environmental Studies",
                    "Finance",
                    "French",
                    "Geography",
                    "Geography (Human)",
                    "Geology",
                    "Geophysics",
                    "Health Administration",
                    "History",
                    "Industrial Engineering",
                    "Information Sciences",
                    "Information Technology",
                    "Islamic Law",
                    "Islamic Studies",
                    "Koran",
                    "Law",
                    "Library Science",
                    "Linguistics",
                    "Marine Engineering",
                    "Marine Transport",
                    "Mathematics",
                    "Mathematics Education",
                    "Mechanical Engineering",
                    "Media Studies",
                    "Medicine",
                    "Microbiology",
                    "Nursing",
                    "Nutrition",
                    "Oral Surgery",
                    "Pharmacy",
                    "Philosophy",
                    "Physical Education",
                    "Physics",
                    "Political Sciences",
                    "Power Engineering",
                    "Public Administration",
                    "Public Health",
                    "Religion",
                    "Social and Community Services",
                    "Sociology",
                    "Special Education",
                    "Statistics",
                    "Telecommunications Engineering",
                    "Zoology"
                ]
            },
            "Postgraduate": {
                "PostBachelor'sDiplomaOrCertificate": [],
                "Master'sDegree": [
                    "Accountancy",
                    "Applied Linguistics",
                    "Arabic",
                    "Business Administration",
                    "Chemistry",
                    "Computer Science",
                    "Criminal Law",
                    "Economics",
                    "Educational Psychology",
                    "Finance",
                    "Geography",
                    "History",
                    "Islamic Law",
                    "Islamic Studies",
                    "Law",
                    "Linguistics",
                    "Literature",
                    "Mathematics",
                    "Microbiology",
                    "Physics",
                    "Political Sciences",
                    "Religious Studies"
                ],
                "Doctor'sDegrees": [
                    "Arabic",
                    "Islamic Studies",
                    "Literature",
                    "Religion"
                ],
                "ResearchScholarship": [],
                "EducationSpecialistDegree": []
            }
        }
    },
    {
        "GeneralInformation": {
            "Address": {
                "Street": "Al Jumohreiya Street\nAL Dhahra",
                "City": "Tripoli",
                "Province": "N/A",
                "PostCode": "N/A",
                "Website": "https://www.alrefak.edu.ly",
                "college_name": "Alrefak University",
                "university_name": ""
            },
            "InstitutionFunding": "Private",
            "History": "Created 2003",
            "AcademicYear": "N/A",
            "AdmissionRequirements": [],
            "Languages": [
                "Arabic"
            ],
            "StudentBody": "N/A"
        },
        "Divisions": [
            {
                "College": "Accounting",
                "FieldsOfStudy": [
                    "Accountancy"
                ],
                "Details": "N/A"
            },
            {
                "College": "Architectural Engineering and Urban Planning",
                "FieldsOfStudy": [
                    "Architecture",
                    "Construction Engineering",
                    "Town Planning"
                ],
                "Details": "N/A"
            },
            {
                "College": "Business Administration",
                "FieldsOfStudy": [
                    "Business Administration"
                ],
                "Details": "N/A"
            },
            {
                "College": "Civil Engineering",
                "FieldsOfStudy": [
                    "Civil Engineering"
                ],
                "Details": "N/A"
            },
            {
                "College": "Computer Science",
                "FieldsOfStudy": [
                    "Computer Science"
                ],
                "Details": "N/A"
            },
            {
                "College": "English Language",
                "FieldsOfStudy": [
                    "English"
                ],
                "Details": "N/A"
            },
            {
                "College": "Hospital Management",
                "FieldsOfStudy": [
                    "Health Administration"
                ],
                "Details": "N/A"
            },
            {
                "College": "Law",
                "FieldsOfStudy": [
                    "Law"
                ],
                "Details": "N/A"
            },
            {
                "College": "Petroleum Engineering",
                "FieldsOfStudy": [
                    "Petroleum and Gas Engineering"
                ],
                "Details": "N/A"
            }
        ],
        "Degrees": {
            "Undergraduate": {
                "CertificateOrDiploma": [],
                "Bachelor'sDegree": [
                    "Accountancy",
                    "Architecture",
                    "Business Administration",
                    "Civil Engineering",
                    "Computer Science",
                    "English",
                    "Health Administration",
                    "Law",
                    "Petroleum and Gas Engineering",
                    "Town Planning"
                ]
            },
            "Postgraduate": {
                "PostBachelor'sDiplomaOrCertificate": [],
                "Master'sDegree": [],
                "Doctor'sDegrees": [],
                "ResearchScholarship": [],
                "EducationSpecialistDegree": []
            }
        }
    },
    {
        "GeneralInformation": {
            "Address": {
                "Street": "P.O. Box 841",
                "City": "Misrata",
                "Province": "N/A",
                "PostCode": "N/A",
                "Website": "https://cit.edu.ly",
                "college_name": "College of Industrial Technology-Misrata",
                "university_name": ""
            },
            "InstitutionFunding": "Public",
            "History": "Founded as the Higher Institute of Industry,1989. Acquired present title 2010.",
            "AcademicYear": "September to June",
            "AdmissionRequirements": [
                "Secondary school certificate"
            ],
            "Languages": [
                "Arabic"
            ],
            "StudentBody": "co-ed"
        },
        "Divisions": [
            {
                "College": "Electromechanical Engineering",
                "FieldsOfStudy": [
                    "Electronic Engineering",
                    "Mechanical Engineering",
                    "Power Engineering"
                ],
                "Details": "N/A"
            },
            {
                "College": "Electronic Engineering",
                "FieldsOfStudy": [
                    "Computer Engineering",
                    "Electronic Engineering",
                    "Telecommunications Engineering"
                ],
                "Details": "N/A"
            },
            {
                "College": "Industrial Engineering",
                "FieldsOfStudy": [
                    "Industrial Engineering",
                    "Industrial Management",
                    "Production Engineering",
                    "Safety Engineering"
                ],
                "Details": "N/A"
            }
        ],
        "Degrees": {
            "Undergraduate": {
                "CertificateOrDiploma": [
                    "Electrical Engineering",
                    "Electronic Engineering",
                    "Industrial Engineering",
                    "Mechanical Engineering"
                ],
                "Bachelor'sDegree": [
                    "Engineering"
                ]
            },
            "Postgraduate": {
                "PostBachelor'sDiplomaOrCertificate": [],
                "Master'sDegree": [
                    "Technology"
                ],
                "Doctor'sDegrees": [],
                "ResearchScholarship": [],
                "EducationSpecialistDegree": []
            }
        }
    },
    {
        "GeneralInformation": {
            "Address": {
                "Street": "PO Box 6289",
                "City": "Tripoli",
                "Province": "N/A",
                "PostCode": "N/A",
                "Website": "http://www.cctt.edu.ly",
                "college_name": "Higher Institute of Computer Technology",
                "university_name": "(HICT)"
            },
            "InstitutionFunding": "Public",
            "History": "N/A",
            "AcademicYear": "N/A",
            "AdmissionRequirements": [
                "High school certificate"
            ],
            "Languages": [
                "Arabic",
                "English"
            ],
            "StudentBody": "co-ed"
        },
        "Divisions": [
            {
                "College": "Computer Engineering",
                "FieldsOfStudy": [
                    "Computer Engineering",
                    "Computer Networks"
                ],
                "Details": "N/A"
            },
            {
                "College": "Software Engineering",
                "FieldsOfStudy": [
                    "Software Engineering"
                ],
                "Details": "N/A"
            },
            {
                "College": "Training",
                "FieldsOfStudy": [
                    "Computer Education",
                    "Computer Networks"
                ],
                "Details": "N/A"
            }
        ],
        "Degrees": {
            "Undergraduate": {
                "CertificateOrDiploma": [],
                "Bachelor'sDegree": "N/A"
            },
            "Postgraduate": {
                "PostBachelor'sDiplomaOrCertificate": [],
                "Master'sDegree": [],
                "Doctor'sDegrees": [],
                "ResearchScholarship": [],
                "EducationSpecialistDegree": []
            }
        }
    },
    {
        "GeneralInformation": {
            "Address": {
                "Street": "Kairawan St. , Al-Fwaihat",
                "City": "Benghazi",
                "Province": "N/A",
                "PostCode": "N/A",
                "Website": "http://limu.edu.ly/ar",
                "college_name": "Libyan International Medical University",
                "university_name": "(LIMU)"
            },
            "InstitutionFunding": "Private",
            "History": "N/A",
            "AcademicYear": "N/A",
            "AdmissionRequirements": [],
            "Languages": [],
            "StudentBody": "N/A"
        },
        "Divisions": [
            {
                "College": "Basic Medical Sciences",
                "FieldsOfStudy": [
                    "Biology",
                    "Chemistry",
                    "Medicine",
                    "Microbiology",
                    "Parasitology",
                    "Physiology"
                ],
                "Details": "N/A"
            },
            {
                "College": "Dentistry",
                "FieldsOfStudy": [
                    "Dentistry",
                    "Oral Pathology",
                    "Orthodontics"
                ],
                "Details": "N/A"
            },
            {
                "College": "Health Sciences",
                "FieldsOfStudy": [
                    "Dental Hygiene",
                    "Dental Technology",
                    "Health Sciences",
                    "Medical Technology",
                    "Nursing",
                    "Physical Therapy",
                    "Radiology",
                    "Speech Therapy and Audiology"
                ],
                "Details": "N/A"
            },
            {
                "College": "Information Technology",
                "FieldsOfStudy": [
                    "Information Technology"
                ],
                "Details": "N/A"
            },
            {
                "College": "Medicine",
                "FieldsOfStudy": [
                    "Anaesthesiology",
                    "Forensic Medicine and Dentistry",
                    "Medicine",
                    "Obstetrics and Gynaecology",
                    "Ophthalmology",
                    "Paediatrics",
                    "Public Health",
                    "Radiology",
                    "Surgery"
                ],
                "Details": "N/A"
            },
            {
                "College": "Pharmacy",
                "FieldsOfStudy": [
                    "Pharmacology",
                    "Pharmacy"
                ],
                "Details": "N/A"
            }
        ],
        "Degrees": {
            "Undergraduate": {
                "CertificateOrDiploma": [],
                "Bachelor'sDegree": [
                    "Dentistry",
                    "Health Sciences",
                    "Information Technology",
                    "Medical Technology",
                    "Pharmacy"
                ]
            },
            "Postgraduate": {
                "PostBachelor'sDiplomaOrCertificate": [],
                "Master'sDegree": [],
                "Doctor'sDegrees": [],
                "ResearchScholarship": [],
                "EducationSpecialistDegree": []
            }
        }
    },
    {
        "GeneralInformation": {
            "Address": {
                "Street": "PO Box 2478",
                "City": "Misurata",
                "Province": "N/A",
                "PostCode": "N/A",
                "Website": "http://www.misuratau.edu.ly",
                "college_name": "Misurata University",
                "university_name": "Seventh of October University"
            },
            "InstitutionFunding": "Public",
            "History": "Founded 1984. Previously known as Seventh of October University. Acquired current status 2010 after merger with the University of Elmergib (created 1986 as Nasser University).",
            "AcademicYear": "September to July",
            "AdmissionRequirements": [
                "Specialized secondary school certificate",
                ""
            ],
            "Languages": [
                "Arabic",
                "English"
            ],
            "StudentBody": "co-ed"
        },
        "Divisions": [
            {
                "College": "Agriculture",
                "FieldsOfStudy": [
                    "Agriculture",
                    "Animal Husbandry",
                    "Horticulture",
                    "Plant and Crop Protection",
                    "Soil Management",
                    "Soil Science",
                    "Water Management",
                    "Water Science"
                ],
                "Details": "Ben Walid"
            },
            {
                "College": "Arts",
                "FieldsOfStudy": [
                    "Arabic",
                    "Archaeology",
                    "Arts and Humanities",
                    "Education",
                    "English",
                    "French",
                    "Geography",
                    "History",
                    "Islamic Studies",
                    "Italian",
                    "Library Science",
                    "Mass Communication",
                    "Media Studies",
                    "Philosophy",
                    "Psychology",
                    "Sociology",
                    "Tourism"
                ],
                "Details": "Misurata"
            },
            {
                "College": "Arts and Sciences",
                "FieldsOfStudy": [
                    "Arabic",
                    "Archaeology",
                    "English",
                    "Geography",
                    "History",
                    "Islamic Studies",
                    "Media Studies",
                    "Philosophy",
                    "Psychology",
                    "Sociology"
                ],
                "Details": "Alkhomus"
            },
            {
                "College": "Dentistry",
                "FieldsOfStudy": [
                    "Dentistry",
                    "Oral Pathology",
                    "Orthodontics"
                ],
                "Details": "Zliten"
            },
            {
                "College": "Economics and Political Science",
                "FieldsOfStudy": [
                    "Accountancy",
                    "Administration",
                    "Banking",
                    "Economics",
                    "Management",
                    "Marketing",
                    "Political Sciences"
                ],
                "Details": "Misurata"
            },
            {
                "College": "Education",
                "FieldsOfStudy": [
                    "Arabic",
                    "Art Education",
                    "Biology",
                    "Chemistry",
                    "Computer Education",
                    "Education",
                    "English",
                    "Geography",
                    "History",
                    "Islamic Studies",
                    "Mathematics",
                    "Music Education",
                    "Physical Education",
                    "Physics",
                    "Preschool Education",
                    "Psychology",
                    "Special Education"
                ],
                "Details": "Misurata"
            },
            {
                "College": "Engineering",
                "FieldsOfStudy": [
                    "Architecture",
                    "Civil Engineering",
                    "Electrical Engineering",
                    "Engineering",
                    "Industrial Engineering",
                    "Materials Engineering",
                    "Mechanical Engineering",
                    "Petroleum and Gas Engineering"
                ],
                "Details": "Misurata"
            },
            {
                "College": "Engineering",
                "FieldsOfStudy": [
                    "Architecture",
                    "Civil Engineering",
                    "Electrical Engineering",
                    "Engineering",
                    "Industrial Engineering",
                    "Materials Engineering",
                    "Mechanical Engineering",
                    "Petroleum and Gas Engineering"
                ],
                "Details": "Alkhomus"
            },
            {
                "College": "Information Technology",
                "FieldsOfStudy": [
                    "Communication Studies",
                    "Computer Networks",
                    "Computer Science",
                    "Information Technology",
                    "Software Engineering"
                ],
                "Details": "Misurata"
            },
            {
                "College": "Law",
                "FieldsOfStudy": [
                    "Criminal Law",
                    "Law",
                    "Private Law",
                    "Public Law"
                ],
                "Details": "Ben Walid campus"
            },
            {
                "College": "Medical Technology",
                "FieldsOfStudy": [
                    "Dental Technology",
                    "Laboratory Techniques",
                    "Medical Technology"
                ],
                "Details": "Mslath"
            },
            {
                "College": "Nursing",
                "FieldsOfStudy": [
                    "Anaesthesiology",
                    "Nursing",
                    "Obstetrics and Gynaecology"
                ],
                "Details": "Misurata"
            },
            {
                "College": "Pharmacy",
                "FieldsOfStudy": [
                    "Pharmacy"
                ],
                "Details": "Misurata"
            },
            {
                "College": "Science",
                "FieldsOfStudy": [
                    "Biology",
                    "Botany",
                    "Chemistry",
                    "Computer Science",
                    "Mathematics",
                    "Microbiology",
                    "Physics",
                    "Zoology"
                ],
                "Details": "Ben Walid"
            }
        ],
        "Degrees": {
            "Undergraduate": {
                "CertificateOrDiploma": [],
                "Bachelor'sDegree": [
                    "Dentistry",
                    "Engineering",
                    "Islamic Studies",
                    "Medicine"
                ]
            },
            "Postgraduate": {
                "PostBachelor'sDiplomaOrCertificate": [],
                "Master'sDegree": [
                    "Civil Engineering",
                    "Economics",
                    "Education",
                    "Electrical Engineering",
                    "History",
                    "Information Technology",
                    "Law",
                    "Microbiology",
                    "Surgery"
                ],
                "Doctor'sDegrees": "N/A",
                "ResearchScholarship": [],
                "EducationSpecialistDegree": []
            }
        }
    },
    {
        "GeneralInformation": {
            "Address": {
                "Street": "PO Box 919",
                "City": "El-Beida",
                "Province": "N/A",
                "PostCode": "N/A",
                "Website": "http://www.omu.edu.ly",
                "college_name": "Omar-Al-Mukhtar University",
                "university_name": "(OMU)"
            },
            "InstitutionFunding": "Public",
            "History": "Part of Garyounis University until 1984. Founded 1985.",
            "AcademicYear": "October to July",
            "AdmissionRequirements": [
                "High school certificate with a certain minimum percentage"
            ],
            "Languages": [
                "Arabic",
                "English"
            ],
            "StudentBody": "co-ed"
        },
        "Divisions": [
            {
                "College": "Education",
                "FieldsOfStudy": [
                    "Educational Sciences",
                    "Special Education",
                    "Teacher Training"
                ],
                "Details": "N/A"
            },
            {
                "College": "Agriculture",
                "FieldsOfStudy": [
                    "Agriculture"
                ],
                "Details": "N/A"
            },
            {
                "College": "Arts",
                "FieldsOfStudy": [
                    "Archaeology",
                    "Arts and Humanities",
                    "Education",
                    "Educational Sciences",
                    "English",
                    "French",
                    "Islamic Studies",
                    "Library Science",
                    "Literature",
                    "Philosophy",
                    "Psychology",
                    "Sociology"
                ],
                "Details": "N/A"
            },
            {
                "College": "Arts and Science",
                "FieldsOfStudy": [
                    "Arts and Humanities",
                    "Natural Sciences"
                ],
                "Details": "Tobrak, Al-Quba and Derna"
            },
            {
                "College": "Economics",
                "FieldsOfStudy": [
                    "Accountancy",
                    "Business Administration",
                    "Economics",
                    "Finance",
                    "Political Sciences"
                ],
                "Details": "N/A"
            },
            {
                "College": "Engineering",
                "FieldsOfStudy": [
                    "Engineering"
                ],
                "Details": "N/A"
            },
            {
                "College": "Law",
                "FieldsOfStudy": [
                    "Criminal Law",
                    "International Law",
                    "Islamic Law",
                    "Law",
                    "Private Law",
                    "Public Law"
                ],
                "Details": "N/A"
            },
            {
                "College": "Medical Technology",
                "FieldsOfStudy": [
                    "Medical Technology"
                ],
                "Details": "N/A"
            },
            {
                "College": "Medicine",
                "FieldsOfStudy": [
                    "Medicine"
                ],
                "Details": "N/A"
            },
            {
                "College": "Natural Resources and Environmental Science",
                "FieldsOfStudy": [
                    "Environmental Studies",
                    "Forestry",
                    "Marine Science and Oceanography",
                    "Natural Resources",
                    "Wildlife"
                ],
                "Details": "N/A"
            },
            {
                "College": "Nursing",
                "FieldsOfStudy": [
                    "Nursing"
                ],
                "Details": "N/A"
            },
            {
                "College": "Pharmacy",
                "FieldsOfStudy": [
                    "Pharmacy"
                ],
                "Details": "N/A"
            },
            {
                "College": "Science",
                "FieldsOfStudy": [
                    "Chemistry",
                    "Geology",
                    "Mathematics",
                    "Microbiology",
                    "Natural Sciences",
                    "Physics",
                    "Zoology"
                ],
                "Details": "N/A"
            },
            {
                "College": "Teacher Training",
                "FieldsOfStudy": [
                    "Teacher Training"
                ],
                "Details": "Also in Derna, Tobrak and Al-Quba"
            },
            {
                "College": "Veterinary Medicine",
                "FieldsOfStudy": [
                    "Veterinary Science"
                ],
                "Details": "N/A"
            }
        ],
        "Degrees": {
            "Undergraduate": {
                "CertificateOrDiploma": [],
                "Bachelor'sDegree": [
                    "Law",
                    "Pharmacy"
                ]
            },
            "Postgraduate": {
                "PostBachelor'sDiplomaOrCertificate": [],
                "Master'sDegree": "N/A",
                "Doctor'sDegrees": [],
                "ResearchScholarship": [],
                "EducationSpecialistDegree": []
            }
        }
    },
    {
        "GeneralInformation": {
            "Address": {
                "Street": "PO Box 18758",
                "City": "Sebha",
                "Province": "N/A",
                "PostCode": "N/A",
                "Website": "http://www.sebhau.edu.ly",
                "college_name": "Sebha University",
                "university_name": ""
            },
            "InstitutionFunding": "Public",
            "History": "Founded 1983, incorporating the Faculty of Education of the University of Al-Fateh",
            "AcademicYear": "October to August",
            "AdmissionRequirements": [
                "Secondary school certificate"
            ],
            "Languages": [
                "Arabic",
                "English"
            ],
            "StudentBody": "N/A"
        },
        "Divisions": [
            {
                "College": "Dentistry",
                "FieldsOfStudy": [
                    "Dentistry"
                ],
                "Details": "N/A"
            },
            {
                "College": "Energy and Mining",
                "FieldsOfStudy": "N/A",
                "Details": "N/A"
            },
            {
                "College": "Medicine",
                "FieldsOfStudy": [
                    "Medicine"
                ],
                "Details": "N/A"
            },
            {
                "College": "Nursing",
                "FieldsOfStudy": [
                    "Nursing",
                    "Public Health"
                ],
                "Details": "N/A"
            },
            {
                "College": "Science",
                "FieldsOfStudy": [
                    "Mathematics and Computer Science",
                    "Natural Sciences"
                ],
                "Details": "N/A"
            },
            {
                "College": "Agriculture",
                "FieldsOfStudy": [
                    "Agriculture"
                ],
                "Details": "N/A"
            },
            {
                "College": "Arts",
                "FieldsOfStudy": [
                    "Arts and Humanities",
                    "English",
                    "Linguistics"
                ],
                "Details": "N/A"
            },
            {
                "College": "Arts and Science",
                "FieldsOfStudy": [
                    "Arts and Humanities",
                    "Mathematics and Computer Science",
                    "Natural Sciences"
                ],
                "Details": "N/A"
            },
            {
                "College": "Economics and Accountancy",
                "FieldsOfStudy": [
                    "Accountancy",
                    "Economics"
                ],
                "Details": "Merzig"
            },
            {
                "College": "Engineering",
                "FieldsOfStudy": [
                    "Brak"
                ],
                "Details": "N/A"
            },
            {
                "College": "Information and Technology",
                "FieldsOfStudy": [
                    "Information Technology"
                ],
                "Details": "N/A"
            },
            {
                "College": "Law",
                "FieldsOfStudy": "N/A",
                "Details": "N/A"
            },
            {
                "College": "Physical Education",
                "FieldsOfStudy": [
                    "Physical Education"
                ],
                "Details": "N/A"
            }
        ],
        "Degrees": {
            "Undergraduate": {
                "CertificateOrDiploma": [],
                "Bachelor'sDegree": "N/A"
            },
            "Postgraduate": {
                "PostBachelor'sDiplomaOrCertificate": [],
                "Master'sDegree": "N/A",
                "Doctor'sDegrees": [],
                "ResearchScholarship": [],
                "EducationSpecialistDegree": []
            }
        }
    },
    {
        "GeneralInformation": {
            "Address": {
                "Street": "PO Box 13375",
                "City": "Tripoli",
                "Province": "N/A",
                "PostCode": "N/A",
                "Website": "http://www.libopenuniv-edu.org",
                "college_name": "The Open University",
                "university_name": ""
            },
            "InstitutionFunding": "Public",
            "History": "Founded 1987",
            "AcademicYear": "September to July",
            "AdmissionRequirements": [
                "Secondary school certificate"
            ],
            "Languages": [
                "Arabic"
            ],
            "StudentBody": "N/A"
        },
        "Divisions": [
            {
                "College": "Accountancy",
                "FieldsOfStudy": [
                    "Accountancy"
                ],
                "Details": "N/A"
            },
            {
                "College": "Administration",
                "FieldsOfStudy": [
                    "Administration"
                ],
                "Details": "N/A"
            },
            {
                "College": "Arabic",
                "FieldsOfStudy": [
                    "Arabic"
                ],
                "Details": "N/A"
            },
            {
                "College": "Economics",
                "FieldsOfStudy": [
                    "Economics"
                ],
                "Details": "N/A"
            },
            {
                "College": "Education and Psychology",
                "FieldsOfStudy": [
                    "Education",
                    "Psychology"
                ],
                "Details": "N/A"
            },
            {
                "College": "Geography",
                "FieldsOfStudy": [
                    "Geography"
                ],
                "Details": "N/A"
            },
            {
                "College": "History",
                "FieldsOfStudy": [
                    "History"
                ],
                "Details": "N/A"
            },
            {
                "College": "Islamic Studies",
                "FieldsOfStudy": [
                    "Islamic Studies"
                ],
                "Details": "N/A"
            },
            {
                "College": "Law",
                "FieldsOfStudy": [
                    "Law"
                ],
                "Details": "N/A"
            },
            {
                "College": "Political Science",
                "FieldsOfStudy": [
                    "Political Sciences"
                ],
                "Details": "N/A"
            },
            {
                "College": "Sociology and Social Work",
                "FieldsOfStudy": [
                    "Social Work",
                    "Sociology"
                ],
                "Details": "N/A"
            }
        ],
        "Degrees": {
            "Undergraduate": {
                "CertificateOrDiploma": [],
                "Bachelor'sDegree": [
                    "Accountancy",
                    "Administration",
                    "Arabic",
                    "Economics",
                    "Education",
                    "History",
                    "Islamic Studies",
                    "Law",
                    "Political Sciences",
                    "Social Work",
                    "Sociology"
                ]
            },
            "Postgraduate": {
                "PostBachelor'sDiplomaOrCertificate": [],
                "Master'sDegree": [],
                "Doctor'sDegrees": [],
                "ResearchScholarship": [],
                "EducationSpecialistDegree": []
            }
        }
    },
    {
        "GeneralInformation": {
            "Address": {
                "Street": "PO Box 1308",
                "City": "Benghazi",
                "Province": "N/A",
                "PostCode": "N/A",
                "Website": "http://uob.edu.ly",
                "college_name": "University of Benghazi",
                "university_name": ""
            },
            "InstitutionFunding": "Public",
            "History": "Founded 1955 as University of Libya, reorganized as two separate Universities in Benghazi and Tripoli, 1974. Became Garyounis University, 1976. Acquired present title 2011.",
            "AcademicYear": "October to June (October-January; February-June)",
            "AdmissionRequirements": [
                "Secondary school certificate or equivalent"
            ],
            "Languages": [
                "Arabic",
                "English"
            ],
            "StudentBody": "N/A"
        },
        "Divisions": [
            {
                "College": "Agriculture",
                "FieldsOfStudy": [
                    "Agricultural Economics",
                    "Aquaculture",
                    "Crop Production",
                    "Food Science",
                    "Horticulture",
                    "Soil Science"
                ],
                "Details": "N/A"
            },
            {
                "College": "Arts",
                "FieldsOfStudy": [
                    "Arabic",
                    "Archaeology",
                    "Educational Administration",
                    "Educational Sciences",
                    "English",
                    "French",
                    "Geography",
                    "History",
                    "Information Sciences",
                    "Islamic Studies",
                    "Italian",
                    "Library Science",
                    "Mass Communication",
                    "Media Studies",
                    "Philosophy",
                    "Physical Education",
                    "Religion",
                    "Sociology"
                ],
                "Details": "N/A"
            },
            {
                "College": "Dentistry",
                "FieldsOfStudy": [
                    "Dentistry",
                    "Oral Pathology",
                    "Orthodontics",
                    "Periodontics",
                    "Radiology"
                ],
                "Details": "N/A"
            },
            {
                "College": "Economics",
                "FieldsOfStudy": [
                    "Accountancy",
                    "Banking",
                    "Business Administration",
                    "Economics",
                    "Finance",
                    "Political Sciences",
                    "Public Administration"
                ],
                "Details": "N/A"
            },
            {
                "College": "Education",
                "FieldsOfStudy": [
                    "Arabic",
                    "Art Education",
                    "Biology",
                    "Chemistry",
                    "Computer Science",
                    "English",
                    "Mathematics",
                    "Mathematics Education",
                    "Physical Education",
                    "Physics",
                    "Preschool Education",
                    "Teacher Training"
                ],
                "Details": "Benghazi"
            },
            {
                "College": "Engineering",
                "FieldsOfStudy": [
                    "Architecture",
                    "Chemical Engineering",
                    "Civil Engineering",
                    "Electrical and Electronic Engineering",
                    "Engineering",
                    "Industrial Engineering",
                    "Mechanical Engineering",
                    "Petroleum and Gas Engineering",
                    "Structural Architecture",
                    "Town Planning"
                ],
                "Details": "N/A"
            },
            {
                "College": "Information Technology",
                "FieldsOfStudy": [
                    "Computer Engineering",
                    "Computer Networks",
                    "Computer Science",
                    "Information Technology",
                    "Software Engineering",
                    "Telecommunications Engineering"
                ],
                "Details": "N/A"
            },
            {
                "College": "Law",
                "FieldsOfStudy": [
                    "Commercial Law",
                    "Criminal Law",
                    "International Law",
                    "Islamic Law",
                    "Law",
                    "Private Law"
                ],
                "Details": "N/A"
            },
            {
                "College": "Media",
                "FieldsOfStudy": [
                    "Journalism",
                    "Media Studies",
                    "Public Relations",
                    "Radio and Television Broadcasting"
                ],
                "Details": "N/A"
            },
            {
                "College": "Medicine",
                "FieldsOfStudy": [
                    "Anaesthesiology",
                    "Anatomy",
                    "Biochemistry",
                    "Dermatology",
                    "Forensic Medicine and Dentistry",
                    "Histology",
                    "Laboratory Techniques",
                    "Medicine",
                    "Microbiology",
                    "Obstetrics and Gynaecology",
                    "Ophthalmology",
                    "Paediatrics",
                    "Parasitology",
                    "Pathology",
                    "Pharmacology",
                    "Physiology",
                    "Psychiatry and Mental Health",
                    "Radiology",
                    "Surgery"
                ],
                "Details": "N/A"
            },
            {
                "College": "Nursing",
                "FieldsOfStudy": [
                    "Nursing"
                ],
                "Details": "N/A"
            },
            {
                "College": "Pharmacy",
                "FieldsOfStudy": [
                    "Pharmacology",
                    "Pharmacy",
                    "Toxicology"
                ],
                "Details": "N/A"
            },
            {
                "College": "Public Health",
                "FieldsOfStudy": [
                    "Environmental Engineering",
                    "Epidemiology",
                    "Health Administration",
                    "Health Education",
                    "Nutrition",
                    "Occupational Health",
                    "Tropical Medicine"
                ],
                "Details": "N/A"
            },
            {
                "College": "Science",
                "FieldsOfStudy": [
                    "Botany",
                    "Chemistry",
                    "Earth Sciences",
                    "Geology",
                    "Mathematics",
                    "Physics",
                    "Statistics",
                    "Zoology"
                ],
                "Details": "N/A"
            }
        ],
        "Degrees": {
            "Undergraduate": {
                "CertificateOrDiploma": [],
                "Bachelor'sDegree": "N/A"
            },
            "Postgraduate": {
                "PostBachelor'sDiplomaOrCertificate": [],
                "Master'sDegree": "N/A",
                "Doctor'sDegrees": "N/A",
                "ResearchScholarship": [],
                "EducationSpecialistDegree": []
            }
        }
    },
    {
        "GeneralInformation": {
            "Address": {
                "Street": "PO Box 674",
                "City": "Sirte",
                "Province": "N/A",
                "PostCode": "N/A",
                "Website": "http://su.edu.ly",
                "college_name": "University of Sirte",
                "university_name": ""
            },
            "InstitutionFunding": "Public",
            "History": "Founded 1989 as University of Qar Younes. Became Al-Tahadi University 1992",
            "AcademicYear": "N/A",
            "AdmissionRequirements": [],
            "Languages": [
                "Arabic"
            ],
            "StudentBody": "co-ed"
        },
        "Divisions": [
            {
                "College": "Agriculture",
                "FieldsOfStudy": [
                    "Agriculture",
                    "Animal Husbandry",
                    "Plant and Crop Protection",
                    "Soil Science",
                    "Water Science"
                ],
                "Details": "N/A"
            },
            {
                "College": "Arts and Sciences",
                "FieldsOfStudy": [
                    "Arabic",
                    "Arts and Humanities",
                    "Chemistry",
                    "Computer Science",
                    "English",
                    "Geography",
                    "History",
                    "Mathematics",
                    "Natural Sciences",
                    "Physics",
                    "Psychology"
                ],
                "Details": "Jufrah"
            },
            {
                "College": "Business Administration",
                "FieldsOfStudy": [
                    "Accountancy",
                    "Business Administration"
                ],
                "Details": "Jufrah"
            },
            {
                "College": "Engineering",
                "FieldsOfStudy": [
                    "Chemical Engineering",
                    "Civil Engineering",
                    "Electrical Engineering",
                    "Engineering",
                    "Mechanical Engineering",
                    "Petroleum and Gas Engineering"
                ],
                "Details": "N/A"
            },
            {
                "College": "Law",
                "FieldsOfStudy": [
                    "Law",
                    "Public Law"
                ],
                "Details": "N/A"
            },
            {
                "College": "Medical Technology",
                "FieldsOfStudy": [
                    "Laboratory Techniques",
                    "Medical Technology",
                    "Physical Therapy"
                ],
                "Details": "Jufrah"
            },
            {
                "College": "Medicine, Oral and Dental Surgery",
                "FieldsOfStudy": [
                    "Dentistry",
                    "Medicine",
                    "Oral Pathology",
                    "Stomatology"
                ],
                "Details": "N/A"
            },
            {
                "College": "Nursing",
                "FieldsOfStudy": [
                    "Nursing"
                ],
                "Details": "N/A"
            },
            {
                "College": "Arts and Education",
                "FieldsOfStudy": [
                    "Arabic",
                    "Arts and Humanities",
                    "English",
                    "French",
                    "Geography",
                    "History",
                    "Islamic Studies",
                    "Media Studies",
                    "Translation and Interpretation"
                ],
                "Details": "N/A"
            },
            {
                "College": "Economics",
                "FieldsOfStudy": [
                    "Accountancy",
                    "Banking",
                    "Business Administration",
                    "Economics",
                    "Finance",
                    "Insurance",
                    "Statistics"
                ],
                "Details": "N/A"
            },
            {
                "College": "Education",
                "FieldsOfStudy": [
                    "Arabic",
                    "Computer Education",
                    "Education",
                    "Educational Psychology",
                    "English",
                    "Koran",
                    "Mathematics",
                    "Physics"
                ],
                "Details": "Sirte"
            },
            {
                "College": "Medicine",
                "FieldsOfStudy": [
                    "Medicine",
                    "Surgery"
                ],
                "Details": "N/A"
            },
            {
                "College": "Science",
                "FieldsOfStudy": [
                    "Botany",
                    "Chemistry",
                    "Computer Science",
                    "Mathematics",
                    "Natural Sciences",
                    "Physics",
                    "Zoology"
                ],
                "Details": "N/A"
            }
        ],
        "Degrees": {
            "Undergraduate": {
                "CertificateOrDiploma": [],
                "Bachelor'sDegree": "N/A"
            },
            "Postgraduate": {
                "PostBachelor'sDiplomaOrCertificate": [],
                "Master'sDegree": [
                    "Arabic",
                    "Economic and Finance Policy",
                    "Electrical Engineering",
                    "Public Law"
                ],
                "Doctor'sDegrees": "N/A",
                "ResearchScholarship": [],
                "EducationSpecialistDegree": []
            }
        }
    },
    {
        "GeneralInformation": {
            "Address": {
                "Street": "PO Box 13275",
                "City": "Tripoli",
                "Province": "Sedi El-Masri",
                "PostCode": "N/A",
                "Website": "http://uot.edu.ly",
                "college_name": "University of Tripoli",
                "university_name": ""
            },
            "InstitutionFunding": "Public",
            "History": "Founded 1957 as University of Libya, reorganized as two separate universities in Tripoli and Benghazi, 1973. Renamed Al Fateh University in 1976. Acquired former name of University of Tripoli in 2011.",
            "AcademicYear": "September to July (September-January; February-July)",
            "AdmissionRequirements": [
                "Secondary school certificate or equivalent"
            ],
            "Languages": [
                "Arabic",
                "English"
            ],
            "StudentBody": "N/A"
        },
        "Divisions": [
            {
                "College": "Agriculture",
                "FieldsOfStudy": [
                    "Agricultural Economics",
                    "Agricultural Engineering",
                    "Agriculture",
                    "Animal Husbandry",
                    "Aquaculture",
                    "Crop Production",
                    "Food Science",
                    "Forestry",
                    "Home Economics",
                    "Horticulture",
                    "Plant and Crop Protection",
                    "Soil Science",
                    "Water Science"
                ],
                "Details": "N/A"
            },
            {
                "College": "Arts",
                "FieldsOfStudy": [
                    "Arabic",
                    "Arts and Humanities",
                    "Education",
                    "Educational Psychology",
                    "English",
                    "Geography",
                    "History",
                    "Islamic Studies",
                    "Library Science",
                    "Philosophy",
                    "Psychology",
                    "Psychotherapy",
                    "Social Sciences",
                    "Sociology",
                    "Tourism"
                ],
                "Details": "N/A"
            },
            {
                "College": "Economics and Political Science",
                "FieldsOfStudy": [
                    "Accountancy",
                    "Banking",
                    "Economics",
                    "Electrical and Electronic Engineering",
                    "Finance",
                    "Management",
                    "Political Sciences",
                    "Statistics"
                ],
                "Details": "N/A"
            },
            {
                "College": "Education",
                "FieldsOfStudy": [
                    "Arabic",
                    "Biology",
                    "Chemistry",
                    "Computer Science",
                    "Education",
                    "English",
                    "Geography",
                    "Islamic Studies",
                    "Mathematics",
                    "Physics",
                    "Preschool Education",
                    "Primary Education",
                    "Social and Community Services"
                ],
                "Details": "Ghaser Ben Ghasir"
            },
            {
                "College": "Education",
                "FieldsOfStudy": [
                    "Arabic",
                    "Chemistry",
                    "Computer Education",
                    "Education",
                    "English",
                    "Mathematics",
                    "Physics",
                    "Preschool Education",
                    "Primary Education",
                    "Sociology",
                    "Special Education"
                ],
                "Details": "Janzour"
            },
            {
                "College": "Education",
                "FieldsOfStudy": [
                    "Arabic",
                    "Art Education",
                    "Biology",
                    "Chemistry",
                    "Computer Science",
                    "Education",
                    "English",
                    "Mathematics",
                    "Physics",
                    "Preschool Education",
                    "Primary Education",
                    "Special Education"
                ],
                "Details": "Soak Ghoma"
            },
            {
                "College": "Engineering",
                "FieldsOfStudy": [
                    "Aeronautical and Aerospace Engineering",
                    "Architecture",
                    "Chemical Engineering",
                    "Civil Engineering",
                    "Computer Engineering",
                    "Electrical and Electronic Engineering",
                    "Engineering",
                    "Engineering Management",
                    "Geological Engineering",
                    "Materials Engineering",
                    "Mechanical Engineering",
                    "Mineralogy",
                    "Mining Engineering",
                    "Petroleum and Gas Engineering",
                    "Structural Architecture",
                    "Town Planning"
                ],
                "Details": "N/A"
            },
            {
                "College": "Fine Arts and Media",
                "FieldsOfStudy": [
                    "Fine Arts",
                    "Information Sciences",
                    "Journalism",
                    "Music",
                    "Radio and Television Broadcasting",
                    "Theatre",
                    "Visual Arts"
                ],
                "Details": "N/A"
            },
            {
                "College": "Information Technology",
                "FieldsOfStudy": [
                    "Computer Networks",
                    "Computer Science",
                    "Information Technology",
                    "Software Engineering"
                ],
                "Details": "N/A"
            },
            {
                "College": "Languages",
                "FieldsOfStudy": [
                    "African Languages",
                    "Arabic",
                    "English",
                    "French",
                    "Italian",
                    "Spanish",
                    "Translation and Interpretation"
                ],
                "Details": "N/A"
            },
            {
                "College": "Law",
                "FieldsOfStudy": [
                    "Criminal Law",
                    "Islamic Law",
                    "Law",
                    "Private Law",
                    "Public Law"
                ],
                "Details": "N/A"
            },
            {
                "College": "Medical Technology",
                "FieldsOfStudy": [
                    "Anaesthesiology",
                    "Dental Technology",
                    "Medical Technology",
                    "Pathology",
                    "Physical Therapy",
                    "Public Health"
                ],
                "Details": "N/A"
            },
            {
                "College": "Medicine",
                "FieldsOfStudy": [
                    "Medicine"
                ],
                "Details": "N/A"
            },
            {
                "College": "Nursing",
                "FieldsOfStudy": [
                    "Anaesthesiology",
                    "Midwifery",
                    "Nursing",
                    "Surgery"
                ],
                "Details": "N/A"
            },
            {
                "College": "Oral Surgery and Dentistry",
                "FieldsOfStudy": [
                    "Dentistry",
                    "Oral Pathology",
                    "Orthodontics",
                    "Stomatology"
                ],
                "Details": "N/A"
            },
            {
                "College": "Pharmacy",
                "FieldsOfStudy": [
                    "Biochemistry",
                    "Microbiology",
                    "Pharmacology",
                    "Pharmacy"
                ],
                "Details": "N/A"
            },
            {
                "College": "Physical Education",
                "FieldsOfStudy": [
                    "Physical Education",
                    "Physical Therapy",
                    "Teacher Training"
                ],
                "Details": "N/A"
            },
            {
                "College": "Science",
                "FieldsOfStudy": [
                    "Botany",
                    "Chemistry",
                    "Computer Science",
                    "Geology",
                    "Geophysics",
                    "Mathematics",
                    "Meteorology",
                    "Natural Sciences",
                    "Physics",
                    "Statistics",
                    "Zoology"
                ],
                "Details": "N/A"
            },
            {
                "College": "Veterinary Medicine",
                "FieldsOfStudy": [
                    "Microbiology",
                    "Parasitology",
                    "Surgery",
                    "Veterinary Science"
                ],
                "Details": "N/A"
            }
        ],
        "Degrees": {
            "Undergraduate": {
                "CertificateOrDiploma": [],
                "Bachelor'sDegree": "N/A"
            },
            "Postgraduate": {
                "PostBachelor'sDiplomaOrCertificate": [],
                "Master'sDegree": "N/A",
                "Doctor'sDegrees": [],
                "ResearchScholarship": [],
                "EducationSpecialistDegree": []
            }
        }
    }
]