[
    {
        "GeneralInformation": {
            "Address": {
                "Street": "University Centre",
                "City": "True Blue Bay",
                "Province": "Ext.",
                "PostCode": "N/A",
                "Website": "https://www.sgu.edu",
                "college_name": "St. George's University",
                "university_name": "(SGU)"
            },
            "InstitutionFunding": "Private",
            "History": "Founded 1976 as St. George\u2019s University School of Medicine",
            "AcademicYear": "N/A",
            "AdmissionRequirements": [],
            "Languages": [
                "English"
            ],
            "StudentBody": "N/A"
        },
        "Divisions": [
            {
                "College": "Arts and Sciences",
                "FieldsOfStudy": [
                    "Accountancy",
                    "Biology",
                    "Finance",
                    "Information Technology",
                    "International Business",
                    "Management",
                    "Psychology",
                    "Sociology"
                ],
                "Details": "N/A"
            },
            {
                "College": "Graduate Studies",
                "FieldsOfStudy": [
                    "Business Administration",
                    "Clinical Psychology",
                    "Education",
                    "Medical Technology",
                    "Natural Sciences",
                    "Pharmacology",
                    "Public Health"
                ],
                "Details": "N/A"
            },
            {
                "College": "Medicine",
                "FieldsOfStudy": [
                    "Medicine"
                ],
                "Details": "N/A"
            },
            {
                "College": "Veterinary Science",
                "FieldsOfStudy": [
                    "Veterinary Science"
                ],
                "Details": "N/A"
            }
        ],
        "Degrees": {
            "Undergraduate": {
                "CertificateOrDiploma": [],
                "Bachelor'sDegree": [
                    "Accountancy",
                    "Biology",
                    "Finance",
                    "Information Technology",
                    "International Business",
                    "Management",
                    "Psychology",
                    "Sociology"
                ]
            },
            "Postgraduate": {
                "PostBachelor'sDiplomaOrCertificate": [],
                "Master'sDegree": [],
                "Doctor'sDegrees": [
                    "Medicine"
                ],
                "ResearchScholarship": [],
                "EducationSpecialistDegree": []
            }
        }
    }
]