[
    {
        "GeneralInformation": {
            "Address": {
                "Street": "Jan Noorduynweg 111",
                "City": "Willemstad",
                "Province": "N/A",
                "PostCode": "N/A",
                "Website": "https://www.uoc.cw",
                "college_name": "University of Cura\u00e7ao Dr. Moises Frumencio da Costa Gomez",
                "university_name": ""
            },
            "InstitutionFunding": "Public",
            "History": "Founded 1970 as Law School, became Institute of Higher Studies 1973 and became Universiteit van de Nederlandse Antillen (University of the Netherlands Antilles) in 1979, incorporating the School of Engineering, which was founded in 1972. Acquired current title 2013. The University is responsible to the Ministry of Education.",
            "AcademicYear": "September to June (September-December; January-April)",
            "AdmissionRequirements": [
                "Secondary school certificate or equivalent"
            ],
            "Languages": [
                "Dutch",
                "English"
            ],
            "StudentBody": "co-ed"
        },
        "Divisions": [
            {
                "College": "Arts",
                "FieldsOfStudy": [
                    "Dutch",
                    "English",
                    "Foreign Languages Education",
                    "Native Language",
                    "Spanish",
                    "Teacher Training"
                ],
                "Details": "N/A"
            },
            {
                "College": "Engineering",
                "FieldsOfStudy": [
                    "Architecture",
                    "Civil Engineering",
                    "Electrical Engineering",
                    "Engineering",
                    "Engineering Drawing and Design",
                    "Industrial Engineering",
                    "Information Technology",
                    "Mechanical Engineering"
                ],
                "Details": "N/A"
            },
            {
                "College": "Law",
                "FieldsOfStudy": [
                    "Law"
                ],
                "Details": "N/A"
            },
            {
                "College": "Social and Behavioral Sciences",
                "FieldsOfStudy": [
                    "Social Work"
                ],
                "Details": "N/A"
            },
            {
                "College": "Social Sciences and Economics",
                "FieldsOfStudy": [
                    "Accountancy",
                    "Business Administration"
                ],
                "Details": "N/A"
            }
        ],
        "Degrees": {
            "Undergraduate": {
                "CertificateOrDiploma": [],
                "Bachelor'sDegree": [
                    "Accountancy",
                    "Architecture",
                    "Business Administration",
                    "Civil Engineering",
                    "Education",
                    "Electrical Engineering",
                    "Engineering",
                    "Finance",
                    "Hotel and Restaurant",
                    "Human Resources",
                    "Law",
                    "Management",
                    "Psychology",
                    "Social Work",
                    "Technology"
                ]
            },
            "Postgraduate": {
                "PostBachelor'sDiplomaOrCertificate": [],
                "Master'sDegree": [
                    "Accountancy",
                    "Education",
                    "Fiscal Law",
                    "Law"
                ],
                "Doctor'sDegrees": [],
                "ResearchScholarship": [],
                "EducationSpecialistDegree": []
            }
        }
    }
]