[
    {
        "GeneralInformation": {
            "Address": {
                "Street": "PO Box G23",
                "City": "Honiara",
                "Province": "Guadalcanal",
                "PostCode": "N/A",
                "Website": "https://www.sinu.edu.sb",
                "college_name": "Solomon Islands National University",
                "university_name": ""
            },
            "InstitutionFunding": "Public",
            "History": "Founded 1984 as Solomon Islands College of Higher Education, amalgamating the Solomon Islands Teachers College, Honiara Technical Institute, School of Nursing and, in 1991, the National Forestry Institute. Acquired current title and status 2012.",
            "AcademicYear": "February to November",
            "AdmissionRequirements": [
                "Secondary school certificate or equivalent"
            ],
            "Languages": [
                "English"
            ],
            "StudentBody": "co-ed"
        },
        "Divisions": [
            {
                "College": "Agriculture, Fisheries and Forestry",
                "FieldsOfStudy": [
                    "Agriculture",
                    "Environmental Studies",
                    "Fishery",
                    "Forestry"
                ],
                "Details": "N/A"
            },
            {
                "College": "Business and Tourism Studies",
                "FieldsOfStudy": [
                    "Accountancy",
                    "Business Administration",
                    "Business and Commerce",
                    "Entrepreneurship",
                    "Hotel Management",
                    "Management",
                    "Tourism"
                ],
                "Details": "N/A"
            },
            {
                "College": "Education and Humanities",
                "FieldsOfStudy": [
                    "Education",
                    "Educational Administration",
                    "Geography",
                    "Health Education",
                    "History",
                    "Physical Education",
                    "Primary Education",
                    "Secondary Education",
                    "Social Sciences",
                    "Vocational Education"
                ],
                "Details": "N/A"
            },
            {
                "College": "Nursing, Medicine and Health Science",
                "FieldsOfStudy": [
                    "Midwifery",
                    "Nursing",
                    "Public Health"
                ],
                "Details": "N/A"
            },
            {
                "College": "Science and Technology",
                "FieldsOfStudy": [
                    "Biological and Life Sciences",
                    "Chemistry",
                    "Computer Science",
                    "Mathematics",
                    "Physics"
                ],
                "Details": "N/A"
            }
        ],
        "Degrees": {
            "Undergraduate": {
                "CertificateOrDiploma": [],
                "Bachelor'sDegree": [
                    "Accountancy",
                    "Agriculture",
                    "Biology",
                    "Chemistry",
                    "Computer Science",
                    "Entrepreneurship",
                    "Fishery",
                    "Geography",
                    "Health Education",
                    "History",
                    "Hotel Management",
                    "Mathematics",
                    "Midwifery",
                    "Nursing",
                    "Physical Education",
                    "Physics",
                    "Primary Education",
                    "Secondary Education",
                    "Social Sciences"
                ]
            },
            "Postgraduate": {
                "PostBachelor'sDiplomaOrCertificate": [],
                "Master'sDegree": [
                    "Educational Administration"
                ],
                "Doctor'sDegrees": [],
                "ResearchScholarship": [],
                "EducationSpecialistDegree": []
            }
        }
    },
    {
        "GeneralInformation": {
            "Address": {
                "Street": "PO Box 460",
                "City": "Honiara",
                "Province": "N/A",
                "PostCode": "N/A",
                "Website": "https://www.usp.ac.fj/usp-solomon-islands",
                "college_name": "University of the South Pacific, Solomon Islands Campus",
                "university_name": "(USP)"
            },
            "InstitutionFunding": "Public",
            "History": "Founded 1970. Develops Lifelong Education and promotes research on subjects of national interest.",
            "AcademicYear": "February to November (February-June; July-November)",
            "AdmissionRequirements": [
                "Secondary school certificate and successful completion of the foundation programme"
            ],
            "Languages": [
                "English"
            ],
            "StudentBody": "N/A"
        },
        "Divisions": [
            {
                "College": "Agriculture",
                "FieldsOfStudy": [
                    "Agriculture"
                ],
                "Details": "N/A"
            },
            {
                "College": "Humanities",
                "FieldsOfStudy": [
                    "Arts and Humanities"
                ],
                "Details": "N/A"
            },
            {
                "College": "Law",
                "FieldsOfStudy": [
                    "Law"
                ],
                "Details": "N/A"
            },
            {
                "College": "Pure and Applied Sciences",
                "FieldsOfStudy": [
                    "Natural Sciences"
                ],
                "Details": "N/A"
            },
            {
                "College": "Social and Economic Development",
                "FieldsOfStudy": [
                    "Development Studies",
                    "Social Sciences"
                ],
                "Details": "N/A"
            }
        ],
        "Degrees": {
            "Undergraduate": {
                "CertificateOrDiploma": [],
                "Bachelor'sDegree": "N/A"
            },
            "Postgraduate": {
                "PostBachelor'sDiplomaOrCertificate": [],
                "Master'sDegree": "N/A",
                "Doctor'sDegrees": "N/A",
                "ResearchScholarship": [],
                "EducationSpecialistDegree": []
            }
        }
    },
    {
        "GeneralInformation": {
            "Address": {
                "Street": "PO Box 460",
                "City": "Aruligo",
                "Province": "N/A",
                "PostCode": "N/A",
                "Website": "N/A",
                "college_name": "University of the South Pacific, Solomon Islands Campus \u2013 Institute of Marine Resources",
                "university_name": ""
            },
            "InstitutionFunding": "Public",
            "History": "N/A",
            "AcademicYear": "N/A",
            "AdmissionRequirements": [],
            "Languages": [],
            "StudentBody": "N/A"
        },
        "Divisions": [
            {
                "College": "Marine Science and Oceanography",
                "FieldsOfStudy": [
                    "Marine Science and Oceanography"
                ],
                "Details": "N/A"
            },
            {
                "College": "Natural Resources",
                "FieldsOfStudy": [
                    "Natural Resources"
                ],
                "Details": "N/A"
            }
        ],
        "Degrees": {
            "Undergraduate": {
                "CertificateOrDiploma": [],
                "Bachelor'sDegree": []
            },
            "Postgraduate": {
                "PostBachelor'sDiplomaOrCertificate": [],
                "Master'sDegree": [],
                "Doctor'sDegrees": [],
                "ResearchScholarship": [],
                "EducationSpecialistDegree": []
            }
        }
    }
]