[
    {
        "GeneralInformation": {
            "Address": {
                "Street": "P.O. Box 59",
                "City": "Adi Keyh",
                "Province": "N/A",
                "PostCode": "N/A",
                "Website": "N/A",
                "college_name": "Adi-Keih College of Arts and Social Sciences",
                "university_name": "(CASS)"
            },
            "InstitutionFunding": "Public",
            "History": "Created 2006.",
            "AcademicYear": "N/A",
            "AdmissionRequirements": [],
            "Languages": [
                "Arabic"
            ],
            "StudentBody": "N/A"
        },
        "Divisions": [
            {
                "College": "Arts",
                "FieldsOfStudy": [
                    "Archaeology",
                    "Arts and Humanities",
                    "English",
                    "Fine Arts",
                    "Geography",
                    "History",
                    "International Relations and Diplomacy",
                    "Journalism",
                    "Law",
                    "Literature",
                    "Mass Communication",
                    "Native Language",
                    "Political Sciences",
                    "Social Work",
                    "Sociology"
                ],
                "Details": "N/A"
            },
            {
                "College": "Social Sciences",
                "FieldsOfStudy": [
                    "Anthropology",
                    "Journalism",
                    "Law",
                    "Mass Communication",
                    "Social Sciences",
                    "Social Work",
                    "Sociology"
                ],
                "Details": "N/A"
            }
        ],
        "Degrees": {
            "Undergraduate": {
                "CertificateOrDiploma": [],
                "Bachelor'sDegree": [
                    "Arts and Humanities",
                    "Social Sciences"
                ]
            },
            "Postgraduate": {
                "PostBachelor'sDiplomaOrCertificate": [],
                "Master'sDegree": [],
                "Doctor'sDegrees": [],
                "ResearchScholarship": [],
                "EducationSpecialistDegree": []
            }
        }
    },
    {
        "GeneralInformation": {
            "Address": {
                "Street": "P.O. Box 1220",
                "City": "Asmara",
                "Province": "N/A",
                "PostCode": "N/A",
                "Website": "N/A",
                "college_name": "Asmara College of Health Sciences",
                "university_name": "(ACHS)"
            },
            "InstitutionFunding": "Public",
            "History": "Founded in 1999. Acquired present status 2005.",
            "AcademicYear": "N/A",
            "AdmissionRequirements": [],
            "Languages": [],
            "StudentBody": "N/A"
        },
        "Divisions": [
            {
                "College": "Health Sciences",
                "FieldsOfStudy": [
                    "Dentistry",
                    "Health Education",
                    "Laboratory Techniques",
                    "Medical Auxiliaries",
                    "Medical Technology",
                    "Medicine",
                    "Nursing",
                    "Ophthalmology",
                    "Optometry",
                    "Pharmacy",
                    "Physical Therapy",
                    "Public Health"
                ],
                "Details": "N/A"
            }
        ],
        "Degrees": {
            "Undergraduate": {
                "CertificateOrDiploma": [],
                "Bachelor'sDegree": [
                    "Health Sciences"
                ]
            },
            "Postgraduate": {
                "PostBachelor'sDiplomaOrCertificate": [],
                "Master'sDegree": [
                    "Anaesthesiology",
                    "Midwifery",
                    "Nursing",
                    "Pharmacy"
                ],
                "Doctor'sDegrees": [],
                "ResearchScholarship": [],
                "EducationSpecialistDegree": []
            }
        }
    },
    {
        "GeneralInformation": {
            "Address": {
                "Street": "N/A",
                "City": "Massawa",
                "Province": "N/A",
                "PostCode": "N/A",
                "Website": "N/A",
                "college_name": "College of Marine Sciences and Technology",
                "university_name": "(COMSAT)"
            },
            "InstitutionFunding": "Public",
            "History": "Created 2006.",
            "AcademicYear": "N/A",
            "AdmissionRequirements": [],
            "Languages": [],
            "StudentBody": "N/A"
        },
        "Divisions": [
            {
                "College": "Marine Science",
                "FieldsOfStudy": [
                    "Aquaculture",
                    "Biotechnology",
                    "Fishery",
                    "Marine Biology",
                    "Marine Engineering",
                    "Marine Science and Oceanography"
                ],
                "Details": "N/A"
            }
        ],
        "Degrees": {
            "Undergraduate": {
                "CertificateOrDiploma": [],
                "Bachelor'sDegree": [
                    "Marine Science and Oceanography"
                ]
            },
            "Postgraduate": {
                "PostBachelor'sDiplomaOrCertificate": [],
                "Master'sDegree": [],
                "Doctor'sDegrees": [],
                "ResearchScholarship": [],
                "EducationSpecialistDegree": []
            }
        }
    },
    {
        "GeneralInformation": {
            "Address": {
                "Street": "P.O. Box 12676",
                "City": "Asmara",
                "Province": "N/A",
                "PostCode": "1276",
                "Website": "http://www.eit.edu.er",
                "college_name": "Eritrea Institute of Technology",
                "university_name": "(EIT)"
            },
            "InstitutionFunding": "Public",
            "History": "Created 2004.",
            "AcademicYear": "September to July",
            "AdmissionRequirements": [
                "Eritrea Education Certificate Examination"
            ],
            "Languages": [
                "English"
            ],
            "StudentBody": "co-ed"
        },
        "Divisions": [
            {
                "College": "Information Technology",
                "FieldsOfStudy": [
                    "Information Technology"
                ],
                "Details": "N/A"
            },
            {
                "College": "Education",
                "FieldsOfStudy": [
                    "Education",
                    "Educational Administration",
                    "Educational Psychology",
                    "Foreign Languages Education",
                    "Humanities and Social Science Education",
                    "Mathematics Education",
                    "Physical Education",
                    "Science Education"
                ],
                "Details": "N/A"
            },
            {
                "College": "Engineering and Technology",
                "FieldsOfStudy": [
                    "Aeronautical and Aerospace Engineering",
                    "Chemical Engineering",
                    "Civil Engineering",
                    "Computer Engineering",
                    "Electrical and Electronic Engineering",
                    "Electrical Engineering",
                    "Mechanical Engineering",
                    "Mining Engineering"
                ],
                "Details": "N/A"
            },
            {
                "College": "Science",
                "FieldsOfStudy": [
                    "Biology",
                    "Chemistry",
                    "Computer Science",
                    "Earth Sciences",
                    "Geology",
                    "Information Sciences",
                    "Library Science",
                    "Mathematics",
                    "Physics",
                    "Statistics"
                ],
                "Details": "N/A"
            },
            {
                "College": "Postgraduate",
                "FieldsOfStudy": [
                    "Biology",
                    "Chemistry",
                    "Information Technology",
                    "Mathematics",
                    "Physics",
                    "Statistics"
                ],
                "Details": "N/A"
            }
        ],
        "Degrees": {
            "Undergraduate": {
                "CertificateOrDiploma": [],
                "Bachelor'sDegree": [
                    "Biology",
                    "Chemistry",
                    "Computer Science",
                    "Education",
                    "Educational Administration",
                    "Educational Psychology",
                    "Engineering",
                    "Geology",
                    "Information Sciences",
                    "Library Science",
                    "Mathematics",
                    "Physics"
                ]
            },
            "Postgraduate": {
                "PostBachelor'sDiplomaOrCertificate": [],
                "Master'sDegree": [
                    "Biology",
                    "Chemistry",
                    "Information Technology",
                    "Mathematics",
                    "Physics",
                    "Statistics"
                ],
                "Doctor'sDegrees": [],
                "ResearchScholarship": [],
                "EducationSpecialistDegree": []
            }
        }
    },
    {
        "GeneralInformation": {
            "Address": {
                "Street": "P.O. Box 12492",
                "City": "Halhale",
                "Province": "N/A",
                "PostCode": "N/A",
                "Website": "N/A",
                "college_name": "Halhale College of Business and Economics",
                "university_name": "(HCBE)"
            },
            "InstitutionFunding": "Public",
            "History": "Created 2006.",
            "AcademicYear": "N/A",
            "AdmissionRequirements": [],
            "Languages": [],
            "StudentBody": "N/A"
        },
        "Divisions": [
            {
                "College": "Accountancy",
                "FieldsOfStudy": [
                    "Accountancy"
                ],
                "Details": "N/A"
            },
            {
                "College": "Business and Economics",
                "FieldsOfStudy": [
                    "Business Administration",
                    "Economics"
                ],
                "Details": "N/A"
            },
            {
                "College": "Business Management",
                "FieldsOfStudy": [
                    "Business Administration"
                ],
                "Details": "N/A"
            },
            {
                "College": "Marketing",
                "FieldsOfStudy": [
                    "Marketing"
                ],
                "Details": "N/A"
            },
            {
                "College": "Public Administration",
                "FieldsOfStudy": [
                    "Public Administration"
                ],
                "Details": "N/A"
            },
            {
                "College": "Secretarial Studies",
                "FieldsOfStudy": [
                    "Secretarial Studies"
                ],
                "Details": "N/A"
            },
            {
                "College": "Tourism and Hotel Management",
                "FieldsOfStudy": [
                    "Hotel Management",
                    "Tourism"
                ],
                "Details": "N/A"
            }
        ],
        "Degrees": {
            "Undergraduate": {
                "CertificateOrDiploma": [],
                "Bachelor'sDegree": [
                    "Accountancy",
                    "Banking",
                    "Finance",
                    "Management",
                    "Marketing",
                    "Public Administration"
                ]
            },
            "Postgraduate": {
                "PostBachelor'sDiplomaOrCertificate": [],
                "Master'sDegree": [],
                "Doctor'sDegrees": [],
                "ResearchScholarship": [],
                "EducationSpecialistDegree": []
            }
        }
    },
    {
        "GeneralInformation": {
            "Address": {
                "Street": "N/A",
                "City": "Hamelmalo",
                "Province": "Anseba",
                "PostCode": "N/A",
                "Website": "N/A",
                "college_name": "Hamelmalo Agricultural College",
                "university_name": "(HAC)"
            },
            "InstitutionFunding": "Public",
            "History": "Created 2006.",
            "AcademicYear": "N/A",
            "AdmissionRequirements": [],
            "Languages": [],
            "StudentBody": "N/A"
        },
        "Divisions": [
            {
                "College": "Agriculture",
                "FieldsOfStudy": [
                    "Agricultural Economics",
                    "Agricultural Engineering",
                    "Agriculture",
                    "Agronomy",
                    "Animal Husbandry",
                    "Crop Production",
                    "Environmental Management",
                    "Environmental Studies",
                    "Horticulture",
                    "Veterinary Science"
                ],
                "Details": "N/A"
            }
        ],
        "Degrees": {
            "Undergraduate": {
                "CertificateOrDiploma": [],
                "Bachelor'sDegree": [
                    "Agriculture"
                ]
            },
            "Postgraduate": {
                "PostBachelor'sDiplomaOrCertificate": [],
                "Master'sDegree": [
                    "Agriculture",
                    "Agronomy",
                    "Animal Husbandry",
                    "Environmental Studies",
                    "Horticulture",
                    "Natural Resources"
                ],
                "Doctor'sDegrees": [],
                "ResearchScholarship": [],
                "EducationSpecialistDegree": []
            }
        }
    },
    {
        "GeneralInformation": {
            "Address": {
                "Street": "P.O. Box 10549",
                "City": "Asmara",
                "Province": "N/A",
                "PostCode": "N/A",
                "Website": "N/A",
                "college_name": "Orotta School of Medicine and Dental Medicine",
                "university_name": "(OSM&DM)"
            },
            "InstitutionFunding": "Public",
            "History": "Created 2004.",
            "AcademicYear": "N/A",
            "AdmissionRequirements": [],
            "Languages": [],
            "StudentBody": "N/A"
        },
        "Divisions": [
            {
                "College": "Dentistry",
                "FieldsOfStudy": [
                    "Dentistry"
                ],
                "Details": "N/A"
            },
            {
                "College": "Medicine",
                "FieldsOfStudy": [
                    "Medical Technology",
                    "Medicine",
                    "Obstetrics and Gynaecology",
                    "Paediatrics",
                    "Surgery"
                ],
                "Details": "N/A"
            }
        ],
        "Degrees": {
            "Undergraduate": {
                "CertificateOrDiploma": [],
                "Bachelor'sDegree": "N/A"
            },
            "Postgraduate": {
                "PostBachelor'sDiplomaOrCertificate": [],
                "Master'sDegree": "N/A",
                "Doctor'sDegrees": [],
                "ResearchScholarship": [],
                "EducationSpecialistDegree": []
            }
        }
    }
]