[
    {
        "GeneralInformation": {
            "Address": {
                "Street": "Opposite CDC Headquarter, Congo Town\nPost Box 1881",
                "City": "Monrovia",
                "Province": "N/A",
                "PostCode": "N/A",
                "Website": "https://bluecrest.edu.lr",
                "college_name": "BlueCrest University College",
                "university_name": ""
            },
            "InstitutionFunding": "Private",
            "History": "Created 2013 as a centre of excellence in information technology, became a vocational training institute, BlueCrest International I.T. Institute, in 2014 and acquired degree-awarding powers in 2015",
            "AcademicYear": "spring term: February to June; autumn term: August to December",
            "AdmissionRequirements": [],
            "Languages": [
                "English"
            ],
            "StudentBody": "co-ed"
        },
        "Divisions": [
            {
                "College": "Fashion and Design",
                "FieldsOfStudy": [
                    "Fashion Design"
                ],
                "Details": "offers Diploma and Certificate programmes"
            },
            {
                "College": "Information Technology",
                "FieldsOfStudy": [
                    "Information Technology"
                ],
                "Details": "N/A"
            },
            {
                "College": "Management",
                "FieldsOfStudy": [
                    "Business Administration"
                ],
                "Details": "N/A"
            },
            {
                "College": "OpenLabs",
                "FieldsOfStudy": [
                    "Information Technology"
                ],
                "Details": "offers Diploma and Certificate programmes plus corporate training"
            }
        ],
        "Degrees": {
            "Undergraduate": {
                "CertificateOrDiploma": [],
                "Bachelor'sDegree": [
                    "Business Administration",
                    "Information Technology"
                ]
            },
            "Postgraduate": {
                "PostBachelor'sDiplomaOrCertificate": [],
                "Master'sDegree": [
                    "Information Technology"
                ],
                "Doctor'sDegrees": [],
                "ResearchScholarship": [],
                "EducationSpecialistDegree": []
            }
        }
    },
    {
        "GeneralInformation": {
            "Address": {
                "Street": "P.O. Box 1040",
                "City": "Monrovia",
                "Province": "N/A",
                "PostCode": "N/A",
                "Website": "https://starzit.com",
                "college_name": "Starz University",
                "university_name": ""
            },
            "InstitutionFunding": "Private",
            "History": "Created 2009 as Starz Institute of Technology, a technical and vocational institution. Acquired Associate Degree-awarding status in 2012 and acquired university status in 2015.",
            "AcademicYear": "February to December",
            "AdmissionRequirements": [],
            "Languages": [
                "English"
            ],
            "StudentBody": "N/A"
        },
        "Divisions": [
            {
                "College": "Business",
                "FieldsOfStudy": [
                    "Banking",
                    "Business Administration",
                    "Finance",
                    "Management",
                    "Marketing",
                    "Transport Management"
                ],
                "Details": "N/A"
            },
            {
                "College": "Information Technology",
                "FieldsOfStudy": [
                    "Business Computing",
                    "Communication Arts",
                    "Information Technology",
                    "Telecommunications Engineering"
                ],
                "Details": "N/A"
            },
            {
                "College": "Graduate Studies",
                "FieldsOfStudy": [
                    "Business Administration",
                    "Information Technology"
                ],
                "Details": "N/A"
            }
        ],
        "Degrees": {
            "Undergraduate": {
                "CertificateOrDiploma": [],
                "Bachelor'sDegree": [
                    "Banking",
                    "Business Administration",
                    "Business Computing",
                    "Communication Arts",
                    "Finance",
                    "Information Technology",
                    "Management",
                    "Marketing",
                    "Telecommunications Engineering",
                    "Transport Management"
                ]
            },
            "Postgraduate": {
                "PostBachelor'sDiplomaOrCertificate": [],
                "Master'sDegree": [
                    "Business Administration",
                    "Information Technology"
                ],
                "Doctor'sDegrees": [],
                "ResearchScholarship": [],
                "EducationSpecialistDegree": []
            }
        }
    },
    {
        "GeneralInformation": {
            "Address": {
                "Street": "34 Camp Johnson Road",
                "City": "Monrovia",
                "Province": "Montserrado County",
                "PostCode": "231",
                "Website": "http://www.ame.edu.lr",
                "college_name": "African Methodist Episcopal University",
                "university_name": "(AMEU)"
            },
            "InstitutionFunding": "Private",
            "History": "Founded 1995.",
            "AcademicYear": "September to July",
            "AdmissionRequirements": [
                "Secondary school certificate, present WAEC certificate and entrance examination"
            ],
            "Languages": [
                "English"
            ],
            "StudentBody": "co-ed"
        },
        "Divisions": [
            {
                "College": "Biyant Theological Seminary",
                "FieldsOfStudy": [
                    "Pastoral Studies",
                    "Religious Education",
                    "Theology"
                ],
                "Details": "N/A"
            },
            {
                "College": "Business and Public Administration",
                "FieldsOfStudy": [
                    "Accountancy",
                    "Business and Commerce",
                    "Economics",
                    "Management",
                    "Public Administration"
                ],
                "Details": "N/A"
            },
            {
                "College": "Education",
                "FieldsOfStudy": [
                    "Education",
                    "Preschool Education",
                    "Primary Education",
                    "Secondary Education"
                ],
                "Details": "N/A"
            },
            {
                "College": "Liberal Arts and Social Sciences",
                "FieldsOfStudy": [
                    "Arts and Humanities",
                    "English",
                    "Mass Communication",
                    "Political Sciences",
                    "Social Sciences",
                    "Sociology"
                ],
                "Details": "N/A"
            }
        ],
        "Degrees": {
            "Undergraduate": {
                "CertificateOrDiploma": [],
                "Bachelor'sDegree": [
                    "Business Administration",
                    "Economics",
                    "English",
                    "Political Sciences",
                    "Religious Education",
                    "Sociology",
                    "Theology"
                ]
            },
            "Postgraduate": {
                "PostBachelor'sDiplomaOrCertificate": [],
                "Master'sDegree": [],
                "Doctor'sDegrees": [],
                "ResearchScholarship": [],
                "EducationSpecialistDegree": []
            }
        }
    },
    {
        "GeneralInformation": {
            "Address": {
                "Street": "PO Box 10-0277",
                "City": "Monrovia",
                "Province": "N/A",
                "PostCode": "N/A",
                "Website": "https://www.cu.edu.lr",
                "college_name": "Cuttington University",
                "university_name": "(CU)"
            },
            "InstitutionFunding": "Private",
            "History": "Founded 1889 asuttington College and Divinity School.",
            "AcademicYear": "September to July (September-February; March-July)",
            "AdmissionRequirements": [
                "Secondary school certificate or recognized equivalent, and entrance examination"
            ],
            "Languages": [
                "English"
            ],
            "StudentBody": "co-ed"
        },
        "Divisions": [
            {
                "College": "Agriculture and Integrated Rural Development",
                "FieldsOfStudy": [
                    "Agriculture",
                    "Rural Planning"
                ],
                "Details": "N/A"
            },
            {
                "College": "Business, Humanities and Social Sciences",
                "FieldsOfStudy": [
                    "Arts and Humanities",
                    "Business Administration",
                    "Social Sciences"
                ],
                "Details": "N/A"
            },
            {
                "College": "Education",
                "FieldsOfStudy": [
                    "Education",
                    "Primary Education",
                    "Secondary Education"
                ],
                "Details": "N/A"
            },
            {
                "College": "Health Sciences",
                "FieldsOfStudy": [
                    "Nursing"
                ],
                "Details": "N/A"
            },
            {
                "College": "Natural Sciences",
                "FieldsOfStudy": [
                    "Biology",
                    "Chemistry",
                    "Mathematics",
                    "Natural Sciences"
                ],
                "Details": "N/A"
            },
            {
                "College": "Theology",
                "FieldsOfStudy": [
                    "Theology"
                ],
                "Details": "N/A"
            }
        ],
        "Degrees": {
            "Undergraduate": {
                "CertificateOrDiploma": [],
                "Bachelor'sDegree": [
                    "Arts and Humanities",
                    "Natural Sciences",
                    "Nursing"
                ]
            },
            "Postgraduate": {
                "PostBachelor'sDiplomaOrCertificate": [],
                "Master'sDegree": [
                    "Business Administration",
                    "Education",
                    "Educational Administration",
                    "Nursing",
                    "Public Administration",
                    "Public Health",
                    "Theology"
                ],
                "Doctor'sDegrees": [],
                "ResearchScholarship": [],
                "EducationSpecialistDegree": []
            }
        }
    },
    {
        "GeneralInformation": {
            "Address": {
                "Street": "St. Joseph Main Campus, Capitol Hill",
                "City": "Monrovia",
                "Province": "N/A",
                "PostCode": "N/A",
                "Website": "http://www.stellamarispolytechnic.info",
                "college_name": "Stella Maris Polytechnic",
                "university_name": ""
            },
            "InstitutionFunding": "Private",
            "History": "Created 1988 as Don Bosco Polytechnic. Acquired current title and status 2005.",
            "AcademicYear": "N/A",
            "AdmissionRequirements": [],
            "Languages": [],
            "StudentBody": "N/A"
        },
        "Divisions": [
            {
                "College": "Agriculture",
                "FieldsOfStudy": [
                    "Agriculture"
                ],
                "Details": "N/A"
            },
            {
                "College": "Business",
                "FieldsOfStudy": [
                    "Accountancy",
                    "Economics",
                    "Management"
                ],
                "Details": "N/A"
            },
            {
                "College": "Health Sciences",
                "FieldsOfStudy": [
                    "Biology",
                    "Nursing",
                    "Social Work"
                ],
                "Details": "N/A"
            },
            {
                "College": "Teacher's Training",
                "FieldsOfStudy": [
                    "Education",
                    "Primary Education"
                ],
                "Details": "N/A"
            },
            {
                "College": "Technical",
                "FieldsOfStudy": [
                    "Building Technologies",
                    "Civil Engineering",
                    "Electrical Engineering"
                ],
                "Details": "N/A"
            }
        ],
        "Degrees": {
            "Undergraduate": {
                "CertificateOrDiploma": [],
                "Bachelor'sDegree": [
                    "Accountancy",
                    "Agriculture",
                    "Biology",
                    "Building Technologies",
                    "Civil Engineering",
                    "Economics",
                    "Electrical Engineering",
                    "Management",
                    "Nursing",
                    "Primary Education",
                    "Social Work"
                ]
            },
            "Postgraduate": {
                "PostBachelor'sDiplomaOrCertificate": [],
                "Master'sDegree": [],
                "Doctor'sDegrees": [],
                "ResearchScholarship": [],
                "EducationSpecialistDegree": []
            }
        }
    },
    {
        "GeneralInformation": {
            "Address": {
                "Street": "508-C-17, Centinnial Area\nAshmun Street",
                "City": "Monrovia 10",
                "Province": "Montserrado County",
                "PostCode": "1000",
                "Website": "http://umu.edu.lr",
                "college_name": "United Methodist University",
                "university_name": ""
            },
            "InstitutionFunding": "Private",
            "History": "Created 1998. Acquired status 2002.",
            "AcademicYear": "N/A",
            "AdmissionRequirements": [],
            "Languages": [],
            "StudentBody": "N/A"
        },
        "Divisions": [
            {
                "College": "Agriculture",
                "FieldsOfStudy": [
                    "Agriculture"
                ],
                "Details": "Associate degree only"
            },
            {
                "College": "Education",
                "FieldsOfStudy": [
                    "Primary Education",
                    "Secondary Education"
                ],
                "Details": "N/A"
            },
            {
                "College": "Health Sciences",
                "FieldsOfStudy": [
                    "Nursing"
                ],
                "Details": "Associate degree only"
            },
            {
                "College": "Liberal Arts",
                "FieldsOfStudy": [
                    "Criminology",
                    "History",
                    "Mass Communication",
                    "Peace and Disarmament",
                    "Political Sciences",
                    "Social Work",
                    "Sociology"
                ],
                "Details": "N/A"
            },
            {
                "College": "Management and Administration",
                "FieldsOfStudy": [
                    "Accountancy",
                    "Economics",
                    "Management"
                ],
                "Details": "N/A"
            },
            {
                "College": "Science and Technology",
                "FieldsOfStudy": [
                    "Natural Sciences",
                    "Technology"
                ],
                "Details": "N/A"
            },
            {
                "College": "Theology",
                "FieldsOfStudy": [
                    "Theology"
                ],
                "Details": "N/A"
            }
        ],
        "Degrees": {
            "Undergraduate": {
                "CertificateOrDiploma": [],
                "Bachelor'sDegree": [
                    "Accountancy",
                    "Criminology",
                    "Economics",
                    "History",
                    "Management",
                    "Mass Communication",
                    "Peace and Disarmament",
                    "Political Sciences",
                    "Primary Education",
                    "Secondary Education",
                    "Social Work",
                    "Sociology"
                ]
            },
            "Postgraduate": {
                "PostBachelor'sDiplomaOrCertificate": [],
                "Master'sDegree": [
                    "Theology"
                ],
                "Doctor'sDegrees": [],
                "ResearchScholarship": [],
                "EducationSpecialistDegree": []
            }
        }
    },
    {
        "GeneralInformation": {
            "Address": {
                "Street": "PO Box 9020\nCapitol Hill",
                "City": "Monrovia",
                "Province": "Montserrado County",
                "PostCode": "N/A",
                "Website": "http://www.ul.edu.lr",
                "college_name": "University of Liberia",
                "university_name": "(UL)"
            },
            "InstitutionFunding": "Public",
            "History": "Founded 1851, opened as Liberia College1862. Became university 1951.",
            "AcademicYear": "March to December (March-July; August-December)",
            "AdmissionRequirements": [
                "Secondary school certificate and entrance examination"
            ],
            "Languages": [
                "English"
            ],
            "StudentBody": "co-ed"
        },
        "Divisions": [
            {
                "College": "Agriculture and Forestry",
                "FieldsOfStudy": [
                    "Agriculture",
                    "Agronomy",
                    "Forestry",
                    "Home Economics",
                    "Primary Education",
                    "Secondary Education",
                    "Wood Technology"
                ],
                "Details": "William R. Toblert, Jr."
            },
            {
                "College": "Business and Public Administration",
                "FieldsOfStudy": [
                    "Accountancy",
                    "Business and Commerce",
                    "Economics",
                    "Management",
                    "Public Administration"
                ],
                "Details": "N/A"
            },
            {
                "College": "Health Sciences",
                "FieldsOfStudy": [
                    "Anatomy",
                    "Biochemistry",
                    "Medicine",
                    "Midwifery",
                    "Nursing",
                    "Pharmacology",
                    "Pharmacy",
                    "Public Health"
                ],
                "Details": "N/A"
            },
            {
                "College": "Science and Technology",
                "FieldsOfStudy": [
                    "Biology",
                    "Botany",
                    "Chemistry",
                    "Civil Engineering",
                    "Electrical Engineering",
                    "Geology",
                    "Mathematics",
                    "Mining Engineering",
                    "Physics",
                    "Technology",
                    "Zoology"
                ],
                "Details": "T. J. R. Faulkner"
            },
            {
                "College": "Social Sciences and Humanities",
                "FieldsOfStudy": [
                    "Anthropology",
                    "English",
                    "French",
                    "Geography",
                    "History",
                    "Mass Communication",
                    "Political Sciences",
                    "Sociology"
                ],
                "Details": "N/A"
            },
            {
                "College": "Teacher Training",
                "FieldsOfStudy": [
                    "Primary Education",
                    "Secondary Education",
                    "Teacher Training"
                ],
                "Details": "William V. S. Tubman"
            },
            {
                "College": "Population Studies",
                "FieldsOfStudy": [
                    "Demography and Population"
                ],
                "Details": "N/A"
            },
            {
                "College": "Law",
                "FieldsOfStudy": [
                    "Law"
                ],
                "Details": "Louis Arthur-Grimes"
            }
        ],
        "Degrees": {
            "Undergraduate": {
                "CertificateOrDiploma": [],
                "Bachelor'sDegree": [
                    "Agriculture",
                    "Anthropology",
                    "Business Administration",
                    "Education",
                    "Engineering",
                    "English",
                    "Fine Arts",
                    "Forestry",
                    "French",
                    "Geology",
                    "History",
                    "Law",
                    "Mass Communication",
                    "Mining Engineering",
                    "Political Sciences",
                    "Public Administration",
                    "Sociology"
                ]
            },
            "Postgraduate": {
                "PostBachelor'sDiplomaOrCertificate": [],
                "Master'sDegree": [
                    "Business Administration",
                    "Development Studies",
                    "Education",
                    "International Studies",
                    "Peace and Disarmament",
                    "Public Administration",
                    "Regional Studies"
                ],
                "Doctor'sDegrees": [
                    "Medicine"
                ],
                "ResearchScholarship": [],
                "EducationSpecialistDegree": []
            }
        }
    },
    {
        "GeneralInformation": {
            "Address": {
                "Street": "PO Box 3570",
                "City": "Harper",
                "Province": "Maryland County",
                "PostCode": "N/A",
                "Website": "http://www.tubmanu.edu.lr",
                "college_name": "William V.S. Tubman University",
                "university_name": ""
            },
            "InstitutionFunding": "Public",
            "History": "Founded 1978 as William V.S Tubman College of Technology. Acquired current title and status 2009.",
            "AcademicYear": "N/A",
            "AdmissionRequirements": [],
            "Languages": [],
            "StudentBody": "N/A"
        },
        "Divisions": [
            {
                "College": "Agriculture and Food Sciences",
                "FieldsOfStudy": [
                    "Agriculture",
                    "Food Science",
                    "Food Technology",
                    "Nutrition"
                ],
                "Details": "N/A"
            },
            {
                "College": "Arts and Sciences",
                "FieldsOfStudy": [
                    "Arts and Humanities",
                    "Biology",
                    "English",
                    "Environmental Studies",
                    "Natural Sciences",
                    "Performing Arts",
                    "Psychology",
                    "Social Sciences"
                ],
                "Details": "N/A"
            },
            {
                "College": "Education",
                "FieldsOfStudy": [
                    "Education",
                    "Educational and Student Counselling",
                    "Preschool Education",
                    "Primary Education",
                    "Secondary Education"
                ],
                "Details": "N/A"
            },
            {
                "College": "Engineering and Technology",
                "FieldsOfStudy": [
                    "Civil Engineering",
                    "Computer Engineering",
                    "Computer Networks",
                    "Computer Science",
                    "Electrical Engineering",
                    "Energy Engineering",
                    "Mechanical Engineering",
                    "Software Engineering"
                ],
                "Details": "N/A"
            },
            {
                "College": "Health Sciences",
                "FieldsOfStudy": [
                    "Community Health",
                    "Epidemiology",
                    "Health Administration",
                    "Nursing"
                ],
                "Details": "N/A"
            },
            {
                "College": "Management and Administration",
                "FieldsOfStudy": [
                    "Accountancy",
                    "Administration",
                    "Economics",
                    "Finance",
                    "Management",
                    "Public Administration"
                ],
                "Details": "N/A"
            }
        ],
        "Degrees": {
            "Undergraduate": {
                "CertificateOrDiploma": [],
                "Bachelor'sDegree": [
                    "Agriculture",
                    "Business Administration",
                    "Civil Engineering",
                    "Community Health",
                    "Educational and Student Counselling",
                    "Electrical Engineering",
                    "Epidemiology",
                    "Food Science",
                    "Food Technology",
                    "Health Administration",
                    "Mechanical Engineering",
                    "Nursing",
                    "Nutrition",
                    "Preschool Education",
                    "Primary Education",
                    "Public Administration",
                    "Public Health",
                    "Secondary Education"
                ]
            },
            "Postgraduate": {
                "PostBachelor'sDiplomaOrCertificate": [],
                "Master'sDegree": [],
                "Doctor'sDegrees": [],
                "ResearchScholarship": [],
                "EducationSpecialistDegree": []
            }
        }
    }
]