[
    {
        "GeneralInformation": {
            "Address": {
                "Street": "BP 990",
                "City": "Nouakchott",
                "Province": "N/A",
                "PostCode": "N/A",
                "Website": "https://ens.mr",
                "college_name": "Advanced Teacher Training College",
                "university_name": "Ecole normale sup\u00e9rieure (ENS)"
            },
            "InstitutionFunding": "Public",
            "History": "Founded 1970, acquired present status and title 2001.",
            "AcademicYear": "October to July",
            "AdmissionRequirements": [
                "School certificate for first year entry; Diploma of General University Studies (Second Year University Diploma) or Masters for Professor section depending on cycles",
                "Assistant Inspector section is opened to primary school teacher with eight years of seniority",
                "Inspector of the fundamental section is opened to primary school teacher with three year of seniority",
                ""
            ],
            "Languages": [
                "Arabic",
                "French"
            ],
            "StudentBody": "N/A"
        },
        "Divisions": [
            {
                "College": "Educational Sciences",
                "FieldsOfStudy": [
                    "Educational Sciences"
                ],
                "Details": "N/A"
            },
            {
                "College": "Exact Science",
                "FieldsOfStudy": [
                    "Mathematics",
                    "Natural Sciences",
                    "Physics"
                ],
                "Details": "N/A"
            },
            {
                "College": "Human Sciences",
                "FieldsOfStudy": [
                    "Civics",
                    "Geography",
                    "History",
                    "Philosophy"
                ],
                "Details": "N/A"
            },
            {
                "College": "Modern Languages",
                "FieldsOfStudy": [
                    "Arabic",
                    "English",
                    "French",
                    "Modern Languages"
                ],
                "Details": "N/A"
            }
        ],
        "Degrees": {
            "Undergraduate": {
                "CertificateOrDiploma": [],
                "Bachelor'sDegree": []
            },
            "Postgraduate": {
                "PostBachelor'sDiplomaOrCertificate": [],
                "Master'sDegree": "N/A",
                "Doctor'sDegrees": [],
                "ResearchScholarship": [],
                "EducationSpecialistDegree": []
            }
        }
    },
    {
        "GeneralInformation": {
            "Address": {
                "Street": "Tevragh Zeina",
                "City": "Nouakchott",
                "Province": "N/A",
                "PostCode": "N/A",
                "Website": "https://www.univ-nkc.mr",
                "college_name": "Al Aasriya University of Nouakchott",
                "university_name": "Universit\u00e9 de Nouakchott Al Aasriya"
            },
            "InstitutionFunding": "Public",
            "History": "Created 1981 as University of Nouakchott and acquired current title and status 2016 following merger with University of Science, Technology and Medicine (founded in 2012).",
            "AcademicYear": "N/A",
            "AdmissionRequirements": [],
            "Languages": [
                "French"
            ],
            "StudentBody": "N/A"
        },
        "Divisions": [
            {
                "College": "Arts and Humanities",
                "FieldsOfStudy": [
                    "Arabic",
                    "Arts and Humanities",
                    "English",
                    "Geography",
                    "History",
                    "Linguistics",
                    "Native Language",
                    "Philosophy",
                    "Tourism",
                    "Translation and Interpretation"
                ],
                "Details": "N/A"
            },
            {
                "College": "Law and Economics",
                "FieldsOfStudy": [
                    "Economics",
                    "Law",
                    "Management",
                    "Private Law",
                    "Public Law"
                ],
                "Details": "N/A"
            },
            {
                "College": "Medicine",
                "FieldsOfStudy": [
                    "Medicine",
                    "Public Health"
                ],
                "Details": "N/A"
            },
            {
                "College": "Science and Technology",
                "FieldsOfStudy": [
                    "Biology",
                    "Chemistry",
                    "Computer Science",
                    "Environmental Studies",
                    "Geology",
                    "Mathematics",
                    "Natural Sciences",
                    "Nutrition"
                ],
                "Details": "N/A"
            },
            {
                "College": "Professional Training",
                "FieldsOfStudy": [
                    "Applied Mathematics",
                    "Industrial Management",
                    "Telecommunications Engineering",
                    "Transport Management"
                ],
                "Details": "Offers Licences professionnelles in areas deemed particularly important for the development of the country"
            }
        ],
        "Degrees": {
            "Undergraduate": {
                "CertificateOrDiploma": [],
                "Bachelor'sDegree": []
            },
            "Postgraduate": {
                "PostBachelor'sDiplomaOrCertificate": [],
                "Master'sDegree": [
                    "Banking",
                    "Biology",
                    "Chemistry",
                    "Commercial Law",
                    "Computer Science",
                    "Environmental Studies",
                    "Finance",
                    "Geography (Human)",
                    "Geology",
                    "Law",
                    "Literature",
                    "Mathematics",
                    "Nutrition",
                    "Philosophy",
                    "Private Law",
                    "Public Health",
                    "Public Law",
                    "Sociology"
                ],
                "Doctor'sDegrees": [
                    "Arabic",
                    "Biology",
                    "Chemistry",
                    "Economics",
                    "Geography",
                    "Geology",
                    "History",
                    "Law",
                    "Mathematics and Computer Science",
                    "Physics"
                ],
                "ResearchScholarship": [],
                "EducationSpecialistDegree": []
            }
        }
    },
    {
        "GeneralInformation": {
            "Address": {
                "Street": "BP 6093",
                "City": "Nouakchott",
                "Province": "N/A",
                "PostCode": "N/A",
                "Website": "https://www.iscae.mr",
                "college_name": "Higher Institute of Accountings and Business Administration",
                "university_name": "Institut Sup\u00e9rieur de Comptabilit\u00e9 et d'Administration des Entreprises (ISCAE)"
            },
            "InstitutionFunding": "Public",
            "History": "Created 2009",
            "AcademicYear": "N/A",
            "AdmissionRequirements": [],
            "Languages": [
                "French"
            ],
            "StudentBody": "N/A"
        },
        "Divisions": [
            {
                "College": "Management, Economics and Law",
                "FieldsOfStudy": [
                    "Accountancy",
                    "Banking",
                    "Finance",
                    "Human Resources",
                    "Insurance",
                    "Marketing"
                ],
                "Details": "N/A"
            },
            {
                "College": "Quantitative and Computer Methods",
                "FieldsOfStudy": [
                    "Business Computing",
                    "Information Technology",
                    "Statistics",
                    "Telecommunications Engineering"
                ],
                "Details": "N/A"
            }
        ],
        "Degrees": {
            "Undergraduate": {
                "CertificateOrDiploma": [],
                "Bachelor'sDegree": []
            },
            "Postgraduate": {
                "PostBachelor'sDiplomaOrCertificate": [],
                "Master'sDegree": [
                    "Finance"
                ],
                "Doctor'sDegrees": [],
                "ResearchScholarship": [],
                "EducationSpecialistDegree": []
            }
        }
    },
    {
        "GeneralInformation": {
            "Address": {
                "Street": "Route Soukouk, Ilot F-Nord\nCeinture Verte, Tevragh Zeina",
                "City": "Nouakchott",
                "Province": "N/A",
                "PostCode": "N/A",
                "Website": "https://liu.edu.mr",
                "college_name": "Lebanese International University of Mauritania",
                "university_name": "(LIU- Mr)"
            },
            "InstitutionFunding": "Private",
            "History": "Founded 2008 as branch of the Lebanese International University",
            "AcademicYear": "From October to July (October-January, February-May, June-July)",
            "AdmissionRequirements": [
                "Secondary School Certificate (Baccalaur\u00e9at), entrance test"
            ],
            "Languages": [
                "Arabic",
                "French",
                "English"
            ],
            "StudentBody": "N/A"
        },
        "Divisions": [
            {
                "College": "Arts and Sciences",
                "FieldsOfStudy": [
                    "Computer Engineering",
                    "Computer Science"
                ],
                "Details": "N/A"
            },
            {
                "College": "Business and Law",
                "FieldsOfStudy": [
                    "Accountancy",
                    "Business Administration",
                    "Finance",
                    "Human Resources",
                    "Law",
                    "Management",
                    "Marketing",
                    "Public Administration"
                ],
                "Details": "N/A"
            },
            {
                "College": "Education and Humanities",
                "FieldsOfStudy": [
                    "Educational Administration",
                    "Educational Sciences",
                    "English",
                    "Translation and Interpretation"
                ],
                "Details": "N/A"
            },
            {
                "College": "Engineering",
                "FieldsOfStudy": [
                    "Electrical Engineering",
                    "Telecommunications Engineering"
                ],
                "Details": "N/A"
            }
        ],
        "Degrees": {
            "Undergraduate": {
                "CertificateOrDiploma": [],
                "Bachelor'sDegree": []
            },
            "Postgraduate": {
                "PostBachelor'sDiplomaOrCertificate": [],
                "Master'sDegree": [
                    "Accountancy",
                    "Business Administration",
                    "Computer Engineering",
                    "Computer Science",
                    "Educational Sciences",
                    "Finance",
                    "Law",
                    "Management",
                    "Public Administration"
                ],
                "Doctor'sDegrees": [],
                "ResearchScholarship": [],
                "EducationSpecialistDegree": []
            }
        }
    },
    {
        "GeneralInformation": {
            "Address": {
                "Street": "N/A",
                "City": "Nouakchott",
                "Province": "N/A",
                "PostCode": "N/A",
                "Website": "http://enajm.mr",
                "college_name": "National School of Administration, Journalism and Magistature",
                "university_name": "Ecole nationale d'administration, de journalisme et de magistrature (ENAJM)"
            },
            "InstitutionFunding": "Public",
            "History": "Founded 1966 as Ecole Nationale d'Administration. Acquired present status and title 2010.",
            "AcademicYear": "N/A",
            "AdmissionRequirements": [],
            "Languages": [
                "Arabic",
                "French"
            ],
            "StudentBody": "N/A"
        },
        "Divisions": [
            {
                "College": "Administration and Management",
                "FieldsOfStudy": [
                    "Public Administration"
                ],
                "Details": "N/A"
            },
            {
                "College": "Diplomacy",
                "FieldsOfStudy": [
                    "International Relations and Diplomacy"
                ],
                "Details": "N/A"
            },
            {
                "College": "Finance",
                "FieldsOfStudy": [
                    "Finance"
                ],
                "Details": "N/A"
            },
            {
                "College": "Journalism and Communication",
                "FieldsOfStudy": [
                    "Communication Arts",
                    "Journalism"
                ],
                "Details": "N/A"
            },
            {
                "College": "Law",
                "FieldsOfStudy": [
                    "Law"
                ],
                "Details": "N/A"
            }
        ],
        "Degrees": {
            "Undergraduate": {
                "CertificateOrDiploma": [],
                "Bachelor'sDegree": []
            },
            "Postgraduate": {
                "PostBachelor'sDiplomaOrCertificate": [],
                "Master'sDegree": [
                    "Communication Arts",
                    "Finance",
                    "International Relations and Diplomacy",
                    "Journalism",
                    "Law",
                    "Public Administration"
                ],
                "Doctor'sDegrees": [],
                "ResearchScholarship": [],
                "EducationSpecialistDegree": []
            }
        }
    },
    {
        "GeneralInformation": {
            "Address": {
                "Street": "E-Nord Tevrag Zeina 586-587",
                "City": "Nouakchott",
                "Province": "N/A",
                "PostCode": "N/A",
                "Website": "http://www.supmgtmauritanie.org",
                "college_name": "Sup' Management Mauritania",
                "university_name": "Sup' Management Mauritanie"
            },
            "InstitutionFunding": "Private",
            "History": "Sup' Management Mauritanie is being part of Universit\u00e9 Intercontinentale Libre (UICL).",
            "AcademicYear": "N/A",
            "AdmissionRequirements": [
                "Secondary School Certificate (Baccalaur\u00e9at)"
            ],
            "Languages": [],
            "StudentBody": "N/A"
        },
        "Divisions": [
            {
                "College": "Diplomacy and Governance",
                "FieldsOfStudy": [
                    "Government",
                    "International Relations and Diplomacy"
                ],
                "Details": "N/A"
            },
            {
                "College": "Engineering",
                "FieldsOfStudy": [
                    "Computer Engineering",
                    "Computer Networks",
                    "Engineering",
                    "Information Technology",
                    "Telecommunications Engineering"
                ],
                "Details": "N/A"
            },
            {
                "College": "Management",
                "FieldsOfStudy": [
                    "Business Administration",
                    "Engineering Management",
                    "Finance",
                    "Human Resources",
                    "International Business",
                    "Management"
                ],
                "Details": "N/A"
            },
            {
                "College": "Tourism",
                "FieldsOfStudy": [
                    "Hotel Management",
                    "Tourism"
                ],
                "Details": "N/A"
            }
        ],
        "Degrees": {
            "Undergraduate": {
                "CertificateOrDiploma": [],
                "Bachelor'sDegree": []
            },
            "Postgraduate": {
                "PostBachelor'sDiplomaOrCertificate": [],
                "Master'sDegree": [
                    "Business Administration",
                    "Computer Engineering",
                    "Computer Networks",
                    "Engineering Management",
                    "Finance",
                    "Human Resources",
                    "Information Technology",
                    "International Business",
                    "International Relations and Diplomacy",
                    "Management",
                    "Telecommunications Engineering"
                ],
                "Doctor'sDegrees": [],
                "ResearchScholarship": [],
                "EducationSpecialistDegree": []
            }
        }
    }
]