[
    {
        "GeneralInformation": {
            "Address": {
                "Street": "PO Box 278",
                "City": "Nuku'alofa",
                "Province": "N/A",
                "PostCode": "N/A",
                "Website": "https://www.usp.ac.fj/usp-tonga",
                "college_name": "University of the South Pacific Tonga Centre",
                "university_name": "(USP)"
            },
            "InstitutionFunding": "Public",
            "History": "Founded 1971. An extension centre of the University of South Pacific with responsibilities for Distance Education, Adult non-formal education, village and community development and appropriate technology.",
            "AcademicYear": "January to November (January-June; July-November)",
            "AdmissionRequirements": [
                "Secondary school certificate and successful completion of the foundation programme"
            ],
            "Languages": [
                "English"
            ],
            "StudentBody": "co-ed"
        },
        "Divisions": [
            {
                "College": "Extension Studies/Continuing Education",
                "FieldsOfStudy": [
                    "Agriculture",
                    "Arts and Humanities",
                    "Fine Arts",
                    "Law",
                    "Management",
                    "Natural Sciences"
                ],
                "Details": "N/A"
            }
        ],
        "Degrees": {
            "Undergraduate": {
                "CertificateOrDiploma": [],
                "Bachelor'sDegree": [
                    "Agriculture",
                    "Arts and Humanities",
                    "Fine Arts",
                    "Law",
                    "Natural Sciences"
                ]
            },
            "Postgraduate": {
                "PostBachelor'sDiplomaOrCertificate": [
                    "Management"
                ],
                "Master'sDegree": [],
                "Doctor'sDegrees": [],
                "ResearchScholarship": [],
                "EducationSpecialistDegree": []
            }
        }
    }
]