[
    {
        "GeneralInformation": {
            "Address": {
                "Street": "P.O. Box 3323",
                "City": "Safat",
                "Province": "N/A",
                "PostCode": "13034",
                "Website": "https://www.auk.edu.kw",
                "college_name": "American University of Kuwait",
                "university_name": "(AUK)"
            },
            "InstitutionFunding": "Private",
            "History": "Founded 2003",
            "AcademicYear": "N/A",
            "AdmissionRequirements": [],
            "Languages": [
                "English"
            ],
            "StudentBody": "N/A"
        },
        "Divisions": [
            {
                "College": "Arts and Sciences",
                "FieldsOfStudy": [
                    "Behavioural Sciences",
                    "Communication Arts",
                    "Computer Engineering",
                    "Computer Science",
                    "Electrical Engineering",
                    "English",
                    "Graphic Design",
                    "International Relations and Diplomacy",
                    "Media Studies"
                ],
                "Details": "N/A"
            },
            {
                "College": "Business and Economics",
                "FieldsOfStudy": [
                    "Accountancy",
                    "Economics",
                    "Finance",
                    "Management",
                    "Marketing"
                ],
                "Details": "N/A"
            },
            {
                "College": "Engineering and Applied Sciences",
                "FieldsOfStudy": [
                    "Computer Engineering",
                    "Computer Science",
                    "Engineering"
                ],
                "Details": "N/A"
            }
        ],
        "Degrees": {
            "Undergraduate": {
                "CertificateOrDiploma": [],
                "Bachelor'sDegree": [
                    "Accountancy",
                    "Behavioural Sciences",
                    "Business Administration",
                    "Computer Engineering",
                    "Computer Science",
                    "Economics",
                    "Electrical Engineering",
                    "Engineering",
                    "English",
                    "Finance",
                    "Graphic Design",
                    "Human Resources",
                    "Information Technology",
                    "International Relations and Diplomacy",
                    "Management",
                    "Marketing",
                    "Mass Communication",
                    "Media Studies",
                    "Social Sciences"
                ]
            },
            "Postgraduate": {
                "PostBachelor'sDiplomaOrCertificate": [],
                "Master'sDegree": [],
                "Doctor'sDegrees": [],
                "ResearchScholarship": [],
                "EducationSpecialistDegree": []
            }
        }
    },
    {
        "GeneralInformation": {
            "Address": {
                "Street": "P.O. Box 220\nBlock 6, Building 1",
                "City": "Egaila",
                "Province": "N/A",
                "PostCode": "15453",
                "Website": "http://www.aum.edu.kw",
                "college_name": "American University of the Middle East",
                "university_name": "(AUM)"
            },
            "InstitutionFunding": "Private",
            "History": "Created 2005",
            "AcademicYear": "N/A",
            "AdmissionRequirements": [],
            "Languages": [
                "English"
            ],
            "StudentBody": "N/A"
        },
        "Divisions": [
            {
                "College": "Business Administration",
                "FieldsOfStudy": [
                    "Accountancy",
                    "Business Administration",
                    "Business Computing",
                    "Finance",
                    "Human Resources",
                    "Management",
                    "Marketing"
                ],
                "Details": "N/A"
            },
            {
                "College": "Engineering and Technology",
                "FieldsOfStudy": [
                    "Computer Engineering",
                    "Electrical Engineering",
                    "Industrial Engineering",
                    "Information Technology",
                    "Telecommunications Engineering"
                ],
                "Details": "N/A"
            }
        ],
        "Degrees": {
            "Undergraduate": {
                "CertificateOrDiploma": [],
                "Bachelor'sDegree": [
                    "Accountancy",
                    "Chemical Engineering",
                    "Civil Engineering",
                    "Computer Engineering",
                    "Electrical Engineering",
                    "Finance",
                    "Human Resources",
                    "Industrial Engineering",
                    "Information Technology",
                    "Management Systems",
                    "Marketing",
                    "Mechanical Engineering",
                    "Structural Architecture",
                    "Telecommunications Engineering"
                ]
            },
            "Postgraduate": {
                "PostBachelor'sDiplomaOrCertificate": [],
                "Master'sDegree": [
                    "Business Administration"
                ],
                "Doctor'sDegrees": [],
                "ResearchScholarship": [],
                "EducationSpecialistDegree": []
            }
        }
    },
    {
        "GeneralInformation": {
            "Address": {
                "Street": "P.O. Box 830\nAl-Ardiya Industrial area, Government usages zone\nNext to The Public Institution for Social Security building",
                "City": "Al-Ardiya",
                "Province": "N/A",
                "PostCode": "830 92400",
                "Website": "http://www.aou.edu.kw",
                "college_name": "Arab Open University - Kuwait Branch",
                "university_name": "Arab Open University \u2013 Arab Open University (AOU)"
            },
            "InstitutionFunding": "Private",
            "History": "Founded 2002, partnership with the Open University UK",
            "AcademicYear": "N/A",
            "AdmissionRequirements": [],
            "Languages": [
                "Arabic",
                "English"
            ],
            "StudentBody": "N/A"
        },
        "Divisions": [
            {
                "College": "Business Studies",
                "FieldsOfStudy": [
                    "Business Administration",
                    "Business and Commerce"
                ],
                "Details": "N/A"
            },
            {
                "College": "Computer Studies",
                "FieldsOfStudy": [
                    "Computer Science",
                    "Information Technology",
                    "Software Engineering"
                ],
                "Details": "N/A"
            },
            {
                "College": "Language Studies",
                "FieldsOfStudy": [
                    "English",
                    "Literature"
                ],
                "Details": "N/A"
            }
        ],
        "Degrees": {
            "Undergraduate": {
                "CertificateOrDiploma": [],
                "Bachelor'sDegree": [
                    "Accountancy",
                    "Business Administration",
                    "Computer Science",
                    "Economics",
                    "English",
                    "Information Technology",
                    "Literature",
                    "Management",
                    "Marketing"
                ]
            },
            "Postgraduate": {
                "PostBachelor'sDiplomaOrCertificate": [],
                "Master'sDegree": "N/A",
                "Doctor'sDegrees": [],
                "ResearchScholarship": [],
                "EducationSpecialistDegree": []
            }
        }
    },
    {
        "GeneralInformation": {
            "Address": {
                "Street": "P.O. Box 1411\nWest Mishref\nMubarak Al-Abdullah Al-Jaber Area\nBlock 5 - Al Aqsa Mosque Street\nBuilding 1",
                "City": "Safat",
                "Province": "N/A",
                "PostCode": "13015",
                "Website": "https://www.ack.edu.kw/en",
                "college_name": "Australian College of Kuwait",
                "university_name": "(ACK)"
            },
            "InstitutionFunding": "Private",
            "History": "Founded 2004",
            "AcademicYear": "N/A",
            "AdmissionRequirements": [],
            "Languages": [
                "English"
            ],
            "StudentBody": "N/A"
        },
        "Divisions": [
            {
                "College": "Teaching and Learning",
                "FieldsOfStudy": "N/A",
                "Details": "N/A"
            },
            {
                "College": "English Language",
                "FieldsOfStudy": [
                    "English"
                ],
                "Details": "N/A"
            },
            {
                "College": "Aviation",
                "FieldsOfStudy": [
                    "Maintenance Technology"
                ],
                "Details": "N/A"
            },
            {
                "College": "Business",
                "FieldsOfStudy": [
                    "Business Administration",
                    "Human Resources",
                    "Management",
                    "Marketing"
                ],
                "Details": "N/A"
            },
            {
                "College": "Engineering",
                "FieldsOfStudy": [
                    "Civil Engineering",
                    "Electrical Engineering",
                    "Mechanical Engineering",
                    "Petroleum and Gas Engineering"
                ],
                "Details": "N/A"
            }
        ],
        "Degrees": {
            "Undergraduate": {
                "CertificateOrDiploma": [],
                "Bachelor'sDegree": [
                    "Business Administration",
                    "Civil Engineering",
                    "Electronic Engineering",
                    "Electronics and Automation",
                    "Management",
                    "Marketing",
                    "Mechanical Engineering",
                    "Petroleum and Gas Engineering"
                ]
            },
            "Postgraduate": {
                "PostBachelor'sDiplomaOrCertificate": [],
                "Master'sDegree": [],
                "Doctor'sDegrees": [],
                "ResearchScholarship": [],
                "EducationSpecialistDegree": []
            }
        }
    },
    {
        "GeneralInformation": {
            "Address": {
                "Street": "P.O. Box 34053\nBlock (4) 45 Sami Qassem Al-Mishri Street",
                "City": "Adailiya",
                "Province": "N/A",
                "PostCode": "73251",
                "Website": "https://pprdportal.paaet.edu.kw/colleges/en/collegeofbasiceducation/Pages/default.aspx",
                "college_name": "College of Basic Education",
                "university_name": "PAAET Basic Education College (CBE)"
            },
            "InstitutionFunding": "Public",
            "History": "Founded 1962",
            "AcademicYear": "N/A",
            "AdmissionRequirements": [],
            "Languages": [
                "Arabic"
            ],
            "StudentBody": "co-ed"
        },
        "Divisions": [
            {
                "College": "Arabic Language and Literature",
                "FieldsOfStudy": [
                    "Arabic",
                    "Literature"
                ],
                "Details": "N/A"
            },
            {
                "College": "Art Education",
                "FieldsOfStudy": [
                    "Art Education"
                ],
                "Details": "N/A"
            },
            {
                "College": "Computer Science",
                "FieldsOfStudy": [
                    "Computer Science"
                ],
                "Details": "N/A"
            },
            {
                "College": "Curricula and Teaching Methods",
                "FieldsOfStudy": [
                    "Curriculum",
                    "Pedagogy"
                ],
                "Details": "N/A"
            },
            {
                "College": "Educational Assets and Administration",
                "FieldsOfStudy": [
                    "Educational Administration"
                ],
                "Details": "N/A"
            },
            {
                "College": "Educational Technology",
                "FieldsOfStudy": [
                    "Educational Technology"
                ],
                "Details": "N/A"
            },
            {
                "College": "Electrical Engineering",
                "FieldsOfStudy": [
                    "Electrical Engineering"
                ],
                "Details": "N/A"
            },
            {
                "College": "English",
                "FieldsOfStudy": [
                    "English"
                ],
                "Details": "N/A"
            },
            {
                "College": "Home Economics",
                "FieldsOfStudy": [
                    "Home Economics"
                ],
                "Details": "N/A"
            },
            {
                "College": "Interior Design",
                "FieldsOfStudy": [
                    "Interior Design"
                ],
                "Details": "N/A"
            },
            {
                "College": "Islamic Studies",
                "FieldsOfStudy": [
                    "Islamic Studies"
                ],
                "Details": "N/A"
            },
            {
                "College": "Library and Information Sciences",
                "FieldsOfStudy": [
                    "Information Sciences",
                    "Library Science"
                ],
                "Details": "N/A"
            },
            {
                "College": "Mathematics",
                "FieldsOfStudy": [
                    "Mathematics"
                ],
                "Details": "N/A"
            },
            {
                "College": "Music Education",
                "FieldsOfStudy": [
                    "Music Education"
                ],
                "Details": "N/A"
            },
            {
                "College": "Physical Education and Sports",
                "FieldsOfStudy": [
                    "Physical Education",
                    "Sports"
                ],
                "Details": "N/A"
            },
            {
                "College": "Practical Education",
                "FieldsOfStudy": [
                    "Education"
                ],
                "Details": "N/A"
            },
            {
                "College": "Psychology",
                "FieldsOfStudy": [
                    "Psychology"
                ],
                "Details": "N/A"
            },
            {
                "College": "Science",
                "FieldsOfStudy": [
                    "Natural Sciences"
                ],
                "Details": "N/A"
            },
            {
                "College": "Social Studies",
                "FieldsOfStudy": [
                    "Social Studies"
                ],
                "Details": "N/A"
            },
            {
                "College": "Special Education",
                "FieldsOfStudy": [
                    "Special Education"
                ],
                "Details": "N/A"
            }
        ],
        "Degrees": {
            "Undergraduate": {
                "CertificateOrDiploma": [],
                "Bachelor'sDegree": [
                    "Teacher Training"
                ]
            },
            "Postgraduate": {
                "PostBachelor'sDiplomaOrCertificate": [],
                "Master'sDegree": [],
                "Doctor'sDegrees": [],
                "ResearchScholarship": [],
                "EducationSpecialistDegree": []
            }
        }
    },
    {
        "GeneralInformation": {
            "Address": {
                "Street": "Technology Complex\nopposite Kuwait University, Jamal Abdel Nasser Street",
                "City": "Shuwaikh",
                "Province": "N/A",
                "PostCode": "N/A",
                "Website": "http://www.paaet.edu.kw/mysite/Default.aspx?tabid=6899&language=en-US",
                "college_name": "College of Health Sciences",
                "university_name": "(CHS)"
            },
            "InstitutionFunding": "Public",
            "History": "Founded 1974",
            "AcademicYear": "N/A",
            "AdmissionRequirements": [],
            "Languages": [
                "Arabic"
            ],
            "StudentBody": "N/A"
        },
        "Divisions": [
            {
                "College": "Applied Medical Sciences",
                "FieldsOfStudy": [
                    "Health Sciences"
                ],
                "Details": "N/A"
            },
            {
                "College": "Environmental Sciences",
                "FieldsOfStudy": [
                    "Environmental Studies"
                ],
                "Details": "N/A"
            },
            {
                "College": "Food Science and Nutrition",
                "FieldsOfStudy": [
                    "Food Science",
                    "Nutrition"
                ],
                "Details": "N/A"
            },
            {
                "College": "Medical Laboratory Technology",
                "FieldsOfStudy": [
                    "Laboratory Techniques"
                ],
                "Details": "N/A"
            },
            {
                "College": "Medical Records",
                "FieldsOfStudy": [
                    "Health Sciences"
                ],
                "Details": "N/A"
            },
            {
                "College": "Natural Sciences",
                "FieldsOfStudy": [
                    "Natural Sciences"
                ],
                "Details": "N/A"
            },
            {
                "College": "Oral And Dental Health",
                "FieldsOfStudy": [
                    "Dental Hygiene"
                ],
                "Details": "N/A"
            },
            {
                "College": "Pharmaceutical Sciences",
                "FieldsOfStudy": [
                    "Pharmacy"
                ],
                "Details": "N/A"
            },
            {
                "College": "English Language",
                "FieldsOfStudy": "N/A",
                "Details": "N/A"
            }
        ],
        "Degrees": {
            "Undergraduate": {
                "CertificateOrDiploma": [],
                "Bachelor'sDegree": [
                    "Health Sciences"
                ]
            },
            "Postgraduate": {
                "PostBachelor'sDiplomaOrCertificate": [],
                "Master'sDegree": [],
                "Doctor'sDegrees": [],
                "ResearchScholarship": [],
                "EducationSpecialistDegree": []
            }
        }
    },
    {
        "GeneralInformation": {
            "Address": {
                "Street": "P.O. Box 14281",
                "City": "Shuwaikh",
                "Province": "N/A",
                "PostCode": "72853",
                "Website": "http://www.paaet.edu.kw/mysite/Default.aspx?alias=www.paaet.edu.kw/mysite/nursing-en",
                "college_name": "College of Nursing",
                "university_name": "(NC)"
            },
            "InstitutionFunding": "Public",
            "History": "Founded 2003",
            "AcademicYear": "N/A",
            "AdmissionRequirements": [],
            "Languages": [
                "English"
            ],
            "StudentBody": "N/A"
        },
        "Divisions": [
            {
                "College": "Biomedical Science",
                "FieldsOfStudy": [
                    "Biomedicine"
                ],
                "Details": "N/A"
            },
            {
                "College": "Nursing",
                "FieldsOfStudy": [
                    "Nursing"
                ],
                "Details": "Bachelor of Science"
            },
            {
                "College": "Nursing",
                "FieldsOfStudy": [
                    "Nursing"
                ],
                "Details": "Associate Degree"
            },
            {
                "College": "Specialized Programmes",
                "FieldsOfStudy": "N/A",
                "Details": "N/A"
            },
            {
                "College": "English Language",
                "FieldsOfStudy": [
                    "English"
                ],
                "Details": "N/A"
            },
            {
                "College": "General Science",
                "FieldsOfStudy": [
                    "Natural Sciences"
                ],
                "Details": "N/A"
            }
        ],
        "Degrees": {
            "Undergraduate": {
                "CertificateOrDiploma": [],
                "Bachelor'sDegree": [
                    "Nursing"
                ]
            },
            "Postgraduate": {
                "PostBachelor'sDiplomaOrCertificate": [],
                "Master'sDegree": [],
                "Doctor'sDegrees": [],
                "ResearchScholarship": [],
                "EducationSpecialistDegree": []
            }
        }
    },
    {
        "GeneralInformation": {
            "Address": {
                "Street": "P.O. Box 42325",
                "City": "Shuwaikh",
                "Province": "N/A",
                "PostCode": "70654",
                "Website": "http://paaetwp.paaet.edu.kw/cts",
                "college_name": "College of Technological Studies",
                "university_name": "(CTS)"
            },
            "InstitutionFunding": "Public",
            "History": "Founded 1954 as Industrial College, renamed Kuwait Institute for Applied Technology 1976, acquired current status and title 1986",
            "AcademicYear": "N/A",
            "AdmissionRequirements": [],
            "Languages": [
                "Arabic"
            ],
            "StudentBody": "N/A"
        },
        "Divisions": [
            {
                "College": "Automotive and Marine Engineering Technology",
                "FieldsOfStudy": [
                    "Automotive Engineering",
                    "Marine Engineering"
                ],
                "Details": "N/A"
            },
            {
                "College": "Chemical Engineering Technology",
                "FieldsOfStudy": [
                    "Chemical Engineering"
                ],
                "Details": "N/A"
            },
            {
                "College": "Civil Engineering Technology",
                "FieldsOfStudy": [
                    "Civil Engineering"
                ],
                "Details": "N/A"
            },
            {
                "College": "Electrical Engineering Technology",
                "FieldsOfStudy": [
                    "Electrical Engineering"
                ],
                "Details": "N/A"
            },
            {
                "College": "Electronic and Computer Engineering Technology",
                "FieldsOfStudy": [
                    "Computer Engineering",
                    "Electronic Engineering"
                ],
                "Details": "N/A"
            },
            {
                "College": "Laboratory Technology",
                "FieldsOfStudy": [
                    "Laboratory Techniques"
                ],
                "Details": "N/A"
            },
            {
                "College": "Manufacturing Engineering Technology",
                "FieldsOfStudy": [
                    "Production Engineering"
                ],
                "Details": "N/A"
            },
            {
                "College": "Mechanical Power and Refrigeration Technology",
                "FieldsOfStudy": [
                    "Heating and Refrigeration",
                    "Mechanical Engineering"
                ],
                "Details": "N/A"
            },
            {
                "College": "Petroleum Engineering Technology",
                "FieldsOfStudy": [
                    "Petroleum and Gas Engineering"
                ],
                "Details": "N/A"
            }
        ],
        "Degrees": {
            "Undergraduate": {
                "CertificateOrDiploma": [],
                "Bachelor'sDegree": [
                    "Engineering",
                    "Technology"
                ]
            },
            "Postgraduate": {
                "PostBachelor'sDiplomaOrCertificate": [],
                "Master'sDegree": [],
                "Doctor'sDegrees": [],
                "ResearchScholarship": [],
                "EducationSpecialistDegree": []
            }
        }
    },
    {
        "GeneralInformation": {
            "Address": {
                "Street": "Block 5, Building 1\nMubarak Al-Abdullah Area\nWest Mishref",
                "City": "Kuwait",
                "Province": "N/A",
                "PostCode": "40005",
                "Website": "https://www.gust.edu.kw",
                "college_name": "Gulf University for Science and Technology",
                "university_name": "(GUST)"
            },
            "InstitutionFunding": "Private",
            "History": "Created in 2000 by the Private Universities Decree, No. 34, issued by the State of Kuwait, resulting in the establishment of a temporary campus in Hawally. The Emiri Decree No. 156 in 2002 completed the legal establishment of GUST as the first private university in the State of Kuwait and permitted the start of the first academic year in 2002\u20132003.",
            "AcademicYear": "September - August",
            "AdmissionRequirements": [],
            "Languages": [
                "English"
            ],
            "StudentBody": "co-ed"
        },
        "Divisions": [
            {
                "College": "Arts and Sciences",
                "FieldsOfStudy": [
                    "Advertising and Publicity",
                    "Anthropology",
                    "Arabic",
                    "Art History",
                    "Behavioural Sciences",
                    "Chemistry",
                    "Chinese",
                    "Cinema and Television",
                    "Classical Languages",
                    "Communication Studies",
                    "Comparative Literature",
                    "Computer Science",
                    "Cultural Studies",
                    "English",
                    "Environmental Studies",
                    "French",
                    "History",
                    "Islamic Studies",
                    "Journalism",
                    "Linguistics",
                    "Literature",
                    "Mass Communication",
                    "Mathematics",
                    "Modern Languages",
                    "Music",
                    "Natural Sciences",
                    "Philosophy",
                    "Physics",
                    "Political Sciences",
                    "Psychology",
                    "Public Relations",
                    "Secondary Education",
                    "Sociology",
                    "Spanish",
                    "Statistics",
                    "Teacher Training",
                    "Theatre",
                    "Translation and Interpretation",
                    "Visual Arts",
                    "Writing"
                ],
                "Details": "N/A"
            },
            {
                "College": "Business Administration",
                "FieldsOfStudy": [
                    "Accountancy",
                    "Business Administration",
                    "Economics",
                    "Finance",
                    "Human Resources",
                    "Information Management",
                    "Information Sciences",
                    "Insurance",
                    "International Business",
                    "Management",
                    "Marketing"
                ],
                "Details": "N/A"
            },
            {
                "College": "College of Engineering and Architecture",
                "FieldsOfStudy": [
                    "Computer Engineering",
                    "Electrical and Electronic Engineering",
                    "Engineering Management"
                ],
                "Details": "N/A"
            },
            {
                "College": "Graduate Studies and Research",
                "FieldsOfStudy": [
                    "Business Administration"
                ],
                "Details": "N/A"
            }
        ],
        "Degrees": {
            "Undergraduate": {
                "CertificateOrDiploma": [],
                "Bachelor'sDegree": [
                    "Accountancy",
                    "Administration",
                    "Business Administration",
                    "Business and Commerce",
                    "Computer Engineering",
                    "Computer Science",
                    "Educational Sciences",
                    "Electrical and Electronic Engineering",
                    "Electrical Engineering",
                    "Engineering Management",
                    "English",
                    "Finance",
                    "Information Management",
                    "International Business",
                    "Linguistics",
                    "Literature",
                    "Management",
                    "Management Systems",
                    "Marketing",
                    "Mass Communication",
                    "Secondary Education",
                    "Translation and Interpretation"
                ]
            },
            "Postgraduate": {
                "PostBachelor'sDiplomaOrCertificate": [],
                "Master'sDegree": [
                    "Business Administration"
                ],
                "Doctor'sDegrees": [],
                "ResearchScholarship": [],
                "EducationSpecialistDegree": []
            }
        }
    },
    {
        "GeneralInformation": {
            "Address": {
                "Street": "P.O. Box 59062\nBlock 4",
                "City": "Doha",
                "Province": "N/A",
                "PostCode": "93151",
                "Website": "https://kilaw.edu.kw",
                "college_name": "Kuwait International Law College",
                "university_name": "(KILAW)"
            },
            "InstitutionFunding": "Private",
            "History": "Founded 2008",
            "AcademicYear": "N/A",
            "AdmissionRequirements": [],
            "Languages": [
                "English"
            ],
            "StudentBody": "N/A"
        },
        "Divisions": [
            {
                "College": "Arabic Language",
                "FieldsOfStudy": [
                    "Arabic"
                ],
                "Details": "N/A"
            },
            {
                "College": "Criminal Law",
                "FieldsOfStudy": [
                    "Criminal Law"
                ],
                "Details": "N/A"
            },
            {
                "College": "English Language",
                "FieldsOfStudy": [
                    "English"
                ],
                "Details": "N/A"
            },
            {
                "College": "English Legal Courses",
                "FieldsOfStudy": [
                    "Law"
                ],
                "Details": "N/A"
            },
            {
                "College": "Information Technology",
                "FieldsOfStudy": [
                    "Information Technology"
                ],
                "Details": "N/A"
            },
            {
                "College": "Private Law",
                "FieldsOfStudy": [
                    "Civil Law",
                    "Commercial Law"
                ],
                "Details": "N/A"
            },
            {
                "College": "Public International Law",
                "FieldsOfStudy": [
                    "International Law",
                    "Public Law"
                ],
                "Details": "N/A"
            },
            {
                "College": "Public Law",
                "FieldsOfStudy": [
                    "Comparative Law",
                    "Economic and Finance Policy",
                    "Islamic Law",
                    "Law"
                ],
                "Details": "N/A"
            }
        ],
        "Degrees": {
            "Undergraduate": {
                "CertificateOrDiploma": [],
                "Bachelor'sDegree": [
                    "Law"
                ]
            },
            "Postgraduate": {
                "PostBachelor'sDiplomaOrCertificate": [],
                "Master'sDegree": [
                    "Law"
                ],
                "Doctor'sDegrees": [],
                "ResearchScholarship": [],
                "EducationSpecialistDegree": []
            }
        }
    },
    {
        "GeneralInformation": {
            "Address": {
                "Street": "P.O. Box 5969",
                "City": "Safat",
                "Province": "N/A",
                "PostCode": "13060",
                "Website": "http://www.kuniv.edu.kw",
                "college_name": "Kuwait University",
                "university_name": "Jami'at Al-Kuwait (KUNIV)"
            },
            "InstitutionFunding": "Public",
            "History": "Founded 1966. A State institution under the jurisdiction of the Ministry of Education",
            "AcademicYear": "September to August (September-January; February-June; July-August)",
            "AdmissionRequirements": [
                "Secondary school certificate or equivalent and entrance examination"
            ],
            "Languages": [
                "Arabic",
                "English"
            ],
            "StudentBody": "N/A"
        },
        "Divisions": [
            {
                "College": "Arabic Regional Center for Environment Law",
                "FieldsOfStudy": "N/A",
                "Details": "N/A"
            },
            {
                "College": "Community Services and Continuing Education",
                "FieldsOfStudy": "N/A",
                "Details": "N/A"
            },
            {
                "College": "Distance Learning",
                "FieldsOfStudy": "N/A",
                "Details": "N/A"
            },
            {
                "College": "Gulf and Arabian Peninsula Studies",
                "FieldsOfStudy": "N/A",
                "Details": "N/A"
            },
            {
                "College": "Health Sciences",
                "FieldsOfStudy": [
                    "Dentistry",
                    "Health Administration",
                    "Medical Auxiliaries",
                    "Medical Technology",
                    "Medicine",
                    "Occupational Therapy",
                    "Pharmacology",
                    "Pharmacy",
                    "Physical Therapy",
                    "Radiology",
                    "Speech Therapy and Audiology"
                ],
                "Details": "N/A"
            },
            {
                "College": "Allied Health Science",
                "FieldsOfStudy": [
                    "Health Sciences"
                ],
                "Details": "N/A"
            },
            {
                "College": "Architecture",
                "FieldsOfStudy": [
                    "Architecture",
                    "Interior Design",
                    "Visual Arts"
                ],
                "Details": "N/A"
            },
            {
                "College": "Arts",
                "FieldsOfStudy": [
                    "Arabic",
                    "English",
                    "Geography",
                    "History",
                    "Mass Communication",
                    "Philosophy",
                    "Psychology"
                ],
                "Details": "N/A"
            },
            {
                "College": "Business Administration",
                "FieldsOfStudy": [
                    "Accountancy",
                    "Administration",
                    "Business Administration",
                    "Economics",
                    "Finance",
                    "Information Management",
                    "Management",
                    "Marketing",
                    "Public Administration"
                ],
                "Details": "N/A"
            },
            {
                "College": "Dentistry",
                "FieldsOfStudy": [
                    "Dentistry"
                ],
                "Details": "N/A"
            },
            {
                "College": "Education",
                "FieldsOfStudy": [
                    "Curriculum",
                    "Education",
                    "Educational Administration",
                    "Educational and Student Counselling",
                    "Educational Psychology",
                    "Preschool Education",
                    "Primary Education",
                    "Secondary Education"
                ],
                "Details": "N/A"
            },
            {
                "College": "Engineering and Petroleum",
                "FieldsOfStudy": [
                    "Chemical Engineering",
                    "Civil Engineering",
                    "Electrical Engineering",
                    "Industrial Engineering",
                    "Mechanical Engineering",
                    "Petroleum and Gas Engineering"
                ],
                "Details": "N/A"
            },
            {
                "College": "Graduate Studies",
                "FieldsOfStudy": [
                    "Earth Sciences",
                    "Environmental Studies",
                    "Finance",
                    "Geological Engineering",
                    "Molecular Biology",
                    "Petroleum and Gas Engineering",
                    "Surveying and Mapping"
                ],
                "Details": "N/A"
            },
            {
                "College": "Law",
                "FieldsOfStudy": [
                    "Criminal Law",
                    "International Law",
                    "Law",
                    "Private Law",
                    "Public Law"
                ],
                "Details": "N/A"
            },
            {
                "College": "Life Sciences",
                "FieldsOfStudy": [
                    "Biological and Life Sciences"
                ],
                "Details": "N/A"
            },
            {
                "College": "Medicine",
                "FieldsOfStudy": [
                    "Medicine"
                ],
                "Details": "N/A"
            },
            {
                "College": "Pharmacy",
                "FieldsOfStudy": [
                    "Pharmacy"
                ],
                "Details": "N/A"
            },
            {
                "College": "Public Health",
                "FieldsOfStudy": [
                    "Public Health"
                ],
                "Details": "N/A"
            },
            {
                "College": "Science",
                "FieldsOfStudy": [
                    "Biochemistry",
                    "Biological and Life Sciences",
                    "Chemistry",
                    "Computer Science",
                    "Earth Sciences",
                    "Environmental Studies",
                    "Geology",
                    "Mathematics",
                    "Physics",
                    "Zoology"
                ],
                "Details": "N/A"
            },
            {
                "College": "Sharia and Islamic Studies",
                "FieldsOfStudy": [
                    "Comparative Law",
                    "Islamic Law",
                    "Islamic Studies",
                    "Koran"
                ],
                "Details": "N/A"
            },
            {
                "College": "Social Sciences",
                "FieldsOfStudy": [
                    "Geography",
                    "Information Sciences",
                    "Library Science",
                    "Political Sciences",
                    "Psychology",
                    "Social Sciences",
                    "Social Work",
                    "Sociology"
                ],
                "Details": "N/A"
            }
        ],
        "Degrees": {
            "Undergraduate": {
                "CertificateOrDiploma": [
                    "Finance",
                    "Paediatrics",
                    "Psychology",
                    "Public Administration"
                ],
                "Bachelor'sDegree": [
                    "Architecture",
                    "Arts and Humanities",
                    "Biological and Life Sciences",
                    "Business Administration",
                    "Computer Engineering",
                    "Computer Science",
                    "Dentistry",
                    "Education",
                    "Engineering",
                    "Health Sciences",
                    "Islamic Law",
                    "Islamic Studies",
                    "Law",
                    "Medicine",
                    "Natural Sciences",
                    "Petroleum and Gas Engineering",
                    "Pharmacy",
                    "Public Health"
                ]
            },
            "Postgraduate": {
                "PostBachelor'sDiplomaOrCertificate": [],
                "Master'sDegree": [
                    "Accountancy",
                    "Anatomy",
                    "Arabic",
                    "Architecture",
                    "Biochemistry",
                    "Biological and Life Sciences",
                    "Biology",
                    "Biomedicine",
                    "Biotechnology",
                    "Business Administration",
                    "Chemical Engineering",
                    "Chemistry",
                    "Civil Engineering",
                    "Comparative Literature",
                    "Computer Engineering",
                    "Computer Science",
                    "Cultural Studies",
                    "Curriculum",
                    "Dental Technology",
                    "Dentistry",
                    "Earth Sciences",
                    "Economics",
                    "Education",
                    "Educational Administration",
                    "Educational and Student Counselling",
                    "Electrical Engineering",
                    "Electronics and Automation",
                    "Environmental Studies",
                    "Finance",
                    "Food Science",
                    "Geography (Human)",
                    "Geological Engineering",
                    "Geology",
                    "Health Administration",
                    "History",
                    "Industrial Engineering",
                    "Information Sciences",
                    "Information Technology",
                    "Islamic Law",
                    "Islamic Studies",
                    "Koran",
                    "Laboratory Techniques",
                    "Literature",
                    "Mathematics",
                    "Mechanical Engineering",
                    "Medical Technology",
                    "Microbiology",
                    "Molecular Biology",
                    "Natural Sciences",
                    "Nutrition",
                    "Occupational Health",
                    "Operations Research",
                    "Paediatrics",
                    "Pathology",
                    "Petroleum and Gas Engineering",
                    "Pharmacology",
                    "Pharmacy",
                    "Philosophy",
                    "Physics",
                    "Physiology",
                    "Political Sciences",
                    "Private Law",
                    "Psychology",
                    "Public Health",
                    "Public Law",
                    "Religion",
                    "Social Work",
                    "Sociology",
                    "Statistics",
                    "Surveying and Mapping",
                    "Teacher Training",
                    "Toxicology"
                ],
                "Doctor'sDegrees": [],
                "ResearchScholarship": [],
                "EducationSpecialistDegree": []
            }
        }
    },
    {
        "GeneralInformation": {
            "Address": {
                "Street": "Block 3, Salem Al Jumaian Street\nKuwait Teachers Society Building",
                "City": "Dasma",
                "Province": "N/A",
                "PostCode": "N/A",
                "Website": "http://www.msm-kuwait.com",
                "college_name": "Kuwait-Maastricht Business School",
                "university_name": "(MSM Kuwait)"
            },
            "InstitutionFunding": "Private",
            "History": "Founded 2003",
            "AcademicYear": "N/A",
            "AdmissionRequirements": [],
            "Languages": [
                "English"
            ],
            "StudentBody": "N/A"
        },
        "Divisions": [
            {
                "College": "Business Administration",
                "FieldsOfStudy": [
                    "Business Administration"
                ],
                "Details": "N/A"
            }
        ],
        "Degrees": {
            "Undergraduate": {
                "CertificateOrDiploma": [],
                "Bachelor'sDegree": []
            },
            "Postgraduate": {
                "PostBachelor'sDiplomaOrCertificate": [],
                "Master'sDegree": [
                    "Business Administration"
                ],
                "Doctor'sDegrees": [],
                "ResearchScholarship": [],
                "EducationSpecialistDegree": []
            }
        }
    }
]