[
    {
        "GeneralInformation": {
            "Address": {
                "Street": "Private Mail Bag\nSaweni",
                "City": "Lautoka",
                "Province": "N/A",
                "PostCode": "N/A",
                "Website": "https://www.unifiji.ac.fj",
                "college_name": "The University of Fiji",
                "university_name": "(UniFiji)"
            },
            "InstitutionFunding": "Private",
            "History": "Created 2005",
            "AcademicYear": "N/A",
            "AdmissionRequirements": [],
            "Languages": [
                "English",
                "Fijian",
                "Hindi"
            ],
            "StudentBody": "co-ed"
        },
        "Divisions": [
            {
                "College": "I-Taukei Studies",
                "FieldsOfStudy": [
                    "Speech Studies"
                ],
                "Details": "N/A"
            },
            {
                "College": "Business and Economics",
                "FieldsOfStudy": [
                    "Accountancy",
                    "Arts and Humanities",
                    "Business Administration",
                    "Business Computing",
                    "Computer Science",
                    "Economics"
                ],
                "Details": "N/A"
            },
            {
                "College": "Humanities and Arts",
                "FieldsOfStudy": [
                    "Education",
                    "Educational Administration",
                    "English",
                    "Hindi",
                    "Literature",
                    "Teacher Training"
                ],
                "Details": "N/A"
            },
            {
                "College": "Law",
                "FieldsOfStudy": [
                    "Law"
                ],
                "Details": "N/A"
            },
            {
                "College": "Science and Technology",
                "FieldsOfStudy": [
                    "Biology",
                    "Business Computing",
                    "Chemistry",
                    "Computer Science",
                    "Economics",
                    "Environmental Studies",
                    "Information Technology",
                    "Mathematics",
                    "Mathematics and Computer Science",
                    "Physics",
                    "Technology"
                ],
                "Details": "N/A"
            },
            {
                "College": "Umanand Prasad School of Medicine and Health Science",
                "FieldsOfStudy": [
                    "Anaesthesiology",
                    "Community Health",
                    "Epidemiology",
                    "Nursing",
                    "Obstetrics and Gynaecology",
                    "Orthopaedics",
                    "Paediatrics",
                    "Psychiatry and Mental Health",
                    "Surgery"
                ],
                "Details": "N/A"
            }
        ],
        "Degrees": {
            "Undergraduate": {
                "CertificateOrDiploma": [
                    "Arts and Humanities",
                    "Biology",
                    "Business Administration",
                    "Computer Science",
                    "Economics",
                    "Education",
                    "English",
                    "Environmental Studies",
                    "Hindi",
                    "Hotel Management",
                    "Human Resources",
                    "Information Sciences",
                    "Law",
                    "Literature",
                    "Management",
                    "Mathematics",
                    "Mathematics and Computer Science",
                    "Social Sciences",
                    "Technology"
                ],
                "Bachelor'sDegree": [
                    "Accountancy",
                    "Arts and Humanities",
                    "Biology",
                    "Business Administration",
                    "Business Computing",
                    "Chemistry",
                    "Computer Science",
                    "Economics",
                    "Education",
                    "Educational Administration",
                    "English",
                    "Environmental Management",
                    "Environmental Studies",
                    "Hindi",
                    "Hotel Management",
                    "Human Resources",
                    "Information Technology",
                    "International Studies",
                    "Law",
                    "Literature",
                    "Management",
                    "Mathematics",
                    "Mathematics and Computer Science",
                    "Medicine",
                    "Native Language",
                    "Physics",
                    "Surgery",
                    "Teacher Training",
                    "Technology"
                ]
            },
            "Postgraduate": {
                "PostBachelor'sDiplomaOrCertificate": [
                    "Arts and Humanities",
                    "Business Administration",
                    "Business Computing",
                    "Computer Science",
                    "Economics",
                    "Education",
                    "English",
                    "Environmental Studies",
                    "Hindi",
                    "Hotel Management",
                    "Human Resources",
                    "Information Technology",
                    "Law",
                    "Literature",
                    "Management",
                    "Mathematics",
                    "Mathematics and Computer Science",
                    "Native Language",
                    "Physics",
                    "Regional Studies",
                    "Teacher Training",
                    "Technology"
                ],
                "Master'sDegree": [
                    "Arts and Humanities",
                    "Business Administration",
                    "Business Computing",
                    "Computer Science",
                    "Economics",
                    "Education",
                    "English",
                    "Environmental Management",
                    "Environmental Studies",
                    "Hindi",
                    "Hotel Management",
                    "Human Resources",
                    "Information Technology",
                    "Law",
                    "Literature",
                    "Management",
                    "Native Language",
                    "Physics",
                    "Teacher Training",
                    "Technology"
                ],
                "Doctor'sDegrees": [
                    "Arts and Humanities",
                    "Computer Science",
                    "Economics",
                    "Education",
                    "English",
                    "Environmental Studies",
                    "Hindi",
                    "Hotel Management",
                    "Human Resources",
                    "Information Technology",
                    "International Studies",
                    "Law",
                    "Literature",
                    "Management",
                    "Native Language",
                    "Physics",
                    "Teacher Training",
                    "Technology"
                ],
                "ResearchScholarship": [],
                "EducationSpecialistDegree": []
            }
        }
    },
    {
        "GeneralInformation": {
            "Address": {
                "Street": "P.O. Box 1168\nLaucala Campus\nPrivate Mail Bag",
                "City": "Suva",
                "Province": "N/A",
                "PostCode": "N/A",
                "Website": "https://www.usp.ac.fj",
                "college_name": "University of the South Pacific",
                "university_name": "(USP)"
            },
            "InstitutionFunding": "Public",
            "History": "Founded 1968. Acquired present status 1970. It is jointly owned by the governments of 12 member countries: Cook Islands, Fiji, Kiribati, Marshall Islands, Nauru, Niue, Solomon Islands, Tokelau, Tonga, Tuvalu, Vanuatu and Samoa.",
            "AcademicYear": "February to November (February-June; July-November)",
            "AdmissionRequirements": [
                "Secondary school certificate and successful completion of the Foundation programme"
            ],
            "Languages": [
                "English"
            ],
            "StudentBody": "co-ed"
        },
        "Divisions": [
            {
                "College": "Arts, Law, and Education",
                "FieldsOfStudy": [
                    "Chinese",
                    "Education",
                    "Journalism",
                    "Law",
                    "Linguistics",
                    "Literature",
                    "Media Studies",
                    "Modern Languages",
                    "Social Sciences"
                ],
                "Details": "N/A"
            },
            {
                "College": "Business and Economics",
                "FieldsOfStudy": [
                    "Accountancy",
                    "Business Administration",
                    "Business and Commerce",
                    "Economics",
                    "Finance",
                    "Management",
                    "Public Administration",
                    "Tourism"
                ],
                "Details": "N/A"
            },
            {
                "College": "Science, Technology, and Environment",
                "FieldsOfStudy": [
                    "Biology",
                    "Chemistry",
                    "Computer Science",
                    "Earth Sciences",
                    "Electrical Engineering",
                    "Engineering",
                    "Environmental Management",
                    "Environmental Studies",
                    "Food Science",
                    "Geography",
                    "Information Sciences",
                    "Information Technology",
                    "Marine Science and Oceanography",
                    "Mathematics",
                    "Mechanical Engineering",
                    "Nutrition",
                    "Physics",
                    "Statistics"
                ],
                "Details": "N/A"
            },
            {
                "College": "The Pacific Eye Institute",
                "FieldsOfStudy": [
                    "Ophthalmology"
                ],
                "Details": "Master's degrees"
            }
        ],
        "Degrees": {
            "Undergraduate": {
                "CertificateOrDiploma": [
                    "Accountancy",
                    "Austronesian and Oceanic Languages",
                    "Banking",
                    "Computer Engineering",
                    "Demography and Population",
                    "Development Studies",
                    "Economics",
                    "Educational Testing and Evaluation",
                    "Fishery",
                    "Geography",
                    "Hindi",
                    "Industrial Management",
                    "Information Sciences",
                    "Information Technology",
                    "Journalism",
                    "Library Science",
                    "Management",
                    "Marine Science and Oceanography",
                    "Modern Languages",
                    "Natural Resources",
                    "Police Studies",
                    "Preschool Education",
                    "Real Estate",
                    "Rural Planning",
                    "Social and Community Services",
                    "Social Work",
                    "Special Education",
                    "Tropical Agriculture"
                ],
                "Bachelor'sDegree": [
                    "Agriculture",
                    "Education",
                    "Engineering",
                    "Fine Arts",
                    "Law"
                ]
            },
            "Postgraduate": {
                "PostBachelor'sDiplomaOrCertificate": [
                    "Accountancy",
                    "Banking",
                    "Biology",
                    "Business Administration",
                    "Chemistry",
                    "Computer Science",
                    "Demography and Population",
                    "Development Studies",
                    "Earth Sciences",
                    "Economics",
                    "Education",
                    "Engineering",
                    "Environmental Management",
                    "Finance",
                    "Geography",
                    "Government",
                    "History",
                    "Linguistics",
                    "Literature",
                    "Management",
                    "Media Studies",
                    "Physics",
                    "Political Sciences",
                    "Psychology",
                    "Real Estate",
                    "Sociology",
                    "Tourism"
                ],
                "Master'sDegree": [
                    "Education",
                    "Fine Arts",
                    "Law"
                ],
                "Doctor'sDegrees": "N/A",
                "ResearchScholarship": [],
                "EducationSpecialistDegree": []
            }
        }
    },
    {
        "GeneralInformation": {
            "Address": {
                "Street": "P.O. Box 7222",
                "City": "Nasinu",
                "Province": "N/A",
                "PostCode": "N/A",
                "Website": "http://www.fnu.ac.fj/new",
                "college_name": "Fiji National University",
                "university_name": "(FNU)"
            },
            "InstitutionFunding": "Public",
            "History": "Founded 1855. Acquired present status and title 2010 following merger of Suva Medical School, Fiji School of Nursing, Fiji Institute of Technology, Fiji College of Agriculture, and Fiji College of Advanced Education.",
            "AcademicYear": "N/A",
            "AdmissionRequirements": [],
            "Languages": [
                "English"
            ],
            "StudentBody": "co-ed"
        },
        "Divisions": [
            {
                "College": "Agriculture, Fisheries and Forestry",
                "FieldsOfStudy": [
                    "Agriculture",
                    "Animal Husbandry",
                    "Fishery",
                    "Forestry",
                    "Veterinary Science",
                    "Zoology"
                ],
                "Details": "N/A"
            },
            {
                "College": "Business, Hospitality and Tourism",
                "FieldsOfStudy": [
                    "Accountancy",
                    "Banking",
                    "Business Computing",
                    "Finance",
                    "Hotel Management",
                    "Management",
                    "Tourism"
                ],
                "Details": "N/A"
            },
            {
                "College": "Engineering, Science and Technology",
                "FieldsOfStudy": [
                    "Automotive Engineering",
                    "Biology",
                    "Chemistry",
                    "Civil Engineering",
                    "Electrical and Electronic Engineering",
                    "Environmental Studies",
                    "Marine Science and Oceanography",
                    "Mathematics",
                    "Mechanical Engineering",
                    "Physics",
                    "Printing and Printmaking"
                ],
                "Details": "N/A"
            },
            {
                "College": "Humanities and Education",
                "FieldsOfStudy": [
                    "Business Education",
                    "Education",
                    "Ethics",
                    "Film",
                    "Geography",
                    "Government",
                    "Graphic Design",
                    "History",
                    "Humanities and Social Science Education",
                    "Journalism",
                    "Music",
                    "Music Education",
                    "Physical Education",
                    "Primary Education",
                    "Radio and Television Broadcasting",
                    "Science Education",
                    "Secondary Education",
                    "Visual Arts"
                ],
                "Details": "N/A"
            },
            {
                "College": "Medicine, Nursing and Health Sciences",
                "FieldsOfStudy": [
                    "Dental Hygiene",
                    "Dentistry",
                    "Dietetics",
                    "Epidemiology",
                    "Medical Technology",
                    "Medicine",
                    "Nursing",
                    "Nutrition",
                    "Pharmacy",
                    "Physical Therapy",
                    "Public Health"
                ],
                "Details": "N/A"
            },
            {
                "College": "The Pacific Eye Institute",
                "FieldsOfStudy": [
                    "Ophthalmology"
                ],
                "Details": "Postgraduate Diplomas"
            }
        ],
        "Degrees": {
            "Undergraduate": {
                "CertificateOrDiploma": "N/A",
                "Bachelor'sDegree": [
                    "Agriculture",
                    "Dentistry",
                    "Fishery",
                    "Forestry",
                    "Medicine",
                    "Nursing",
                    "Pharmacy"
                ]
            },
            "Postgraduate": {
                "PostBachelor'sDiplomaOrCertificate": [
                    "Accountancy",
                    "Education",
                    "Management",
                    "Social Policy"
                ],
                "Master'sDegree": [
                    "Accountancy",
                    "Business Administration",
                    "Education",
                    "Management",
                    "Philosophy",
                    "Social Policy"
                ],
                "Doctor'sDegrees": [
                    "Social Policy"
                ],
                "ResearchScholarship": [],
                "EducationSpecialistDegree": []
            }
        }
    },
    {
        "GeneralInformation": {
            "Address": {
                "Street": "Sangam Avenue",
                "City": "Labasa",
                "Province": "N/A",
                "PostCode": "N/A",
                "Website": "https://sit.ac.fj",
                "college_name": "Sangam School of Nursing",
                "university_name": "Sangam Institute of Technology"
            },
            "InstitutionFunding": "Private",
            "History": "Created 2005. Part of the Sangam Institute of Technology.",
            "AcademicYear": "N/A",
            "AdmissionRequirements": [],
            "Languages": [
                "English"
            ],
            "StudentBody": "co-ed"
        },
        "Divisions": [
            {
                "College": "Nursing",
                "FieldsOfStudy": [
                    "Midwifery",
                    "Nursing"
                ],
                "Details": "N/A"
            },
            {
                "College": "Nursing Leadership and Management",
                "FieldsOfStudy": [
                    "Health Administration"
                ],
                "Details": "N/A"
            }
        ],
        "Degrees": {
            "Undergraduate": {
                "CertificateOrDiploma": [
                    "Nursing"
                ],
                "Bachelor'sDegree": [
                    "Nursing"
                ]
            },
            "Postgraduate": {
                "PostBachelor'sDiplomaOrCertificate": [
                    "Health Administration",
                    "Midwifery"
                ],
                "Master'sDegree": [],
                "Doctor'sDegrees": [],
                "ResearchScholarship": [],
                "EducationSpecialistDegree": []
            }
        }
    }
]