[
    {
        "GeneralInformation": {
            "Address": {
                "Street": "Maison du Savoir\n2, Avenue de l'Universit\u00e9",
                "City": "Esch-sur-Alzette",
                "Province": "N/A",
                "PostCode": "4365",
                "Website": "https://www.uni.lu",
                "college_name": "University of Luxembourg",
                "university_name": "Universit\u00e9 du Luxembourg (UL)"
            },
            "InstitutionFunding": "Public",
            "History": "Founded 1848 as Cours sup\u00e9rieur. Centre Universitaire established 1968. Acquired present status and title 2003. An autonomous public institution.",
            "AcademicYear": "September to June (September-January; February-June)",
            "AdmissionRequirements": [
                "Secondary school certificate or foreign equivalent",
                ""
            ],
            "Languages": [
                "French",
                "English",
                "German"
            ],
            "StudentBody": "co-ed"
        },
        "Divisions": [
            {
                "College": "Faculty of Language and Literature, Humanities, Arts and Education",
                "FieldsOfStudy": [
                    "Architecture",
                    "Arts and Humanities",
                    "Education",
                    "Educational Sciences",
                    "English",
                    "European Studies",
                    "French",
                    "Geography",
                    "German",
                    "History",
                    "Literature",
                    "Philosophy",
                    "Psychology",
                    "Secondary Education",
                    "Social Sciences"
                ],
                "Details": "Campus Walferdange"
            },
            {
                "College": "Law, Economics and Finance",
                "FieldsOfStudy": [
                    "Accountancy",
                    "Banking",
                    "Civil Law",
                    "Commercial Law",
                    "Criminal Law",
                    "Economics",
                    "European Union Law",
                    "Finance",
                    "International Law",
                    "Law",
                    "Management",
                    "Transport Management"
                ],
                "Details": "Luxembourg School of Finance and Luxembourg Business Academy"
            },
            {
                "College": "Science, Technology and Communication",
                "FieldsOfStudy": [
                    "Animal Husbandry",
                    "Biomedicine",
                    "Civil Engineering",
                    "Computer Science",
                    "Engineering",
                    "Environmental Studies",
                    "Information Technology",
                    "Mathematics",
                    "Natural Sciences",
                    "Physics",
                    "Technology",
                    "Veterinary Science"
                ],
                "Details": "Campus Kirchberg"
            }
        ],
        "Degrees": {
            "Undergraduate": {
                "CertificateOrDiploma": [],
                "Bachelor'sDegree": [
                    "Biology",
                    "Computer Science",
                    "Cultural Studies",
                    "Economics",
                    "Educational Sciences",
                    "Engineering",
                    "History",
                    "Law",
                    "Management",
                    "Mathematics",
                    "Medicine",
                    "Pharmacy",
                    "Philosophy",
                    "Physics",
                    "Psychology",
                    "Social Work"
                ]
            },
            "Postgraduate": {
                "PostBachelor'sDiplomaOrCertificate": [],
                "Master'sDegree": [
                    "Accountancy",
                    "Civil Engineering",
                    "Computer Science",
                    "Environmental Studies",
                    "Finance",
                    "Geography",
                    "Gerontology",
                    "Government",
                    "History",
                    "Law",
                    "Mathematics",
                    "Modern Languages",
                    "Philosophy",
                    "Physics",
                    "Power Engineering",
                    "Psychology",
                    "Social Work"
                ],
                "Doctor'sDegrees": [
                    "Biology",
                    "Chemistry",
                    "Computer Science",
                    "Economics",
                    "Educational Sciences",
                    "Engineering",
                    "Finance",
                    "Geography",
                    "History",
                    "Law",
                    "Linguistics",
                    "Literature",
                    "Management",
                    "Mathematics",
                    "Philosophy",
                    "Physics",
                    "Political Sciences",
                    "Psychology",
                    "Social Sciences"
                ],
                "ResearchScholarship": [],
                "EducationSpecialistDegree": []
            }
        }
    }
]