[
    {
        "GeneralInformation": {
            "Address": {
                "Street": "Nabasa Road, Portion 7\nMilinch Kranket\nFourmil",
                "City": "Madang",
                "Province": "Madang Province",
                "PostCode": "511",
                "Website": "https://www.dwu.ac.pg",
                "college_name": "Divine Word University",
                "university_name": "(DWU)"
            },
            "InstitutionFunding": "Private",
            "History": "Founded 1999 as a University by an act of Parliament. A Church Agency Institution.",
            "AcademicYear": "January to November (January-June; July-November)",
            "AdmissionRequirements": [
                "Completion of high school education Grade 12"
            ],
            "Languages": [
                "English"
            ],
            "StudentBody": "co-ed"
        },
        "Divisions": [
            {
                "College": "OLSH Kabaleo Rabaul Campus - Kokopo",
                "FieldsOfStudy": [
                    "Primary Education"
                ],
                "Details": "N/A"
            },
            {
                "College": "St. Benedict School of Nursing, Boram - Wewak Campus",
                "FieldsOfStudy": [
                    "Nursing"
                ],
                "Details": "N/A"
            },
            {
                "College": "St. Benedicts Campus - Wewak",
                "FieldsOfStudy": [
                    "Primary Education"
                ],
                "Details": "N/A"
            },
            {
                "College": "St. Mary's Vunapope Rabaul Campus",
                "FieldsOfStudy": [
                    "Midwifery",
                    "Nursing"
                ],
                "Details": "N/A"
            },
            {
                "College": "Arts and Social Sciences",
                "FieldsOfStudy": [
                    "Communication Arts",
                    "Regional Studies",
                    "Religious Studies",
                    "Social Studies"
                ],
                "Details": "N/A"
            },
            {
                "College": "Business and Information",
                "FieldsOfStudy": [
                    "Business Administration",
                    "Information Management",
                    "Mathematics and Computer Science",
                    "Tourism"
                ],
                "Details": "N/A"
            },
            {
                "College": "Education",
                "FieldsOfStudy": [
                    "Education"
                ],
                "Details": "N/A"
            },
            {
                "College": "Medicine and Health Sciences",
                "FieldsOfStudy": [
                    "Health Sciences",
                    "Medicine"
                ],
                "Details": "N/A"
            }
        ],
        "Degrees": {
            "Undergraduate": {
                "CertificateOrDiploma": [
                    "Business Administration",
                    "English",
                    "Health Administration",
                    "Human Resources",
                    "Justice Administration",
                    "Management",
                    "Nursing",
                    "Pastoral Studies",
                    "Religious Studies",
                    "Taxation",
                    "Teacher Training"
                ],
                "Bachelor'sDegree": [
                    "Accountancy",
                    "Business Administration",
                    "Cultural Studies",
                    "Health Administration",
                    "Health Sciences",
                    "Hotel and Restaurant",
                    "Information Technology",
                    "International Relations and Diplomacy",
                    "Journalism",
                    "Management",
                    "Mathematics and Computer Science",
                    "Medicine",
                    "Midwifery",
                    "Nursing",
                    "Physical Therapy",
                    "Primary Education",
                    "Public Administration",
                    "Religious Studies",
                    "Social Studies",
                    "Surgery",
                    "Tourism"
                ]
            },
            "Postgraduate": {
                "PostBachelor'sDiplomaOrCertificate": [],
                "Master'sDegree": [
                    "Accountancy",
                    "Business Administration",
                    "Educational Administration",
                    "Leadership",
                    "Public Administration",
                    "Public Health"
                ],
                "Doctor'sDegrees": [
                    "Education",
                    "Philosophy"
                ],
                "ResearchScholarship": [],
                "EducationSpecialistDegree": []
            }
        }
    },
    {
        "GeneralInformation": {
            "Address": {
                "Street": "P.O Box 7579\nSec. 68 Lot 8\nEast Boroko\nTaurama Road",
                "City": "Boroko",
                "Province": "National Capital District",
                "PostCode": "N/A",
                "Website": "https://www.dbti.ac.pg",
                "college_name": "Don Bosco Technological Institute",
                "university_name": "(DBTI)"
            },
            "InstitutionFunding": "Private",
            "History": "Founded 1999, affiliated with Divine Word University (DWU) between 2003 and 2016, a Church Agency institution",
            "AcademicYear": "N/A",
            "AdmissionRequirements": [],
            "Languages": [
                "English"
            ],
            "StudentBody": "N/A"
        },
        "Divisions": [
            {
                "College": "Automotive Technology",
                "FieldsOfStudy": [
                    "Automotive Engineering"
                ],
                "Details": "N/A"
            },
            {
                "College": "Electrical Technology",
                "FieldsOfStudy": [
                    "Electrical and Electronic Equipment and Maintenance"
                ],
                "Details": "N/A"
            },
            {
                "College": "Electronics and Communication Technology",
                "FieldsOfStudy": [
                    "Electrical and Electronic Equipment and Maintenance"
                ],
                "Details": "N/A"
            },
            {
                "College": "Information Technology",
                "FieldsOfStudy": [
                    "Information Technology"
                ],
                "Details": "N/A"
            },
            {
                "College": "Instrumentation Technology",
                "FieldsOfStudy": [
                    "Instrument Making"
                ],
                "Details": "N/A"
            },
            {
                "College": "Maintenance Fitting and Machine Technology",
                "FieldsOfStudy": [
                    "Maintenance Technology"
                ],
                "Details": "N/A"
            },
            {
                "College": "Metal Fabrication and Welding Technology",
                "FieldsOfStudy": [
                    "Metal Techniques"
                ],
                "Details": "N/A"
            },
            {
                "College": "Technology Education",
                "FieldsOfStudy": [
                    "Technology Education"
                ],
                "Details": "N/A"
            }
        ],
        "Degrees": {
            "Undergraduate": {
                "CertificateOrDiploma": [
                    "Automotive Engineering",
                    "Electrical and Electronic Equipment and Maintenance",
                    "Information Technology",
                    "Instrument Making",
                    "Maintenance Technology",
                    "Metal Techniques"
                ],
                "Bachelor'sDegree": [
                    "Automotive Engineering",
                    "Electrical and Electronic Equipment and Maintenance",
                    "Electrical Engineering",
                    "Information Technology",
                    "Instrument Making",
                    "Maintenance Technology",
                    "Metal Techniques",
                    "Technology Education"
                ]
            },
            "Postgraduate": {
                "PostBachelor'sDiplomaOrCertificate": [],
                "Master'sDegree": [],
                "Doctor'sDegrees": [],
                "ResearchScholarship": [],
                "EducationSpecialistDegree": []
            }
        }
    },
    {
        "GeneralInformation": {
            "Address": {
                "Street": "Private Mail Bag",
                "City": "Boroko",
                "Province": "National Capital District",
                "PostCode": "111",
                "Website": "https://www.pau.ac.pg",
                "college_name": "Pacific Adventist University",
                "university_name": "(PAU)"
            },
            "InstitutionFunding": "Private",
            "History": "Founded 1983 as Pacific Adventist College. Acquired present status 1996. Became Pacific Adventist University 1997",
            "AcademicYear": "February to December (February-June; August-December)",
            "AdmissionRequirements": [
                "Higher School Certificate"
            ],
            "Languages": [
                "English"
            ],
            "StudentBody": "co-ed"
        },
        "Divisions": [
            {
                "College": "Atoifi",
                "FieldsOfStudy": [
                    "Nursing"
                ],
                "Details": "Atoifi Adventist Nursing College, Solomon Islands"
            },
            {
                "College": "Enga",
                "FieldsOfStudy": [
                    "Nursing"
                ],
                "Details": "Enga College of Nursing (ENCON)"
            },
            {
                "College": "Business",
                "FieldsOfStudy": [
                    "Business Administration"
                ],
                "Details": "N/A"
            },
            {
                "College": "Health Science",
                "FieldsOfStudy": [
                    "Health Sciences",
                    "Midwifery",
                    "Nursing"
                ],
                "Details": "N/A"
            },
            {
                "College": "Humanities, Education and Theology",
                "FieldsOfStudy": [
                    "Arts and Humanities",
                    "Education",
                    "Religion",
                    "Theology"
                ],
                "Details": "N/A"
            },
            {
                "College": "Postgraduate and Research",
                "FieldsOfStudy": [
                    "Education",
                    "Leadership",
                    "Management",
                    "Natural Sciences",
                    "Philosophy",
                    "Theology"
                ],
                "Details": "N/A"
            },
            {
                "College": "Science and Technology",
                "FieldsOfStudy": [
                    "Natural Sciences",
                    "Technology"
                ],
                "Details": "N/A"
            }
        ],
        "Degrees": {
            "Undergraduate": {
                "CertificateOrDiploma": [],
                "Bachelor'sDegree": [
                    "Accountancy",
                    "Biology",
                    "Business Administration",
                    "Business Education",
                    "Chemistry",
                    "English",
                    "Entrepreneurship",
                    "Environmental Studies",
                    "Geography (Human)",
                    "History",
                    "Humanities and Social Science Education",
                    "Information Technology",
                    "Management",
                    "Mathematics",
                    "Midwifery",
                    "Nursing",
                    "Physics",
                    "Religion",
                    "Science Education",
                    "Secondary Education",
                    "Theology"
                ]
            },
            "Postgraduate": {
                "PostBachelor'sDiplomaOrCertificate": [
                    "Development Studies",
                    "Leadership"
                ],
                "Master'sDegree": [
                    "Development Studies",
                    "Leadership"
                ],
                "Doctor'sDegrees": [],
                "ResearchScholarship": [],
                "EducationSpecialistDegree": []
            }
        }
    },
    {
        "GeneralInformation": {
            "Address": {
                "Street": "P.O. Box 360",
                "City": "Kokopo",
                "Province": "East New Britain Province",
                "PostCode": "613",
                "Website": "https://sonoma.ac.pg",
                "college_name": "Pacific Adventist University \u2013 Sonoma Adventist College",
                "university_name": "(SAC)"
            },
            "InstitutionFunding": "Private",
            "History": "Founded 1967 through amalgamation of Kabiufa Adventist College of Goroka, Eastern Highlands, and Jones Missionary College of Kambubu, East New Britain. Affiliated with Pacific Adventist University (PAU) 2010. A Church Agency Institution",
            "AcademicYear": "N/A",
            "AdmissionRequirements": [],
            "Languages": [
                "English"
            ],
            "StudentBody": "N/A"
        },
        "Divisions": [
            {
                "College": "Agriculture",
                "FieldsOfStudy": [
                    "Agriculture"
                ],
                "Details": "N/A"
            },
            {
                "College": "Building",
                "FieldsOfStudy": [
                    "Building Technologies"
                ],
                "Details": "N/A"
            },
            {
                "College": "Business",
                "FieldsOfStudy": [
                    "Business Administration"
                ],
                "Details": "N/A"
            },
            {
                "College": "Education",
                "FieldsOfStudy": [
                    "Education",
                    "Preschool Education",
                    "Primary Education"
                ],
                "Details": "N/A"
            },
            {
                "College": "Ministry and Theology",
                "FieldsOfStudy": [
                    "Religion",
                    "Theology"
                ],
                "Details": "N/A"
            }
        ],
        "Degrees": {
            "Undergraduate": {
                "CertificateOrDiploma": [
                    "Building Technologies",
                    "Business Administration",
                    "Preschool Education",
                    "Theology",
                    "Tropical Agriculture"
                ],
                "Bachelor'sDegree": [
                    "Primary Education"
                ]
            },
            "Postgraduate": {
                "PostBachelor'sDiplomaOrCertificate": [],
                "Master'sDegree": [],
                "Doctor'sDegrees": [],
                "ResearchScholarship": [],
                "EducationSpecialistDegree": []
            }
        }
    },
    {
        "GeneralInformation": {
            "Address": {
                "Street": "Private Mail Bag",
                "City": "Kokopo",
                "Province": "East New Britain Province",
                "PostCode": "613",
                "Website": "https://unre.ac.pg",
                "college_name": "Papua New Guinea University of Natural Resources and Environment",
                "university_name": "PNG University of Natural Resources and Environment (PNG UNRE)"
            },
            "InstitutionFunding": "Public",
            "History": "Founded 1965 as Vudal Agricultural College, a college of the then Department of Agriculture, Stock and Fisheries. Became Vudal University College, a college of PNG University of Technology 1992, and then University of Vudal and acquired autonomy 1997, acquired current title in 2009",
            "AcademicYear": "February to November",
            "AdmissionRequirements": [
                "Completion of high school education, Grade 12"
            ],
            "Languages": [
                "English"
            ],
            "StudentBody": "co-ed"
        },
        "Divisions": [
            {
                "College": "Environment and Climate Change",
                "FieldsOfStudy": [
                    "Environmental Studies"
                ],
                "Details": "N/A"
            },
            {
                "College": "Natural Resources",
                "FieldsOfStudy": [
                    "Agriculture",
                    "Animal Husbandry",
                    "Cattle Breeding",
                    "Fishery",
                    "Forestry",
                    "Natural Resources"
                ],
                "Details": "N/A"
            },
            {
                "College": "Research and Post-graduate Studies",
                "FieldsOfStudy": [
                    "Management"
                ],
                "Details": "N/A"
            },
            {
                "College": "Sustainable Resources Management and Business Studies",
                "FieldsOfStudy": [
                    "Business Administration",
                    "Sustainable Development"
                ],
                "Details": "N/A"
            }
        ],
        "Degrees": {
            "Undergraduate": {
                "CertificateOrDiploma": [
                    "Fishery",
                    "Forestry",
                    "Natural Resources",
                    "Tropical Agriculture",
                    "Zoology"
                ],
                "Bachelor'sDegree": [
                    "Fishery",
                    "Forestry",
                    "Natural Resources",
                    "Sustainable Development",
                    "Tourism",
                    "Tropical Agriculture"
                ]
            },
            "Postgraduate": {
                "PostBachelor'sDiplomaOrCertificate": [],
                "Master'sDegree": [],
                "Doctor'sDegrees": [],
                "ResearchScholarship": [],
                "EducationSpecialistDegree": []
            }
        }
    },
    {
        "GeneralInformation": {
            "Address": {
                "Street": "Private Mail Services",
                "City": "Lae",
                "Province": "Morobe Province",
                "PostCode": "411",
                "Website": "https://www.unitech.ac.pg",
                "college_name": "Papua New Guinea University of Technology",
                "university_name": "PNG University of Technology (UNITECH)"
            },
            "InstitutionFunding": "Public",
            "History": "Founded 1965 as Papua New Guinea Institute of Higher Technical Education. Acquired present status and title 1973",
            "AcademicYear": "February to November (February-June; July-November)",
            "AdmissionRequirements": [
                "Completion of high school education, Grade 12 level or equivalent"
            ],
            "Languages": [
                "English"
            ],
            "StudentBody": "N/A"
        },
        "Divisions": [
            {
                "College": "Bulolo Forestry College",
                "FieldsOfStudy": [
                    "Forestry"
                ],
                "Details": "Does not run its own programmes, but hosts 2nd and 3rd year forestry students"
            },
            {
                "College": "Timber and Forestry Training College",
                "FieldsOfStudy": [
                    "Forestry"
                ],
                "Details": "N/A"
            },
            {
                "College": "Agriculture",
                "FieldsOfStudy": [
                    "Agriculture",
                    "Rural Planning"
                ],
                "Details": "N/A"
            },
            {
                "College": "Applied Physics",
                "FieldsOfStudy": [
                    "Applied Physics",
                    "Radiophysics"
                ],
                "Details": "N/A"
            },
            {
                "College": "Applied Sciences",
                "FieldsOfStudy": [
                    "Applied Chemistry",
                    "Food Technology"
                ],
                "Details": "N/A"
            },
            {
                "College": "Architecture and Construction Management",
                "FieldsOfStudy": [
                    "Architecture",
                    "Building Technologies"
                ],
                "Details": "N/A"
            },
            {
                "College": "Business Studies",
                "FieldsOfStudy": [
                    "Business Administration",
                    "Business and Commerce"
                ],
                "Details": "N/A"
            },
            {
                "College": "Civil Engineering",
                "FieldsOfStudy": [
                    "Civil Engineering"
                ],
                "Details": "N/A"
            },
            {
                "College": "Communication and Development Studies",
                "FieldsOfStudy": [
                    "Communication Studies",
                    "Development Studies",
                    "Public Relations"
                ],
                "Details": "N/A"
            },
            {
                "College": "Electrical and Communications Engineering",
                "FieldsOfStudy": [
                    "Electrical Engineering",
                    "Telecommunications Engineering"
                ],
                "Details": "N/A"
            },
            {
                "College": "Forestry",
                "FieldsOfStudy": [
                    "Forestry"
                ],
                "Details": "N/A"
            },
            {
                "College": "Mathematics and Computer Science",
                "FieldsOfStudy": [
                    "Mathematics",
                    "Statistics"
                ],
                "Details": "N/A"
            },
            {
                "College": "Mechanical Engineering",
                "FieldsOfStudy": [
                    "Energy Engineering",
                    "Industrial Design",
                    "Mechanical Engineering",
                    "Mechanics",
                    "Production Engineering"
                ],
                "Details": "N/A"
            },
            {
                "College": "Mining Engineering",
                "FieldsOfStudy": [
                    "Mining Engineering"
                ],
                "Details": "N/A"
            },
            {
                "College": "Open and Distance Learning (DODL)",
                "FieldsOfStudy": [
                    "Business Administration",
                    "Communication Studies",
                    "Development Studies",
                    "Mathematics and Computer Science",
                    "Surveying and Mapping"
                ],
                "Details": "N/A"
            },
            {
                "College": "Surveying and Land Studies",
                "FieldsOfStudy": [
                    "Surveying and Mapping"
                ],
                "Details": "N/A"
            },
            {
                "College": "Nursing",
                "FieldsOfStudy": [
                    "Nursing"
                ],
                "Details": "Unitech Lae"
            }
        ],
        "Degrees": {
            "Undergraduate": {
                "CertificateOrDiploma": [
                    "Architecture",
                    "Building Technologies",
                    "Forestry",
                    "Nursing"
                ],
                "Bachelor'sDegree": [
                    "Accountancy",
                    "Agriculture",
                    "Applied Chemistry",
                    "Applied Physics",
                    "Biomedical Engineering",
                    "Building Technologies",
                    "Business and Commerce",
                    "Civil Engineering",
                    "Computer Science",
                    "Development Studies",
                    "Economics",
                    "Electrical Engineering",
                    "Electronic Engineering",
                    "Food Technology",
                    "Forestry",
                    "Information Sciences",
                    "Information Technology",
                    "Management",
                    "Mechanical Engineering",
                    "Medical Technology",
                    "Mining Engineering",
                    "Real Estate",
                    "Rural Planning",
                    "Surveying and Mapping"
                ]
            },
            "Postgraduate": {
                "PostBachelor'sDiplomaOrCertificate": [
                    "Agriculture",
                    "Computer Science",
                    "Forestry",
                    "Mathematics"
                ],
                "Master'sDegree": [
                    "Agriculture",
                    "Applied Chemistry",
                    "Applied Physics",
                    "Business Administration",
                    "Civil Engineering",
                    "Communication Studies",
                    "Computer Science",
                    "Electrical Engineering",
                    "Electronic Engineering",
                    "Forestry",
                    "Information Technology",
                    "Leadership",
                    "Mathematics",
                    "Mechanical Engineering",
                    "Surveying and Mapping",
                    "Telecommunications Engineering",
                    "Waste Management"
                ],
                "Doctor'sDegrees": [
                    "Agriculture",
                    "Applied Chemistry",
                    "Applied Physics",
                    "Civil Engineering",
                    "Communication Studies",
                    "Development Studies",
                    "Engineering",
                    "Mechanical Engineering"
                ],
                "ResearchScholarship": [],
                "EducationSpecialistDegree": []
            }
        }
    },
    {
        "GeneralInformation": {
            "Address": {
                "Street": "N/A",
                "City": "Kokopo",
                "Province": "East New Britain Province",
                "PostCode": "N/A",
                "Website": "N/A",
                "college_name": "St. Peter's Channel Catholic College of Secondary Teacher Education",
                "university_name": ""
            },
            "InstitutionFunding": "Private",
            "History": "Founded 2014 through conversion of a catholic-run seminary. A Church Agency institution",
            "AcademicYear": "N/A",
            "AdmissionRequirements": [],
            "Languages": [
                "English"
            ],
            "StudentBody": "N/A"
        },
        "Divisions": [
            {
                "College": "Secondary School Teacher Education",
                "FieldsOfStudy": [
                    "Mathematics Education",
                    "Science Education",
                    "Secondary Education"
                ],
                "Details": "N/A"
            }
        ],
        "Degrees": {
            "Undergraduate": {
                "CertificateOrDiploma": [],
                "Bachelor'sDegree": [
                    "Mathematics Education",
                    "Science Education",
                    "Secondary Education"
                ]
            },
            "Postgraduate": {
                "PostBachelor'sDiplomaOrCertificate": [],
                "Master'sDegree": [],
                "Doctor'sDegrees": [],
                "ResearchScholarship": [],
                "EducationSpecialistDegree": []
            }
        }
    },
    {
        "GeneralInformation": {
            "Address": {
                "Street": "P.O. Box 1078",
                "City": "Goroka",
                "Province": "Eastern Highlands Province",
                "PostCode": "441",
                "Website": "https://www.unigoroka.ac.pg",
                "college_name": "University of Goroka",
                "university_name": "(UOG)"
            },
            "InstitutionFunding": "Public",
            "History": "Founded 1997 out of two faculties of the University of Papua New Guinea (UPNG), Goroka Teacher\u2019s College (GTC) and the Faculty of Education",
            "AcademicYear": "February to December",
            "AdmissionRequirements": [
                "Completion of high school education, Grade 12 level ('B' level grades)"
            ],
            "Languages": [
                "English"
            ],
            "StudentBody": "co-ed"
        },
        "Divisions": [
            {
                "College": "Enga",
                "FieldsOfStudy": [
                    "Biology",
                    "Chemistry",
                    "English",
                    "Mathematics",
                    "Physics"
                ],
                "Details": "N/A"
            },
            {
                "College": "Distance and Flexible Learning (IDFL)",
                "FieldsOfStudy": [
                    "Business Administration",
                    "Curriculum",
                    "Educational Administration",
                    "Literature",
                    "Mathematics",
                    "Modern Languages",
                    "Natural Sciences",
                    "Social Sciences",
                    "Special Education",
                    "Teacher Training"
                ],
                "Details": "N/A"
            },
            {
                "College": "Technical Vocational Education Training (ITVET)",
                "FieldsOfStudy": [
                    "Design",
                    "Hotel and Restaurant",
                    "Technology",
                    "Technology Education",
                    "Tourism",
                    "Vocational Education"
                ],
                "Details": "N/A"
            },
            {
                "College": "Education",
                "FieldsOfStudy": [
                    "Curriculum",
                    "Education",
                    "Educational Administration",
                    "Educational Sciences",
                    "Gender Studies",
                    "Social Sciences",
                    "Special Education",
                    "Teacher Training"
                ],
                "Details": "N/A"
            },
            {
                "College": "Humanities",
                "FieldsOfStudy": [
                    "Business and Commerce",
                    "Communication Arts",
                    "Communication Studies",
                    "Development Studies",
                    "Environmental Studies",
                    "Indigenous Studies",
                    "Literature",
                    "Modern Languages",
                    "Social Sciences"
                ],
                "Details": "N/A"
            },
            {
                "College": "Postgraduate Studies",
                "FieldsOfStudy": [
                    "Agriculture",
                    "Arts and Humanities",
                    "Business Administration",
                    "Communication Studies",
                    "Education",
                    "Mathematics",
                    "Natural Sciences"
                ],
                "Details": "N/A"
            },
            {
                "College": "Science",
                "FieldsOfStudy": [
                    "Agriculture",
                    "Biology",
                    "Health Sciences",
                    "Mathematics",
                    "Mathematics and Computer Science",
                    "Natural Sciences",
                    "Physics"
                ],
                "Details": "N/A"
            }
        ],
        "Degrees": {
            "Undergraduate": {
                "CertificateOrDiploma": [
                    "Accountancy",
                    "Agriculture",
                    "Art Education",
                    "Business Administration",
                    "Educational and Student Counselling",
                    "Hotel Management",
                    "Parks and Recreation",
                    "Preschool Education",
                    "Science Education",
                    "Technology Education",
                    "Tourism",
                    "Vocational Education"
                ],
                "Bachelor'sDegree": [
                    "Accountancy",
                    "Agriculture",
                    "Anthropology",
                    "Art Education",
                    "Arts and Humanities",
                    "Biology",
                    "Business Administration",
                    "Business Education",
                    "Chemistry",
                    "Communication Arts",
                    "Computer Science",
                    "Curriculum",
                    "Design",
                    "Development Studies",
                    "Economics",
                    "Education",
                    "Educational Administration",
                    "English",
                    "Environmental Studies",
                    "Family Studies",
                    "Fashion Design",
                    "Food Science",
                    "Geography (Human)",
                    "Heritage Preservation",
                    "History",
                    "Home Economics",
                    "Hotel and Restaurant",
                    "Indigenous Studies",
                    "Linguistics",
                    "Literature",
                    "Mathematics",
                    "Midwifery",
                    "Modern Languages",
                    "Nutrition",
                    "Physics",
                    "Political Sciences",
                    "Psychology",
                    "Religious Education",
                    "Science Education",
                    "Social and Community Services",
                    "Social Sciences",
                    "Sociology",
                    "Special Education",
                    "Teacher Training",
                    "Technology",
                    "Technology Education",
                    "Textile Design",
                    "Tourism",
                    "Vocational Education"
                ]
            },
            "Postgraduate": {
                "PostBachelor'sDiplomaOrCertificate": [
                    "Education"
                ],
                "Master'sDegree": [
                    "Arts and Humanities",
                    "Biology",
                    "Chemistry",
                    "Communication Studies",
                    "Curriculum",
                    "Education",
                    "Educational Administration",
                    "Literature",
                    "Modern Languages",
                    "Social Sciences",
                    "Teacher Training"
                ],
                "Doctor'sDegrees": [
                    "Education",
                    "Mathematics",
                    "Natural Sciences"
                ],
                "ResearchScholarship": [],
                "EducationSpecialistDegree": []
            }
        }
    },
    {
        "GeneralInformation": {
            "Address": {
                "Street": "P.O. Box 320\nUniversity",
                "City": "Port Moresby",
                "Province": "National Capital District",
                "PostCode": "134",
                "Website": "https://www.upng.ac.pg",
                "college_name": "University of Papua New Guinea",
                "university_name": ""
            },
            "InstitutionFunding": "Public",
            "History": "Founded 1966",
            "AcademicYear": "February to November (February-June; July-November)",
            "AdmissionRequirements": [
                "Successful completion of preliminary year's studies, Grade 12 level of high school, or by Australian Matriculation, or recognized equivalent"
            ],
            "Languages": [
                "English"
            ],
            "StudentBody": "N/A"
        },
        "Divisions": [
            {
                "College": "Buka Open Campus",
                "FieldsOfStudy": "N/A",
                "Details": "N/A"
            },
            {
                "College": "Kokopo Open Campus",
                "FieldsOfStudy": "N/A",
                "Details": "N/A"
            },
            {
                "College": "Madang Open Campus",
                "FieldsOfStudy": "N/A",
                "Details": "N/A"
            },
            {
                "College": "Mt. Hagen Open Campus",
                "FieldsOfStudy": "N/A",
                "Details": "N/A"
            },
            {
                "College": "National Capital District Open Campus",
                "FieldsOfStudy": "N/A",
                "Details": "N/A"
            },
            {
                "College": "Taurama Campus",
                "FieldsOfStudy": "N/A",
                "Details": "N/A"
            },
            {
                "College": "Enga University Centre",
                "FieldsOfStudy": [
                    "Wabag"
                ],
                "Details": "N/A"
            },
            {
                "College": "Open College",
                "FieldsOfStudy": [
                    "Accountancy",
                    "Business Administration",
                    "Education",
                    "Management"
                ],
                "Details": "Distance Learning Department of the University"
            },
            {
                "College": "Biodiversity and Human Health Cluster",
                "FieldsOfStudy": "N/A",
                "Details": "N/A"
            },
            {
                "College": "Centre for Biodiversity and Natural Products",
                "FieldsOfStudy": "N/A",
                "Details": "N/A"
            },
            {
                "College": "Centre for Climate Change and Sustainable Development",
                "FieldsOfStudy": "N/A",
                "Details": "N/A"
            },
            {
                "College": "Centre for Disaster Reduction",
                "FieldsOfStudy": "N/A",
                "Details": "N/A"
            },
            {
                "College": "Economics and Human Capital Cluster",
                "FieldsOfStudy": "N/A",
                "Details": "N/A"
            },
            {
                "College": "Environmental Management and Sustainability Cluster",
                "FieldsOfStudy": "N/A",
                "Details": "N/A"
            },
            {
                "College": "Human Health and People and Culture Cluster",
                "FieldsOfStudy": "N/A",
                "Details": "N/A"
            },
            {
                "College": "Melanesian and Pacific Studies",
                "FieldsOfStudy": "N/A",
                "Details": "N/A"
            },
            {
                "College": "Melanesian Institute of Art and Communication",
                "FieldsOfStudy": "N/A",
                "Details": "N/A"
            },
            {
                "College": "Micronutrient Laboratory",
                "FieldsOfStudy": "N/A",
                "Details": "N/A"
            },
            {
                "College": "Molecular Biodiscovery and Biomedicines Laboratory",
                "FieldsOfStudy": "N/A",
                "Details": "N/A"
            },
            {
                "College": "Motupore Island Marine Sciences Research Centre",
                "FieldsOfStudy": "N/A",
                "Details": "N/A"
            },
            {
                "College": "Natural Products and Chemical Analysis Laboratory",
                "FieldsOfStudy": "N/A",
                "Details": "N/A"
            },
            {
                "College": "Snake Venom Research Unit",
                "FieldsOfStudy": "N/A",
                "Details": "N/A"
            },
            {
                "College": "Traditional Medicine Database Unit",
                "FieldsOfStudy": "N/A",
                "Details": "N/A"
            },
            {
                "College": "Business and Public Policy",
                "FieldsOfStudy": [
                    "Banking",
                    "Business Administration",
                    "Business and Commerce",
                    "Economics",
                    "Finance",
                    "Management",
                    "Political Sciences",
                    "Psychology",
                    "Tourism"
                ],
                "Details": "N/A"
            },
            {
                "College": "Humanities and Social Sciences",
                "FieldsOfStudy": [
                    "Administration",
                    "Anthropology",
                    "Arts and Humanities",
                    "Business and Commerce",
                    "Communication Studies",
                    "Demography and Population",
                    "Development Studies",
                    "Economics",
                    "English",
                    "Fine Arts",
                    "Gender Studies",
                    "Geography",
                    "History",
                    "Information Sciences",
                    "Journalism",
                    "Linguistics",
                    "Literature",
                    "Modern Languages",
                    "Performing Arts",
                    "Philosophy",
                    "Political Sciences",
                    "Psychology",
                    "Public Relations",
                    "Social Work",
                    "Sociology",
                    "Visual Arts"
                ],
                "Details": "N/A"
            },
            {
                "College": "Law",
                "FieldsOfStudy": [
                    "Law"
                ],
                "Details": "N/A"
            },
            {
                "College": "Medicine and Health Sciences",
                "FieldsOfStudy": [
                    "Health Sciences",
                    "Medicine"
                ],
                "Details": "N/A"
            },
            {
                "College": "Natural and Physical Sciences",
                "FieldsOfStudy": [
                    "Biology",
                    "Chemistry",
                    "Computer Science",
                    "Environmental Studies",
                    "Geology",
                    "Mathematics",
                    "Natural Sciences",
                    "Physics",
                    "Statistics"
                ],
                "Details": "N/A"
            }
        ],
        "Degrees": {
            "Undergraduate": {
                "CertificateOrDiploma": [
                    "Accountancy",
                    "Anaesthesiology",
                    "Communication Studies",
                    "Community Health",
                    "Dental Technology",
                    "Law",
                    "Modern Languages",
                    "Welfare and Protective Services"
                ],
                "Bachelor'sDegree": [
                    "Accountancy",
                    "Anthropology",
                    "Arts and Humanities",
                    "Banking",
                    "Biology",
                    "Business Administration",
                    "Chemistry",
                    "Communication Studies",
                    "Computer Science",
                    "Demography and Population",
                    "Dental Hygiene",
                    "Dentistry",
                    "Design",
                    "Earth Sciences",
                    "Economics",
                    "Education",
                    "English",
                    "Environmental Studies",
                    "Finance",
                    "Fine Arts",
                    "Gender Studies",
                    "Geography",
                    "Health Administration",
                    "Health Education",
                    "History",
                    "Hotel and Restaurant",
                    "Human Resources",
                    "Information Sciences",
                    "Journalism",
                    "Laboratory Techniques",
                    "Law",
                    "Linguistics",
                    "Literature",
                    "Management",
                    "Mathematics",
                    "Media Studies",
                    "Medical Technology",
                    "Medicine",
                    "Midwifery",
                    "Modern Languages",
                    "Music",
                    "Natural Sciences",
                    "Nursing",
                    "Performing Arts",
                    "Philosophy",
                    "Physics",
                    "Political Sciences",
                    "Psychology",
                    "Public Administration",
                    "Social Work",
                    "Sociology",
                    "Statistics",
                    "Surgery",
                    "Sustainable Development",
                    "Theatre",
                    "Tourism"
                ]
            },
            "Postgraduate": {
                "PostBachelor'sDiplomaOrCertificate": [
                    "Business Administration",
                    "Management",
                    "Natural Sciences"
                ],
                "Master'sDegree": [
                    "Accountancy",
                    "Anaesthesiology",
                    "Arts and Humanities",
                    "Business Administration",
                    "Dentistry",
                    "Dermatology",
                    "Health Sciences",
                    "Human Resources",
                    "Law",
                    "Medical Technology",
                    "Medicine",
                    "Natural Sciences",
                    "Obstetrics and Gynaecology",
                    "Ophthalmology",
                    "Otorhinolaryngology",
                    "Paediatrics",
                    "Pathology",
                    "Psychiatry and Mental Health",
                    "Public Health",
                    "Surgery"
                ],
                "Doctor'sDegrees": [
                    "Business Administration",
                    "Philosophy"
                ],
                "ResearchScholarship": [],
                "EducationSpecialistDegree": []
            }
        }
    }
]