[
    {
        "GeneralInformation": {
            "Address": {
                "Street": "P.O. Box 159\n269 Blackfeet Avenue-Agency",
                "City": "Harlem",
                "Province": "Montana",
                "PostCode": "59526",
                "Website": "https://ancollege.edu",
                "college_name": "Aaniiih Nakoda College",
                "university_name": "(ANC)"
            },
            "InstitutionFunding": "Public",
            "History": "Founded 1984",
            "AcademicYear": "N/A",
            "AdmissionRequirements": [],
            "Languages": [
                "English"
            ],
            "StudentBody": "co-ed"
        },
        "Divisions": [
            {
                "College": "Allied Health",
                "FieldsOfStudy": [
                    "Health Sciences"
                ],
                "Details": "N/A"
            },
            {
                "College": "American Indian Studies",
                "FieldsOfStudy": [
                    "Native American Studies"
                ],
                "Details": "N/A"
            },
            {
                "College": "Behavioral Health Technician",
                "FieldsOfStudy": [
                    "Medical Auxiliaries"
                ],
                "Details": "N/A"
            },
            {
                "College": "Business",
                "FieldsOfStudy": [
                    "Business Administration"
                ],
                "Details": "N/A"
            },
            {
                "College": "Chemical Dependency Counseling",
                "FieldsOfStudy": [
                    "Psychology"
                ],
                "Details": "N/A"
            },
            {
                "College": "Computer Information Systems",
                "FieldsOfStudy": [
                    "Computer Science"
                ],
                "Details": "N/A"
            },
            {
                "College": "Early Childhood Education",
                "FieldsOfStudy": [
                    "Preschool Education"
                ],
                "Details": "N/A"
            },
            {
                "College": "Ecology",
                "FieldsOfStudy": [
                    "Ecology"
                ],
                "Details": "N/A"
            },
            {
                "College": "Education",
                "FieldsOfStudy": [
                    "Education"
                ],
                "Details": "N/A"
            },
            {
                "College": "Environmental Science",
                "FieldsOfStudy": [
                    "Environmental Studies",
                    "Nursing"
                ],
                "Details": "N/A"
            },
            {
                "College": "Health Science",
                "FieldsOfStudy": [
                    "Health Sciences"
                ],
                "Details": "N/A"
            },
            {
                "College": "Human Services",
                "FieldsOfStudy": [
                    "Social and Community Services"
                ],
                "Details": "N/A"
            },
            {
                "College": "Industrial Trades",
                "FieldsOfStudy": [
                    "Technology"
                ],
                "Details": "N/A"
            },
            {
                "College": "Liberal Arts",
                "FieldsOfStudy": [
                    "Arts and Humanities"
                ],
                "Details": "N/A"
            },
            {
                "College": "Nursing",
                "FieldsOfStudy": [
                    "Nursing"
                ],
                "Details": "N/A"
            },
            {
                "College": "Tribal Management",
                "FieldsOfStudy": [
                    "Native American Studies"
                ],
                "Details": "N/A"
            },
            {
                "College": "Welding",
                "FieldsOfStudy": [
                    "Metal Techniques"
                ],
                "Details": "N/A"
            }
        ],
        "Degrees": {
            "Undergraduate": {
                "CertificateOrDiploma": [],
                "Bachelor'sDegree": [
                    "Ecology"
                ]
            },
            "Postgraduate": {
                "PostBachelor'sDiplomaOrCertificate": [],
                "Master'sDegree": [],
                "Doctor'sDegrees": [],
                "ResearchScholarship": [],
                "EducationSpecialistDegree": []
            }
        }
    },
    {
        "GeneralInformation": {
            "Address": {
                "Street": "600 Central Avenue, Suite 215",
                "City": "Great Falls",
                "Province": "Montana",
                "PostCode": "59401",
                "Website": "https://apollos.edu",
                "college_name": "Apollos University",
                "university_name": ""
            },
            "InstitutionFunding": "Private-for-profit",
            "History": "Created 2005, acquired status 2012. Apollos University is a distance education university that was previously located in California, and moved to Montana in 2016.",
            "AcademicYear": "Jan-Mar; Apr-Jun; Jul-Sep; Oct-Dec",
            "AdmissionRequirements": [
                "Master's programme: a reconised undergraduate degree;undergraduate GPA of 2",
                "0 (on 4",
                "0 scale); Doctoral programme: master's degree from a recognized institution; graduate GPA of 3",
                "0 (on 4",
                "0 scale)",
                ""
            ],
            "Languages": [
                "English"
            ],
            "StudentBody": "co-ed"
        },
        "Divisions": [
            {
                "College": "Business and Management",
                "FieldsOfStudy": [
                    "Business Administration",
                    "Leadership",
                    "Management"
                ],
                "Details": "N/A"
            },
            {
                "College": "Information Technology",
                "FieldsOfStudy": [
                    "Information Technology"
                ],
                "Details": "N/A"
            }
        ],
        "Degrees": {
            "Undergraduate": {
                "CertificateOrDiploma": [],
                "Bachelor'sDegree": [
                    "Business Administration",
                    "Information Technology"
                ]
            },
            "Postgraduate": {
                "PostBachelor'sDiplomaOrCertificate": [],
                "Master'sDegree": [
                    "Business Administration",
                    "Leadership",
                    "Management"
                ],
                "Doctor'sDegrees": [],
                "ResearchScholarship": [
                    "Artificial Intelligence",
                    "Business Administration",
                    "Information Technology"
                ],
                "EducationSpecialistDegree": []
            }
        }
    },
    {
        "GeneralInformation": {
            "Address": {
                "Street": "504 S.E. East Boundary",
                "City": "Browning",
                "Province": "Montana",
                "PostCode": "59417-0819",
                "Website": "https://bfcc.edu",
                "college_name": "Blackfeet Community College",
                "university_name": "(BCC)"
            },
            "InstitutionFunding": "Private",
            "History": "Founded 1974",
            "AcademicYear": "N/A",
            "AdmissionRequirements": [],
            "Languages": [
                "English"
            ],
            "StudentBody": "co-ed"
        },
        "Divisions": [
            {
                "College": "Nursing",
                "FieldsOfStudy": [
                    "Nursing"
                ],
                "Details": "N/A"
            },
            {
                "College": "Business and Information Technology",
                "FieldsOfStudy": [
                    "Business Administration",
                    "Information Technology"
                ],
                "Details": "N/A"
            },
            {
                "College": "Education",
                "FieldsOfStudy": [
                    "Education",
                    "Preschool Education",
                    "Primary Education"
                ],
                "Details": "N/A"
            },
            {
                "College": "Human Services",
                "FieldsOfStudy": [
                    "Behavioural Sciences",
                    "Criminology",
                    "Psychology",
                    "Social Work"
                ],
                "Details": "N/A"
            },
            {
                "College": "Liberal Studies",
                "FieldsOfStudy": [
                    "Arts and Humanities",
                    "Native American Studies"
                ],
                "Details": "N/A"
            },
            {
                "College": "Math & Science",
                "FieldsOfStudy": [
                    "Engineering",
                    "Environmental Studies",
                    "Health Sciences",
                    "Mathematics",
                    "Natural Sciences",
                    "Water Management"
                ],
                "Details": "N/A"
            },
            {
                "College": "Nursing",
                "FieldsOfStudy": [
                    "Nursing"
                ],
                "Details": "N/A"
            },
            {
                "College": "Piikani Studies",
                "FieldsOfStudy": [
                    "Native American Studies"
                ],
                "Details": "N/A"
            }
        ],
        "Degrees": {
            "Undergraduate": {
                "CertificateOrDiploma": [],
                "Bachelor'sDegree": [
                    "Nursing"
                ]
            },
            "Postgraduate": {
                "PostBachelor'sDiplomaOrCertificate": [],
                "Master'sDegree": [],
                "Doctor'sDegrees": [],
                "ResearchScholarship": [],
                "EducationSpecialistDegree": []
            }
        }
    },
    {
        "GeneralInformation": {
            "Address": {
                "Street": "1601 N Benton Avenue",
                "City": "Helena",
                "Province": "Montana",
                "PostCode": "59625",
                "Website": "https://www.carroll.edu",
                "college_name": "Carroll College",
                "university_name": ""
            },
            "InstitutionFunding": "Private",
            "History": "Created 1909",
            "AcademicYear": "N/A",
            "AdmissionRequirements": [],
            "Languages": [
                "English"
            ],
            "StudentBody": "co-ed"
        },
        "Divisions": [
            {
                "College": "Animal Studies",
                "FieldsOfStudy": [
                    "Anthropology",
                    "Zoology"
                ],
                "Details": "N/A"
            },
            {
                "College": "Arts and Humanities",
                "FieldsOfStudy": [
                    "Catholic Theology",
                    "Dance",
                    "English",
                    "Ethics",
                    "Fine Arts",
                    "Gender Studies",
                    "History",
                    "International Relations and Diplomacy",
                    "Music",
                    "Philosophy",
                    "Spanish",
                    "Theatre",
                    "Theology",
                    "Visual Arts"
                ],
                "Details": "N/A"
            },
            {
                "College": "Business",
                "FieldsOfStudy": [
                    "Accountancy",
                    "Business Administration",
                    "Entrepreneurship",
                    "Finance",
                    "Management",
                    "Marketing"
                ],
                "Details": "N/A"
            },
            {
                "College": "Computer Science & Engineering",
                "FieldsOfStudy": [
                    "Civil Engineering",
                    "Computer Science",
                    "Engineering",
                    "Mechanical Engineering"
                ],
                "Details": "N/A"
            },
            {
                "College": "Health Professions",
                "FieldsOfStudy": [
                    "Health Administration",
                    "Health Sciences",
                    "Medical Technology",
                    "Nursing",
                    "Public Health",
                    "Social Work"
                ],
                "Details": "N/A"
            },
            {
                "College": "Natural Sciences",
                "FieldsOfStudy": [
                    "Biochemistry",
                    "Biology",
                    "Chemistry",
                    "Environmental Studies",
                    "Mathematics",
                    "Molecular Biology",
                    "Natural Sciences",
                    "Neurosciences",
                    "Physics"
                ],
                "Details": "N/A"
            },
            {
                "College": "Social Science and Communication",
                "FieldsOfStudy": [
                    "Communication Studies",
                    "International Relations and Diplomacy",
                    "Political Sciences",
                    "Psychology",
                    "Public Relations",
                    "Social Sciences",
                    "Sociology"
                ],
                "Details": "N/A"
            },
            {
                "College": "Teacher Education",
                "FieldsOfStudy": [
                    "Education",
                    "Literacy Education",
                    "Physical Education",
                    "Special Education",
                    "Teacher Training"
                ],
                "Details": "N/A"
            },
            {
                "College": "Pre-Professional",
                "FieldsOfStudy": [
                    "Chiropractic",
                    "Dentistry",
                    "Dietetics",
                    "Law",
                    "Medical Auxiliaries",
                    "Medicine",
                    "Nursing",
                    "Occupational Therapy",
                    "Optometry",
                    "Pharmacy",
                    "Physical Therapy",
                    "Sports",
                    "Veterinary Science"
                ],
                "Details": "N/A"
            }
        ],
        "Degrees": {
            "Undergraduate": {
                "CertificateOrDiploma": [],
                "Bachelor'sDegree": [
                    "Accountancy",
                    "Anthropology",
                    "Biochemistry",
                    "Biology",
                    "Business Administration",
                    "Chemistry",
                    "Christian Religious Studies",
                    "Civil Engineering",
                    "Communication Studies",
                    "Computer Science",
                    "Engineering",
                    "English",
                    "Entrepreneurship",
                    "Environmental Studies",
                    "Finance",
                    "French",
                    "Health Administration",
                    "Health Sciences",
                    "History",
                    "Humanities and Social Science Education",
                    "Information Technology",
                    "International Relations and Diplomacy",
                    "Management",
                    "Marketing",
                    "Mathematics",
                    "Mathematics and Computer Science",
                    "Mathematics Education",
                    "Molecular Biology",
                    "Nursing",
                    "Philosophy",
                    "Physics",
                    "Political Sciences",
                    "Primary Education",
                    "Psychology",
                    "Public Health",
                    "Science Education",
                    "Secondary Education",
                    "Sociology",
                    "Spanish",
                    "Theatre",
                    "Theology",
                    "Writing"
                ]
            },
            "Postgraduate": {
                "PostBachelor'sDiplomaOrCertificate": [],
                "Master'sDegree": [
                    "Accountancy"
                ],
                "Doctor'sDegrees": [],
                "ResearchScholarship": [],
                "EducationSpecialistDegree": []
            }
        }
    },
    {
        "GeneralInformation": {
            "Address": {
                "Street": "P.O. Box 172420, President's Office",
                "City": "Bozeman",
                "Province": "Montana",
                "PostCode": "59717",
                "Website": "https://www.montana.edu",
                "college_name": "Montana State University",
                "university_name": "(MSU)"
            },
            "InstitutionFunding": "Public",
            "History": "Founded 1893 as Agricultural College of the State of Montana, and acquired present title 1965. A Land-Grant institution.",
            "AcademicYear": "August to May (August-December;January-May)",
            "AdmissionRequirements": [
                "Graduation from high school or equivalent, and College Board SAT or ACT examination",
                "TOEFL test for foreign students"
            ],
            "Languages": [
                "English"
            ],
            "StudentBody": "co-ed"
        },
        "Divisions": [
            {
                "College": "Agriculture",
                "FieldsOfStudy": [
                    "Agricultural Economics",
                    "Agricultural Education",
                    "Agriculture",
                    "Animal Husbandry",
                    "Botany",
                    "Cell Biology",
                    "Environmental Studies",
                    "Microbiology",
                    "Plant and Crop Protection",
                    "Plant Pathology"
                ],
                "Details": "N/A"
            },
            {
                "College": "Arts and Architecture",
                "FieldsOfStudy": [
                    "Architecture",
                    "Art Education",
                    "Art History",
                    "Ceramic Art",
                    "Film",
                    "Graphic Design",
                    "Metal Techniques",
                    "Music",
                    "Painting and Drawing",
                    "Photography",
                    "Printing and Printmaking",
                    "Sculpture"
                ],
                "Details": "N/A"
            },
            {
                "College": "Business",
                "FieldsOfStudy": [
                    "Accountancy",
                    "Business Administration",
                    "Entrepreneurship",
                    "Management"
                ],
                "Details": "N/A"
            },
            {
                "College": "Education, Health and Human Development",
                "FieldsOfStudy": [
                    "Community Health",
                    "Consumer Studies",
                    "Education",
                    "Family Studies",
                    "Food Science",
                    "Health Education",
                    "Kinesiology",
                    "Nutrition",
                    "Physical Education",
                    "Psychology"
                ],
                "Details": "N/A"
            },
            {
                "College": "Engineering",
                "FieldsOfStudy": [
                    "Bioengineering",
                    "Chemical Engineering",
                    "Civil Engineering",
                    "Computer Engineering",
                    "Computer Science",
                    "Electrical Engineering",
                    "Energy Engineering",
                    "Industrial Engineering",
                    "Mechanical Engineering",
                    "Transport and Communications"
                ],
                "Details": "N/A"
            },
            {
                "College": "Letters and Science",
                "FieldsOfStudy": [
                    "Agricultural Economics",
                    "American Studies",
                    "Anthropology",
                    "Biochemistry",
                    "Cell Biology",
                    "Chemistry",
                    "Earth Sciences",
                    "Ecology",
                    "English",
                    "History",
                    "Literature",
                    "Mathematics",
                    "Microbiology",
                    "Modern Languages",
                    "Native American Studies",
                    "Neurosciences",
                    "Philosophy",
                    "Physics",
                    "Political Sciences",
                    "Psychology",
                    "Sociology"
                ],
                "Details": "N/A"
            },
            {
                "College": "Nursing",
                "FieldsOfStudy": [
                    "Nursing"
                ],
                "Details": "N/A"
            }
        ],
        "Degrees": {
            "Undergraduate": {
                "CertificateOrDiploma": [],
                "Bachelor'sDegree": [
                    "Accountancy",
                    "Agricultural Business",
                    "Agricultural Education",
                    "American Studies",
                    "Animal Husbandry",
                    "Anthropology",
                    "Applied Mathematics",
                    "Architecture",
                    "Art Education",
                    "Art History",
                    "Asian Studies",
                    "Bioengineering",
                    "Biology",
                    "Biotechnology",
                    "Botany",
                    "Business Administration",
                    "Chemical Engineering",
                    "Chemistry",
                    "Child Care and Development",
                    "Community Health",
                    "Computer Engineering",
                    "Computer Science",
                    "Consumer Studies",
                    "Criminology",
                    "Crop Production",
                    "Dietetics",
                    "Earth Sciences",
                    "Ecology",
                    "Economics",
                    "Electrical Engineering",
                    "English",
                    "Environmental Engineering",
                    "Environmental Studies",
                    "Family Studies",
                    "Farm Management",
                    "Film",
                    "Finance",
                    "Fine Arts",
                    "Fishery",
                    "Food Science",
                    "French",
                    "French Studies",
                    "Geography",
                    "Geology",
                    "Graphic Design",
                    "Health Administration",
                    "Health Education",
                    "History",
                    "Horticulture",
                    "Hotel Management",
                    "Industrial Engineering",
                    "International Studies",
                    "Kinesiology",
                    "Landscape Architecture",
                    "Latin American Studies",
                    "Literature",
                    "Management",
                    "Marketing",
                    "Mathematics",
                    "Mathematics Education",
                    "Mechanical Engineering",
                    "Medical Technology",
                    "Microbiology",
                    "Modern Languages",
                    "Music",
                    "Music Education",
                    "Natural Resources",
                    "Natural Sciences",
                    "Nursing",
                    "Nutrition",
                    "Parks and Recreation",
                    "Philosophy",
                    "Photography",
                    "Physical Education",
                    "Physics",
                    "Political Sciences",
                    "Preschool Education",
                    "Primary Education",
                    "Science Education",
                    "Secondary Education",
                    "Sociology",
                    "Soil Science",
                    "Spanish",
                    "Special Education",
                    "Sports",
                    "Statistics",
                    "Surveying and Mapping",
                    "Technology Education",
                    "Water Science",
                    "Wildlife",
                    "Writing"
                ]
            },
            "Postgraduate": {
                "PostBachelor'sDiplomaOrCertificate": [],
                "Master'sDegree": [
                    "Accountancy",
                    "Adult Education",
                    "Agricultural Education",
                    "American Studies",
                    "Animal Husbandry",
                    "Architecture",
                    "Art History",
                    "Artificial Intelligence",
                    "Biochemistry",
                    "Bioengineering",
                    "Biological and Life Sciences",
                    "Cell Biology",
                    "Chemical Engineering",
                    "Chemistry",
                    "Civil Engineering",
                    "Computer Engineering",
                    "Computer Science",
                    "Consumer Studies",
                    "Curriculum",
                    "Data Processing",
                    "Dietetics",
                    "Earth Sciences",
                    "Economics",
                    "Educational Administration",
                    "Educational and Student Counselling",
                    "Electrical Engineering",
                    "English",
                    "Entomology",
                    "Environmental Engineering",
                    "Environmental Studies",
                    "Family Studies",
                    "Film",
                    "Fine Arts",
                    "Fishery",
                    "Health Sciences",
                    "Higher Education",
                    "History",
                    "Immunology",
                    "Industrial Management",
                    "Kinesiology",
                    "Management",
                    "Materials Engineering",
                    "Mathematics and Computer Science",
                    "Mathematics Education",
                    "Mechanical Engineering",
                    "Microbiology",
                    "Music Education",
                    "Native American Studies",
                    "Natural Resources",
                    "Nursing",
                    "Nutrition",
                    "Optics",
                    "Physics",
                    "Plant Pathology",
                    "Psychology",
                    "Public Administration",
                    "Public Health",
                    "Science Education",
                    "Sports",
                    "Statistics",
                    "Sustainable Development",
                    "Teacher Training",
                    "Wildlife"
                ],
                "Doctor'sDegrees": [
                    "Adult Education",
                    "Curriculum",
                    "Educational Administration",
                    "Higher Education",
                    "Nursing"
                ],
                "ResearchScholarship": [
                    "Adult Education",
                    "American Studies",
                    "Animal Husbandry",
                    "Biochemistry",
                    "Biological and Life Sciences",
                    "Biology",
                    "Botany",
                    "Cell Biology",
                    "Chemical Engineering",
                    "Chemistry",
                    "Civil Engineering",
                    "Community Health",
                    "Computer Engineering",
                    "Computer Science",
                    "Curriculum",
                    "Earth Sciences",
                    "Ecology",
                    "Education",
                    "Educational Administration",
                    "Electrical Engineering",
                    "Engineering",
                    "Environmental Studies",
                    "Health Sciences",
                    "Higher Education",
                    "History",
                    "Immunology",
                    "Materials Engineering",
                    "Mathematics",
                    "Mathematics Education",
                    "Mechanical Engineering",
                    "Microbiology",
                    "Molecular Biology",
                    "Neurosciences",
                    "Nursing",
                    "Physics",
                    "Psychology",
                    "Statistics",
                    "Wildlife"
                ],
                "EducationSpecialistDegree": [
                    "Education"
                ]
            }
        }
    },
    {
        "GeneralInformation": {
            "Address": {
                "Street": "1500 University Drive",
                "City": "Billings",
                "Province": "Montana",
                "PostCode": "59101",
                "Website": "https://www.msubillings.edu",
                "college_name": "Montana State University-Billings",
                "university_name": "(MSU-Billings)"
            },
            "InstitutionFunding": "Public",
            "History": "Founded 1927 as Eastern Montana Normal School. Affiliated with Montana State University and acquired present title 1994.",
            "AcademicYear": "N/A",
            "AdmissionRequirements": [
                "Graduation from high school or equivalent, and College Board SAT or ACT examination"
            ],
            "Languages": [
                "English"
            ],
            "StudentBody": "co-ed"
        },
        "Divisions": [
            {
                "College": "Business",
                "FieldsOfStudy": [
                    "Accountancy",
                    "Business Administration",
                    "Economics",
                    "Finance",
                    "Marketing"
                ],
                "Details": "N/A"
            },
            {
                "College": "Education",
                "FieldsOfStudy": [
                    "Education",
                    "Educational Sciences",
                    "Teacher Training"
                ],
                "Details": "N/A"
            },
            {
                "College": "Health Professions and Science",
                "FieldsOfStudy": [
                    "Health Administration",
                    "Nursing",
                    "Rehabilitation and Therapy",
                    "Sports"
                ],
                "Details": "N/A"
            },
            {
                "College": "Liberal Arts & Social Sciences",
                "FieldsOfStudy": [
                    "Biological and Life Sciences",
                    "Ceramic Art",
                    "Communication Studies",
                    "Cultural Studies",
                    "English",
                    "Environmental Studies",
                    "History",
                    "Mathematics",
                    "Modern Languages",
                    "Music",
                    "Native American Studies",
                    "Philosophy",
                    "Physics",
                    "Political Sciences",
                    "Psychology",
                    "Sculpture",
                    "Social Sciences",
                    "Sociology",
                    "Theatre"
                ],
                "Details": "N/A"
            },
            {
                "College": "Technology",
                "FieldsOfStudy": [
                    "Accountancy",
                    "Automotive Engineering",
                    "Computer Networks",
                    "Construction Engineering",
                    "Design",
                    "Human Resources",
                    "Medical Auxiliaries",
                    "Metal Techniques",
                    "Nursing",
                    "Radiology",
                    "Safety Engineering"
                ],
                "Details": "N/A"
            }
        ],
        "Degrees": {
            "Undergraduate": {
                "CertificateOrDiploma": [],
                "Bachelor'sDegree": [
                    "Accountancy",
                    "Art Education",
                    "Biology",
                    "Biomedicine",
                    "Business Administration",
                    "Chemistry",
                    "Communication Arts",
                    "Criminology",
                    "Curriculum",
                    "Education",
                    "English",
                    "Environmental Studies",
                    "Finance",
                    "Fine Arts",
                    "Health Administration",
                    "Health Education",
                    "Health Sciences",
                    "History",
                    "Leisure Studies",
                    "Management",
                    "Marketing",
                    "Mathematics",
                    "Mathematics Education",
                    "Music",
                    "Music Education",
                    "Natural Sciences",
                    "Physical Education",
                    "Political Sciences",
                    "Primary Education",
                    "Psychology",
                    "Public Relations",
                    "Secondary Education",
                    "Social and Community Services",
                    "Sociology",
                    "Special Education",
                    "Sports"
                ]
            },
            "Postgraduate": {
                "PostBachelor'sDiplomaOrCertificate": [],
                "Master'sDegree": [
                    "Curriculum",
                    "Educational and Student Counselling",
                    "Educational Technology",
                    "Health Administration",
                    "Literacy Education",
                    "Psychology",
                    "Public Administration",
                    "Public Relations",
                    "Rehabilitation and Therapy",
                    "Secondary Education",
                    "Special Education",
                    "Sports"
                ],
                "Doctor'sDegrees": [],
                "ResearchScholarship": [],
                "EducationSpecialistDegree": []
            }
        }
    },
    {
        "GeneralInformation": {
            "Address": {
                "Street": "P.O. Box 7751\n300 13th Street West",
                "City": "Havre",
                "Province": "Montana",
                "PostCode": "59501",
                "Website": "https://www.msun.edu",
                "college_name": "Montana State University-Northern",
                "university_name": "(MSU-Northern)"
            },
            "InstitutionFunding": "Public",
            "History": "Founded 1929.",
            "AcademicYear": "N/A",
            "AdmissionRequirements": [],
            "Languages": [
                "English"
            ],
            "StudentBody": "co-ed"
        },
        "Divisions": [
            {
                "College": "Arts, Sciences, and Education",
                "FieldsOfStudy": [
                    "Arts and Humanities",
                    "Biology",
                    "Education",
                    "Graphic Design",
                    "Mathematics",
                    "Native American Studies",
                    "Physical Education",
                    "Psychology",
                    "Social Sciences",
                    "Technology",
                    "Water Science"
                ],
                "Details": "N/A"
            },
            {
                "College": "Health Sciences",
                "FieldsOfStudy": [
                    "Health Education",
                    "Health Sciences",
                    "Nursing"
                ],
                "Details": "N/A"
            },
            {
                "College": "Technical Sciences",
                "FieldsOfStudy": [
                    "Accountancy",
                    "Agricultural Engineering",
                    "Agriculture",
                    "Automotive Engineering",
                    "Business Administration",
                    "Civil Engineering",
                    "Computer Science",
                    "Design",
                    "Electrical Engineering",
                    "Marketing",
                    "Metal Techniques",
                    "Surveying and Mapping"
                ],
                "Details": "N/A"
            }
        ],
        "Degrees": {
            "Undergraduate": {
                "CertificateOrDiploma": [],
                "Bachelor'sDegree": [
                    "Agricultural Engineering",
                    "Arts and Humanities",
                    "Automotive Engineering",
                    "Biology",
                    "Business Administration",
                    "Civil Engineering",
                    "Criminology",
                    "Education",
                    "English",
                    "Graphic Design",
                    "Health Education",
                    "Humanities and Social Science Education",
                    "Leadership",
                    "Literacy Education",
                    "Native American Studies",
                    "Natural Sciences",
                    "Nursing",
                    "Petroleum and Gas Engineering",
                    "Physical Education",
                    "Primary Education",
                    "Psychology",
                    "Secondary Education",
                    "Service Trades",
                    "Technology Education"
                ]
            },
            "Postgraduate": {
                "PostBachelor'sDiplomaOrCertificate": [],
                "Master'sDegree": [
                    "Educational and Student Counselling",
                    "Teacher Training"
                ],
                "Doctor'sDegrees": [],
                "ResearchScholarship": [],
                "EducationSpecialistDegree": []
            }
        }
    },
    {
        "GeneralInformation": {
            "Address": {
                "Street": "1300 West Park Street",
                "City": "Butte",
                "Province": "Montana",
                "PostCode": "59701",
                "Website": "https://www.mtech.edu",
                "college_name": "Montana Technological University",
                "university_name": ""
            },
            "InstitutionFunding": "Public",
            "History": "Founded 1893.",
            "AcademicYear": "September to May (September-December; January-May)",
            "AdmissionRequirements": [
                "Graduation from high school or equivalent, and College Board SAT or ACT examination",
                "TOEFL test for foreign students"
            ],
            "Languages": [
                "English"
            ],
            "StudentBody": "co-ed"
        },
        "Divisions": [
            {
                "College": "Letters, Sciences and Professional Studies",
                "FieldsOfStudy": [
                    "Arts and Humanities",
                    "Biology",
                    "Business and Commerce",
                    "Chemistry",
                    "Communication Studies",
                    "Computer Networks",
                    "Computer Science",
                    "Information Technology",
                    "Mathematics",
                    "Nursing",
                    "Science Education",
                    "Software Engineering",
                    "Technology"
                ],
                "Details": "N/A"
            },
            {
                "College": "Mines and Engineering",
                "FieldsOfStudy": [
                    "Civil Engineering",
                    "Computer Science",
                    "Electrical Engineering",
                    "Environmental Engineering",
                    "Geological Engineering",
                    "Health Administration",
                    "Industrial Maintenance",
                    "Materials Engineering",
                    "Mechanical Engineering",
                    "Metallurgical Engineering",
                    "Mineralogy",
                    "Mining Engineering"
                ],
                "Details": "N/A"
            },
            {
                "College": "Graduate",
                "FieldsOfStudy": "N/A",
                "Details": "N/A"
            },
            {
                "College": "Nursing",
                "FieldsOfStudy": [
                    "Nursing"
                ],
                "Details": "Sherry Lesar"
            }
        ],
        "Degrees": {
            "Undergraduate": {
                "CertificateOrDiploma": [],
                "Bachelor'sDegree": [
                    "Applied Mathematics",
                    "Arts and Humanities",
                    "Biology",
                    "Business and Commerce",
                    "Chemistry",
                    "Civil Engineering",
                    "Communication Studies",
                    "Computer Networks",
                    "Computer Science",
                    "Construction Engineering",
                    "Data Processing",
                    "Electrical Engineering",
                    "Environmental Engineering",
                    "Geological Engineering",
                    "Health Administration",
                    "Health Sciences",
                    "Industrial Maintenance",
                    "Information Technology",
                    "Management",
                    "Materials Engineering",
                    "Mathematics",
                    "Mechanical Engineering",
                    "Metallurgical Engineering",
                    "Mineralogy",
                    "Mining Engineering",
                    "Nursing",
                    "Petroleum and Gas Engineering",
                    "Physical Education",
                    "Primary Education",
                    "Science Education",
                    "Secondary Education",
                    "Software Engineering",
                    "Technology"
                ]
            },
            "Postgraduate": {
                "PostBachelor'sDiplomaOrCertificate": "N/A",
                "Master'sDegree": [
                    "Civil Engineering",
                    "Earth Sciences",
                    "Ecology",
                    "Electrical Engineering",
                    "Engineering",
                    "Environmental Engineering",
                    "Geological Engineering",
                    "Geology",
                    "Geophysics",
                    "Hygiene",
                    "Management",
                    "Materials Engineering",
                    "Mechanical Engineering",
                    "Metal Techniques",
                    "Metallurgical Engineering",
                    "Mining Engineering",
                    "Petroleum and Gas Engineering"
                ],
                "Doctor'sDegrees": [],
                "ResearchScholarship": [
                    "Earth Sciences",
                    "Geological Engineering",
                    "Materials Engineering"
                ],
                "EducationSpecialistDegree": []
            }
        }
    },
    {
        "GeneralInformation": {
            "Address": {
                "Street": "1511 Poly Drive",
                "City": "Billings",
                "Province": "Montana",
                "PostCode": "59102",
                "Website": "https://www.rocky.edu",
                "college_name": "Rocky Mountain College",
                "university_name": "(RMC)"
            },
            "InstitutionFunding": "Private",
            "History": "Created 1878",
            "AcademicYear": "N/A",
            "AdmissionRequirements": [],
            "Languages": [
                "English"
            ],
            "StudentBody": "co-ed"
        },
        "Divisions": [
            {
                "College": "Humanities and Fine Arts",
                "FieldsOfStudy": [
                    "Communication Studies",
                    "Fine Arts",
                    "Foreign Languages Education",
                    "History",
                    "Literature",
                    "Music",
                    "Philosophy",
                    "Political Sciences",
                    "Religious Studies",
                    "Sociology",
                    "Theatre"
                ],
                "Details": "N/A"
            },
            {
                "College": "Natural Sciences and Mathematics.",
                "FieldsOfStudy": [
                    "Biochemistry",
                    "Biology",
                    "Chemistry",
                    "Computer Science",
                    "Environmental Studies",
                    "Geology",
                    "Mathematics",
                    "Physics"
                ],
                "Details": "N/A"
            },
            {
                "College": "Professional Studies",
                "FieldsOfStudy": [
                    "Accountancy",
                    "Aeronautical and Aerospace Engineering",
                    "Animal Husbandry",
                    "Business Administration",
                    "Education",
                    "Library Science",
                    "Psychology",
                    "Sports"
                ],
                "Details": "N/A"
            }
        ],
        "Degrees": {
            "Undergraduate": {
                "CertificateOrDiploma": [],
                "Bachelor'sDegree": [
                    "Accountancy",
                    "Aeronautical and Aerospace Engineering",
                    "Animal Husbandry",
                    "Art History",
                    "Biology",
                    "Business Administration",
                    "Chemistry",
                    "Computer Science",
                    "Education",
                    "English",
                    "Environmental Studies",
                    "Fine Arts",
                    "Geography",
                    "Geology",
                    "Health Sciences",
                    "History",
                    "Mathematics",
                    "Music",
                    "Philosophy",
                    "Political Sciences",
                    "Psychology",
                    "Religious Studies",
                    "Sociology",
                    "Sports",
                    "Theatre"
                ]
            },
            "Postgraduate": {
                "PostBachelor'sDiplomaOrCertificate": [],
                "Master'sDegree": [
                    "Accountancy",
                    "Educational Administration",
                    "Medical Auxiliaries"
                ],
                "Doctor'sDegrees": [
                    "Medicine",
                    "Occupational Therapy"
                ],
                "ResearchScholarship": [],
                "EducationSpecialistDegree": []
            }
        }
    },
    {
        "GeneralInformation": {
            "Address": {
                "Street": "PO Box 70",
                "City": "Pablo",
                "Province": "Montana",
                "PostCode": "59855",
                "Website": "https://www.skc.edu",
                "college_name": "Salish Kootenai College",
                "university_name": ""
            },
            "InstitutionFunding": "Public",
            "History": "Founded 1977",
            "AcademicYear": "N/A",
            "AdmissionRequirements": [],
            "Languages": [
                "English"
            ],
            "StudentBody": "co-ed"
        },
        "Divisions": [
            {
                "College": "Agriculture",
                "FieldsOfStudy": [
                    "Fishery",
                    "Forest Management",
                    "Forestry",
                    "Water Science"
                ],
                "Details": "N/A"
            },
            {
                "College": "Arts and Humanities",
                "FieldsOfStudy": [
                    "Arts and Humanities",
                    "Heritage Preservation"
                ],
                "Details": "N/A"
            },
            {
                "College": "Business Management",
                "FieldsOfStudy": [
                    "Business Administration",
                    "Management"
                ],
                "Details": "N/A"
            },
            {
                "College": "Education",
                "FieldsOfStudy": [
                    "Education",
                    "Mathematics Education",
                    "Preschool Education",
                    "Primary Education",
                    "Science Education"
                ],
                "Details": "N/A"
            },
            {
                "College": "Information Technology",
                "FieldsOfStudy": [
                    "Information Technology"
                ],
                "Details": "N/A"
            },
            {
                "College": "Native American Studies",
                "FieldsOfStudy": [
                    "Native American Studies"
                ],
                "Details": "N/A"
            },
            {
                "College": "Psychology",
                "FieldsOfStudy": [
                    "Psychology"
                ],
                "Details": "N/A"
            },
            {
                "College": "Social Work",
                "FieldsOfStudy": [
                    "Social Work"
                ],
                "Details": "N/A"
            }
        ],
        "Degrees": {
            "Undergraduate": {
                "CertificateOrDiploma": [],
                "Bachelor'sDegree": [
                    "Administration",
                    "Biological and Life Sciences",
                    "Business Administration",
                    "Cultural Studies",
                    "Fishery",
                    "Forest Management",
                    "Forestry",
                    "Heritage Preservation",
                    "Information Technology",
                    "Mathematics Education",
                    "Modern Languages",
                    "Native American Studies",
                    "Native Language Education",
                    "Nursing",
                    "Preschool Education",
                    "Primary Education",
                    "Psychology",
                    "Public Administration",
                    "Science Education",
                    "Secondary Education",
                    "Social Work",
                    "Water Science",
                    "Wildlife"
                ]
            },
            "Postgraduate": {
                "PostBachelor'sDiplomaOrCertificate": [],
                "Master'sDegree": [
                    "Curriculum",
                    "Natural Resources"
                ],
                "Doctor'sDegrees": [],
                "ResearchScholarship": [],
                "EducationSpecialistDegree": []
            }
        }
    },
    {
        "GeneralInformation": {
            "Address": {
                "Street": "8294 Upper Box Elder Rd",
                "City": "Box Elder",
                "Province": "Montana",
                "PostCode": "59521",
                "Website": "https://www.stonechild.edu",
                "college_name": "Stone Child College",
                "university_name": ""
            },
            "InstitutionFunding": "Public",
            "History": "Created 1984. First accredited 1993.",
            "AcademicYear": "N/A",
            "AdmissionRequirements": [],
            "Languages": [
                "English"
            ],
            "StudentBody": "co-ed"
        },
        "Divisions": [
            {
                "College": "Business",
                "FieldsOfStudy": [
                    "Business Administration"
                ],
                "Details": "N/A"
            },
            {
                "College": "Computer Science",
                "FieldsOfStudy": [
                    "Agriculture"
                ],
                "Details": "N/A"
            },
            {
                "College": "Cree Language",
                "FieldsOfStudy": [
                    "Native Language Education"
                ],
                "Details": "N/A"
            },
            {
                "College": "Education",
                "FieldsOfStudy": [
                    "Preschool Education",
                    "Primary Education"
                ],
                "Details": "N/A"
            },
            {
                "College": "Human Services",
                "FieldsOfStudy": [
                    "Public Health"
                ],
                "Details": "N/A"
            },
            {
                "College": "Mathematics",
                "FieldsOfStudy": [
                    "Fine Arts",
                    "Mathematics"
                ],
                "Details": "N/A"
            },
            {
                "College": "Native American Studies",
                "FieldsOfStudy": [
                    "Native American Studies"
                ],
                "Details": "N/A"
            },
            {
                "College": "Natural Resource Studies",
                "FieldsOfStudy": [
                    "Natural Resources"
                ],
                "Details": "N/A"
            },
            {
                "College": "Science",
                "FieldsOfStudy": [
                    "Natural Sciences"
                ],
                "Details": "N/A"
            },
            {
                "College": "Studio Arts",
                "FieldsOfStudy": [
                    "Fine Arts"
                ],
                "Details": "N/A"
            }
        ],
        "Degrees": {
            "Undergraduate": {
                "CertificateOrDiploma": [],
                "Bachelor'sDegree": [
                    "Preschool Education",
                    "Primary Education"
                ]
            },
            "Postgraduate": {
                "PostBachelor'sDiplomaOrCertificate": [],
                "Master'sDegree": [],
                "Doctor'sDegrees": [],
                "ResearchScholarship": [],
                "EducationSpecialistDegree": []
            }
        }
    },
    {
        "GeneralInformation": {
            "Address": {
                "Street": "32 Campus Drive",
                "City": "Missoula",
                "Province": "Montana",
                "PostCode": "59812",
                "Website": "https://www.umt.edu",
                "college_name": "The University of Montana",
                "university_name": ""
            },
            "InstitutionFunding": "Public",
            "History": "Founded 1893. A State institution.",
            "AcademicYear": "August to May (August-December; January-May). Also Summer Session (May-July)",
            "AdmissionRequirements": [
                "Graduation from high school or equivalent, and College Board SAT or ACT examination",
                "TOEFL test for foreign students"
            ],
            "Languages": [
                "English"
            ],
            "StudentBody": "co-ed"
        },
        "Divisions": [
            {
                "College": "Arts and Media",
                "FieldsOfStudy": [
                    "Art Criticism",
                    "Art Education",
                    "Art History",
                    "Ceramic Art",
                    "Communication Arts",
                    "Dance",
                    "Journalism",
                    "Media Studies",
                    "Music",
                    "Painting and Drawing",
                    "Photography",
                    "Printing and Printmaking",
                    "Radio and Television Broadcasting",
                    "Sculpture",
                    "Theatre",
                    "Visual Arts"
                ],
                "Details": "N/A"
            },
            {
                "College": "Business",
                "FieldsOfStudy": [
                    "Accountancy",
                    "Business Administration",
                    "Finance",
                    "International Business",
                    "Management",
                    "Marketing"
                ],
                "Details": "N/A"
            },
            {
                "College": "Education",
                "FieldsOfStudy": [
                    "Education",
                    "Educational Administration",
                    "Educational and Student Counselling",
                    "Teacher Training"
                ],
                "Details": "Phyllis J. Washington"
            },
            {
                "College": "Forestry and Conservation",
                "FieldsOfStudy": [
                    "Ecology",
                    "Forest Management",
                    "Forestry",
                    "Geography",
                    "Wildlife"
                ],
                "Details": "W.A. Franke College"
            },
            {
                "College": "Health",
                "FieldsOfStudy": [
                    "Biomedicine",
                    "Community Health",
                    "Pharmacology",
                    "Pharmacy",
                    "Physical Therapy",
                    "Physiology",
                    "Public Health",
                    "Rehabilitation and Therapy",
                    "Social Work",
                    "Speech Therapy and Audiology"
                ],
                "Details": "N/A"
            },
            {
                "College": "Humanities and Sciences",
                "FieldsOfStudy": [
                    "African American Studies",
                    "Anthropology",
                    "Astronomy and Space Science",
                    "Biochemistry",
                    "Biology",
                    "Chemistry",
                    "Classical Languages",
                    "Communication Studies",
                    "Computer Science",
                    "Earth Sciences",
                    "Economics",
                    "Engineering",
                    "English",
                    "Environmental Studies",
                    "Gender Studies",
                    "Geography",
                    "History",
                    "Latin American Studies",
                    "Linguistics",
                    "Mathematics",
                    "Military Science",
                    "Modern Languages",
                    "Native American Studies",
                    "Philosophy",
                    "Physics",
                    "Political Sciences",
                    "Psychology",
                    "Sociology",
                    "Women's Studies"
                ],
                "Details": "N/A"
            },
            {
                "College": "Pre-Professional",
                "FieldsOfStudy": [
                    "Dentistry",
                    "Engineering",
                    "Law",
                    "Medical Auxiliaries",
                    "Medicine",
                    "Nursing",
                    "Pharmacy",
                    "Physical Therapy",
                    "Sports",
                    "Veterinary Science"
                ],
                "Details": "N/A"
            },
            {
                "College": "Graduate",
                "FieldsOfStudy": "N/A",
                "Details": "N/A"
            },
            {
                "College": "Law",
                "FieldsOfStudy": [
                    "Law",
                    "Public Administration"
                ],
                "Details": "Alexander Blewett III"
            }
        ],
        "Degrees": {
            "Undergraduate": {
                "CertificateOrDiploma": [],
                "Bachelor'sDegree": [
                    "Accountancy",
                    "African American Studies",
                    "Anthropology",
                    "Archaeology",
                    "Art Criticism",
                    "Art Education",
                    "Art History",
                    "Asian Studies",
                    "Astronomy and Space Science",
                    "Biochemistry",
                    "Biology",
                    "Biomedicine",
                    "Business Administration",
                    "Business and Commerce",
                    "Chemistry",
                    "Classical Languages",
                    "Communication Arts",
                    "Communication Disorders",
                    "Communication Studies",
                    "Community Health",
                    "Computer Science",
                    "Criminology",
                    "Dance",
                    "Earth Sciences",
                    "East Asian Studies",
                    "Ecology",
                    "Economics",
                    "Education",
                    "Educational Administration",
                    "Educational and Student Counselling",
                    "Electronic Engineering",
                    "Engineering",
                    "English",
                    "Entrepreneurship",
                    "Environmental Management",
                    "Environmental Studies",
                    "Finance",
                    "Forest Management",
                    "Forestry",
                    "French",
                    "Gender Studies",
                    "Geography",
                    "German",
                    "Health Sciences",
                    "History",
                    "International Business",
                    "Japanese",
                    "Journalism",
                    "Latin American Studies",
                    "Linguistics",
                    "Management",
                    "Marketing",
                    "Mathematics",
                    "Mathematics Education",
                    "Media Studies",
                    "Medical Technology",
                    "Microbiology",
                    "Military Science",
                    "Modern Languages",
                    "Music",
                    "Native American Studies",
                    "Natural Resources",
                    "Neurosciences",
                    "Painting and Drawing",
                    "Parks and Recreation",
                    "Pharmacology",
                    "Pharmacy",
                    "Philosophy",
                    "Physical Therapy",
                    "Physics",
                    "Physiology",
                    "Political Sciences",
                    "Psychology",
                    "Public Administration",
                    "Public Health",
                    "Public Law",
                    "Radio and Television Broadcasting",
                    "Rehabilitation and Therapy",
                    "Russian",
                    "Social Work",
                    "Sociology",
                    "Software Engineering",
                    "South Asian Studies",
                    "Spanish",
                    "Speech Therapy and Audiology",
                    "Teacher Training",
                    "Technology",
                    "Theatre",
                    "Tourism",
                    "Visual Arts",
                    "Wildlife",
                    "Women's Studies",
                    "Writing"
                ]
            },
            "Postgraduate": {
                "PostBachelor'sDiplomaOrCertificate": [],
                "Master'sDegree": [
                    "Accountancy",
                    "Anthropology",
                    "Archaeology",
                    "Biochemistry",
                    "Biophysics",
                    "Business Administration",
                    "Cell Biology",
                    "Chemistry",
                    "Communication Arts",
                    "Communication Studies",
                    "Computer Science",
                    "Curriculum",
                    "Earth Sciences",
                    "Ecology",
                    "Economics",
                    "Education",
                    "Educational Administration",
                    "Educational and Student Counselling",
                    "English",
                    "Environmental Studies",
                    "Fine Arts",
                    "Forestry",
                    "Geography",
                    "History",
                    "Journalism",
                    "Linguistics",
                    "Mathematics",
                    "Media Studies",
                    "Molecular Biology",
                    "Music",
                    "Neurosciences",
                    "Parks and Recreation",
                    "Pharmacology",
                    "Physical Therapy",
                    "Physiology",
                    "Political Sciences",
                    "Psychology",
                    "Public Administration",
                    "Public Health",
                    "Secondary Education",
                    "Social Work",
                    "Sociology",
                    "Speech Therapy and Audiology",
                    "Sports",
                    "Theatre",
                    "Tourism",
                    "Toxicology",
                    "Wildlife"
                ],
                "Doctor'sDegrees": [
                    "Law",
                    "Pharmacy",
                    "Physical Therapy"
                ],
                "ResearchScholarship": [
                    "Anthropology",
                    "Biomedicine",
                    "Biophysics",
                    "Business Administration",
                    "Cell Biology",
                    "Chemistry",
                    "Curriculum",
                    "Earth Sciences",
                    "Ecology",
                    "Educational Administration",
                    "Educational and Student Counselling",
                    "Educational Psychology",
                    "Environmental Studies",
                    "Fishery",
                    "Forestry",
                    "History",
                    "Inorganic Chemistry",
                    "Law",
                    "Materials Engineering",
                    "Mathematics",
                    "Microbiology",
                    "Molecular Biology",
                    "Neurosciences",
                    "Organic Chemistry",
                    "Pharmacy",
                    "Physical Chemistry",
                    "Psychology",
                    "Public Administration",
                    "Toxicology",
                    "Wildlife"
                ],
                "EducationSpecialistDegree": []
            }
        }
    },
    {
        "GeneralInformation": {
            "Address": {
                "Street": "710 South Atlantic St.",
                "City": "Dillon",
                "Province": "Montana",
                "PostCode": "59725",
                "Website": "https://www.umwestern.edu",
                "college_name": "The University of Montana-Western",
                "university_name": "(UMW)"
            },
            "InstitutionFunding": "Public",
            "History": "Founded 1893 as Normal School, acquired present title 1965. A Branch Campus of the University of Montana. A State institution.",
            "AcademicYear": "N/A",
            "AdmissionRequirements": [
                "Graduation from high school or equivalent, and College Board SAT or ACT examination"
            ],
            "Languages": [
                "English"
            ],
            "StudentBody": "co-ed"
        },
        "Divisions": [
            {
                "College": "Biology",
                "FieldsOfStudy": [
                    "Biology"
                ],
                "Details": "N/A"
            },
            {
                "College": "Business and Technology",
                "FieldsOfStudy": [
                    "Business and Commerce",
                    "Technology"
                ],
                "Details": "N/A"
            },
            {
                "College": "Education",
                "FieldsOfStudy": [
                    "Education"
                ],
                "Details": "N/A"
            },
            {
                "College": "English",
                "FieldsOfStudy": [
                    "English"
                ],
                "Details": "N/A"
            },
            {
                "College": "Environmental Sciences",
                "FieldsOfStudy": [
                    "Environmental Studies"
                ],
                "Details": "N/A"
            },
            {
                "College": "Equine Studies",
                "FieldsOfStudy": [
                    "Animal Husbandry"
                ],
                "Details": "N/A"
            },
            {
                "College": "Fine Arts",
                "FieldsOfStudy": [
                    "Fine Arts",
                    "Music",
                    "Theatre",
                    "Visual Arts"
                ],
                "Details": "N/A"
            },
            {
                "College": "Health and Human Performance",
                "FieldsOfStudy": [
                    "Health Sciences"
                ],
                "Details": "N/A"
            },
            {
                "College": "History, Philosophy and Social Sciences",
                "FieldsOfStudy": [
                    "History",
                    "Philosophy",
                    "Social Sciences"
                ],
                "Details": "N/A"
            },
            {
                "College": "Mathematics",
                "FieldsOfStudy": [
                    "Mathematics"
                ],
                "Details": "N/A"
            },
            {
                "College": "Psychology",
                "FieldsOfStudy": [
                    "Psychology"
                ],
                "Details": "N/A"
            }
        ],
        "Degrees": {
            "Undergraduate": {
                "CertificateOrDiploma": [],
                "Bachelor'sDegree": [
                    "Animal Husbandry",
                    "Biology",
                    "Business and Commerce",
                    "Education",
                    "English",
                    "Environmental Studies",
                    "Fine Arts",
                    "Health Sciences",
                    "History",
                    "Mathematics",
                    "Music",
                    "Philosophy",
                    "Psychology",
                    "Social Sciences",
                    "Technology",
                    "Theatre",
                    "Visual Arts"
                ]
            },
            "Postgraduate": {
                "PostBachelor'sDiplomaOrCertificate": [],
                "Master'sDegree": [],
                "Doctor'sDegrees": [],
                "ResearchScholarship": [],
                "EducationSpecialistDegree": []
            }
        }
    },
    {
        "GeneralInformation": {
            "Address": {
                "Street": "1301 20th Street South",
                "City": "Great Falls",
                "Province": "Montana",
                "PostCode": "59405",
                "Website": "https://www.uprovidence.edu",
                "college_name": "University of Providence",
                "university_name": ""
            },
            "InstitutionFunding": "Private",
            "History": "Founded 1932 as Normal School, became Great Falls College of Education 1949, and College of Great Falls 1952. Became University of Great Falls, 1995.\nAcquired present title 2017. A private institution affiliated with the Sisters of Providence (Roman Catholic Church).",
            "AcademicYear": "August to May. Also Summer Session (May-August)",
            "AdmissionRequirements": [
                "Graduation from high school or equivalent",
                "TOEFL test for foreign students"
            ],
            "Languages": [
                "English"
            ],
            "StudentBody": "co-ed"
        },
        "Divisions": [
            {
                "College": "Health Professions",
                "FieldsOfStudy": [
                    "Epidemiology",
                    "Forensic Medicine and Dentistry",
                    "Health Sciences",
                    "Nursing",
                    "Psychology"
                ],
                "Details": "N/A"
            },
            {
                "College": "Liberal Arts and Sciences",
                "FieldsOfStudy": [
                    "Biology",
                    "Business Administration",
                    "Criminology",
                    "Education",
                    "Law",
                    "Leadership",
                    "Management",
                    "Mathematics",
                    "Sports",
                    "Sports Management"
                ],
                "Details": "N/A"
            }
        ],
        "Degrees": {
            "Undergraduate": {
                "CertificateOrDiploma": [],
                "Bachelor'sDegree": [
                    "Biology",
                    "Business Administration",
                    "Criminology",
                    "Education",
                    "Forensic Medicine and Dentistry",
                    "Law",
                    "Mathematics",
                    "Nursing",
                    "Psychology",
                    "Sports",
                    "Sports Management"
                ]
            },
            "Postgraduate": {
                "PostBachelor'sDiplomaOrCertificate": "N/A",
                "Master'sDegree": [
                    "Clinical Psychology",
                    "Epidemiology",
                    "Health Administration",
                    "Leadership",
                    "Management",
                    "Nursing",
                    "Psychology",
                    "Sports Management"
                ],
                "Doctor'sDegrees": [],
                "ResearchScholarship": [],
                "EducationSpecialistDegree": []
            }
        }
    }
]