[
    {
        "GeneralInformation": {
            "Address": {
                "Street": "Road n\u00b010, Ban Keunua",
                "City": "Thoulakhom District",
                "Province": "Vientiane",
                "PostCode": "N/A",
                "Website": "https://bankeun-ttc.edu.la",
                "college_name": "Bankeun Teacher Training College",
                "university_name": "Vithagnalay Khou Bankeun"
            },
            "InstitutionFunding": "Public",
            "History": "Founded 1968.",
            "AcademicYear": "N/A",
            "AdmissionRequirements": [],
            "Languages": [
                "Lao"
            ],
            "StudentBody": "co-ed"
        },
        "Divisions": [
            {
                "College": "Teacher Training",
                "FieldsOfStudy": [
                    "English",
                    "Mathematics Education",
                    "Preschool Education",
                    "Primary Education",
                    "Science Education",
                    "Social Sciences",
                    "Teacher Training"
                ],
                "Details": "N/A"
            }
        ],
        "Degrees": {
            "Undergraduate": {
                "CertificateOrDiploma": [],
                "Bachelor'sDegree": [
                    "English",
                    "Mathematics Education",
                    "Preschool Education",
                    "Primary Education",
                    "Science Education",
                    "Social Sciences"
                ]
            },
            "Postgraduate": {
                "PostBachelor'sDiplomaOrCertificate": [],
                "Master'sDegree": [],
                "Doctor'sDegrees": [],
                "ResearchScholarship": [],
                "EducationSpecialistDegree": []
            }
        }
    },
    {
        "GeneralInformation": {
            "Address": {
                "Street": "Baan Tam Chai, Xaythany District",
                "City": "Vientiane",
                "Province": "N/A",
                "PostCode": "N/A",
                "Website": "https://www.bibol.edu.la",
                "college_name": "Banking Institute of Laos",
                "university_name": ""
            },
            "InstitutionFunding": "Public",
            "History": "Founded 1979",
            "AcademicYear": "N/A",
            "AdmissionRequirements": [],
            "Languages": [
                "Lao"
            ],
            "StudentBody": "co-ed"
        },
        "Divisions": [
            {
                "College": "Banking",
                "FieldsOfStudy": [
                    "Finance"
                ],
                "Details": "N/A"
            },
            {
                "College": "Finance",
                "FieldsOfStudy": [
                    "Banking"
                ],
                "Details": "N/A"
            }
        ],
        "Degrees": {
            "Undergraduate": {
                "CertificateOrDiploma": [],
                "Bachelor'sDegree": [
                    "Finance"
                ]
            },
            "Postgraduate": {
                "PostBachelor'sDiplomaOrCertificate": [],
                "Master'sDegree": [],
                "Doctor'sDegrees": [],
                "ResearchScholarship": [],
                "EducationSpecialistDegree": []
            }
        }
    },
    {
        "GeneralInformation": {
            "Address": {
                "Street": "P.O. Box 81 \nBan Chat Sanh, Pakse distrikt",
                "City": "Champasack",
                "Province": "N/A",
                "PostCode": "N/A",
                "Website": "http://www.cu.edu.la",
                "college_name": "Champasack University",
                "university_name": ""
            },
            "InstitutionFunding": "Public",
            "History": "Founded 2002.",
            "AcademicYear": "N/A",
            "AdmissionRequirements": [],
            "Languages": [
                "Lao"
            ],
            "StudentBody": "co-ed"
        },
        "Divisions": [
            {
                "College": "Agriculture and Forestry",
                "FieldsOfStudy": [
                    "Agriculture",
                    "Animal Husbandry",
                    "Food Technology",
                    "Forestry",
                    "Veterinary Science"
                ],
                "Details": "N/A"
            },
            {
                "College": "Economics and Management",
                "FieldsOfStudy": [
                    "Economics",
                    "Hotel Management",
                    "Management",
                    "Marketing",
                    "Rural Planning",
                    "Tourism"
                ],
                "Details": "N/A"
            },
            {
                "College": "Education",
                "FieldsOfStudy": [
                    "Education",
                    "Educational Sciences",
                    "Foreign Languages Education",
                    "Mathematics Education",
                    "Native Language Education",
                    "Science Education"
                ],
                "Details": "N/A"
            },
            {
                "College": "Engineering",
                "FieldsOfStudy": [
                    "Architecture",
                    "Civil Engineering",
                    "Electrical Engineering",
                    "Engineering"
                ],
                "Details": "N/A"
            },
            {
                "College": "Law and Political Sciences",
                "FieldsOfStudy": [
                    "Law",
                    "Political Sciences"
                ],
                "Details": "N/A"
            },
            {
                "College": "Natural Sciences",
                "FieldsOfStudy": [
                    "Biology",
                    "Chemistry",
                    "Mathematics",
                    "Physics"
                ],
                "Details": "N/A"
            }
        ],
        "Degrees": {
            "Undergraduate": {
                "CertificateOrDiploma": [],
                "Bachelor'sDegree": [
                    "Agriculture",
                    "Animal Husbandry",
                    "Architecture",
                    "Civil Engineering",
                    "Economics",
                    "Electrical Engineering",
                    "Food Technology",
                    "Foreign Languages Education",
                    "Forestry",
                    "Hotel Management",
                    "Law",
                    "Management",
                    "Marketing",
                    "Mathematics Education",
                    "Native Language Education",
                    "Natural Sciences",
                    "Political Sciences",
                    "Rural Planning",
                    "Science Education",
                    "Tourism",
                    "Veterinary Science"
                ]
            },
            "Postgraduate": {
                "PostBachelor'sDiplomaOrCertificate": [],
                "Master'sDegree": [
                    "Agriculture",
                    "Civil Engineering",
                    "Educational Sciences",
                    "Electrical Engineering",
                    "Law",
                    "Political Sciences",
                    "Tourism"
                ],
                "Doctor'sDegrees": [],
                "ResearchScholarship": [],
                "EducationSpecialistDegree": []
            }
        }
    },
    {
        "GeneralInformation": {
            "Address": {
                "Street": "N/A",
                "City": "Paksanh District",
                "Province": "Bolykhamxay",
                "PostCode": "N/A",
                "Website": "N/A",
                "college_name": "Combiz College",
                "university_name": "Vithagnalay Combiz"
            },
            "InstitutionFunding": "Private",
            "History": "N/A",
            "AcademicYear": "N/A",
            "AdmissionRequirements": [],
            "Languages": [],
            "StudentBody": "N/A"
        },
        "Divisions": [
            {
                "College": "Agriculture",
                "FieldsOfStudy": [
                    "Agriculture"
                ],
                "Details": "N/A"
            },
            {
                "College": "Business and Administration",
                "FieldsOfStudy": [
                    "Administration",
                    "Business and Commerce"
                ],
                "Details": "N/A"
            },
            {
                "College": "Engineering",
                "FieldsOfStudy": [
                    "Engineering"
                ],
                "Details": "N/A"
            }
        ],
        "Degrees": {
            "Undergraduate": {
                "CertificateOrDiploma": [],
                "Bachelor'sDegree": "N/A"
            },
            "Postgraduate": {
                "PostBachelor'sDiplomaOrCertificate": [],
                "Master'sDegree": [],
                "Doctor'sDegrees": [],
                "ResearchScholarship": [],
                "EducationSpecialistDegree": []
            }
        }
    },
    {
        "GeneralInformation": {
            "Address": {
                "Street": "P.O. Box 2224\nKhouvieng Boulevard, Nongchanh village, Sisattanak district",
                "City": "Vientiane",
                "Province": "N/A",
                "PostCode": "N/A",
                "Website": "http://www.comcenterblog.com",
                "college_name": "Comcenter College",
                "university_name": "Vithagnalay Comcenter"
            },
            "InstitutionFunding": "Private",
            "History": "Founded 1993.",
            "AcademicYear": "N/A",
            "AdmissionRequirements": [],
            "Languages": [
                "Lao"
            ],
            "StudentBody": "co-ed"
        },
        "Divisions": [
            {
                "College": "Business Administration",
                "FieldsOfStudy": [
                    "Accountancy",
                    "Business Administration",
                    "Law",
                    "Management",
                    "Marketing"
                ],
                "Details": "N/A"
            }
        ],
        "Degrees": {
            "Undergraduate": {
                "CertificateOrDiploma": [],
                "Bachelor'sDegree": [
                    "Business Administration"
                ]
            },
            "Postgraduate": {
                "PostBachelor'sDiplomaOrCertificate": [],
                "Master'sDegree": [
                    "Business Administration"
                ],
                "Doctor'sDegrees": [],
                "ResearchScholarship": [],
                "EducationSpecialistDegree": []
            }
        }
    },
    {
        "GeneralInformation": {
            "Address": {
                "Street": "P.O. Box 327\nPhonekheng Road",
                "City": "Vientiane Capital",
                "Province": "N/A",
                "PostCode": "N/A",
                "Website": "http://www.lac.edu.la",
                "college_name": "Lao-American College",
                "university_name": "Vithagnalay Lao-America (LAC)"
            },
            "InstitutionFunding": "Private",
            "History": "Founed 2002",
            "AcademicYear": "N/A",
            "AdmissionRequirements": [],
            "Languages": [
                "English"
            ],
            "StudentBody": "co-ed"
        },
        "Divisions": [
            {
                "College": "Business Administration",
                "FieldsOfStudy": [
                    "Business Administration"
                ],
                "Details": "N/A"
            },
            {
                "College": "English Studies",
                "FieldsOfStudy": [
                    "English",
                    "English Studies"
                ],
                "Details": "N/A"
            }
        ],
        "Degrees": {
            "Undergraduate": {
                "CertificateOrDiploma": [],
                "Bachelor'sDegree": [
                    "Business Administration",
                    "English",
                    "English Studies"
                ]
            },
            "Postgraduate": {
                "PostBachelor'sDiplomaOrCertificate": [],
                "Master'sDegree": [],
                "Doctor'sDegrees": [],
                "ResearchScholarship": [],
                "EducationSpecialistDegree": []
            }
        }
    },
    {
        "GeneralInformation": {
            "Address": {
                "Street": "Ban Xaysavang",
                "City": "Luangnamtha",
                "Province": "N/A",
                "PostCode": "N/A",
                "Website": "http://luangnamtha-ttc.edu.la",
                "college_name": "Luang Namtha Teacher Training College",
                "university_name": ""
            },
            "InstitutionFunding": "Public",
            "History": "Founded 1968.",
            "AcademicYear": "N/A",
            "AdmissionRequirements": [],
            "Languages": [
                "Lao"
            ],
            "StudentBody": "co-ed"
        },
        "Divisions": [
            {
                "College": "Teacher Training",
                "FieldsOfStudy": [
                    "Teacher Training"
                ],
                "Details": "N/A"
            }
        ],
        "Degrees": {
            "Undergraduate": {
                "CertificateOrDiploma": [],
                "Bachelor'sDegree": [
                    "Teacher Training"
                ]
            },
            "Postgraduate": {
                "PostBachelor'sDiplomaOrCertificate": [],
                "Master'sDegree": [],
                "Doctor'sDegrees": [],
                "ResearchScholarship": [],
                "EducationSpecialistDegree": []
            }
        }
    },
    {
        "GeneralInformation": {
            "Address": {
                "Street": "PO Box 7322",
                "City": "Vientiane",
                "Province": "N/A",
                "PostCode": "N/A",
                "Website": "https://www.nuol.edu.la",
                "college_name": "National University of Laos",
                "university_name": "Mahavithagnalay Heang Xath Lao (NUOL)"
            },
            "InstitutionFunding": "Public",
            "History": "Founded 1995, incorporating ten existing Institutions and a Centre of Agriculture. Has six campuses: Dongdok Main Campus, Sokpaluang Campus, Phiavat Campus, Donenokkhoum Campus, Tatthong Campus, and Kilometre Five Campus.",
            "AcademicYear": "September to June (September-January; February-June)",
            "AdmissionRequirements": [
                "Upper secondary school Certificate or equivalent and entrance examination (for non-quota system)"
            ],
            "Languages": [
                "Lao"
            ],
            "StudentBody": "co-ed"
        },
        "Divisions": [
            {
                "College": "Agriculture",
                "FieldsOfStudy": [
                    "Agriculture",
                    "Agronomy",
                    "Animal Husbandry"
                ],
                "Details": "Nabong Campus"
            },
            {
                "College": "Architecture",
                "FieldsOfStudy": [
                    "Architecture"
                ],
                "Details": "N/A"
            },
            {
                "College": "Economics and Business Administration",
                "FieldsOfStudy": [
                    "Business Administration",
                    "Economics",
                    "Management"
                ],
                "Details": "Dongdok Campus"
            },
            {
                "College": "Education",
                "FieldsOfStudy": [
                    "Curriculum",
                    "Education",
                    "Pedagogy",
                    "Psychology"
                ],
                "Details": "Dongdok Campus"
            },
            {
                "College": "Engineering",
                "FieldsOfStudy": [
                    "Civil Engineering",
                    "Communication Studies",
                    "Electrical Engineering",
                    "Electronic Engineering",
                    "Engineering",
                    "Irrigation",
                    "Mechanical Engineering"
                ],
                "Details": "Sokpaluang Campus"
            },
            {
                "College": "Environment and Development Studies",
                "FieldsOfStudy": [
                    "Development Studies",
                    "Environmental Engineering"
                ],
                "Details": "N/A"
            },
            {
                "College": "Forestry",
                "FieldsOfStudy": [
                    "Forestry"
                ],
                "Details": "N/A"
            },
            {
                "College": "Letters",
                "FieldsOfStudy": [
                    "Arts and Humanities",
                    "English",
                    "French",
                    "German",
                    "Literature"
                ],
                "Details": "N/A"
            },
            {
                "College": "Medical Science",
                "FieldsOfStudy": [
                    "Dentistry",
                    "Health Sciences",
                    "Medicine",
                    "Pharmacy"
                ],
                "Details": "Phiavat Campus"
            },
            {
                "College": "Sciences",
                "FieldsOfStudy": [
                    "Biology",
                    "Chemistry",
                    "Mathematics",
                    "Natural Sciences",
                    "Physics",
                    "Science Education"
                ],
                "Details": "Dongkok Campus"
            },
            {
                "College": "Social Sciences",
                "FieldsOfStudy": [
                    "Administration",
                    "Development Studies",
                    "Geography",
                    "History",
                    "Hotel Management",
                    "Political Sciences",
                    "Social Welfare",
                    "Tourism"
                ],
                "Details": "Dongdok Campus"
            },
            {
                "College": "Sports",
                "FieldsOfStudy": [
                    "Sports"
                ],
                "Details": "N/A"
            },
            {
                "College": "Water Resources",
                "FieldsOfStudy": [
                    "Water Science"
                ],
                "Details": "N/A"
            },
            {
                "College": "Confucius",
                "FieldsOfStudy": [
                    "Chinese"
                ],
                "Details": "N/A"
            },
            {
                "College": "Human Resources Development Laos-Japan",
                "FieldsOfStudy": "N/A",
                "Details": "N/A"
            }
        ],
        "Degrees": {
            "Undergraduate": {
                "CertificateOrDiploma": [],
                "Bachelor'sDegree": "N/A"
            },
            "Postgraduate": {
                "PostBachelor'sDiplomaOrCertificate": [],
                "Master'sDegree": "N/A",
                "Doctor'sDegrees": [],
                "ResearchScholarship": [],
                "EducationSpecialistDegree": []
            }
        }
    },
    {
        "GeneralInformation": {
            "Address": {
                "Street": "0079 Dongpayna Road\nSisattanak District",
                "City": "Vientiane Capital",
                "Province": "N/A",
                "PostCode": "N/A",
                "Website": "https://www.rbac.edu.la/en",
                "college_name": "Rattana Institute of Business Administration",
                "university_name": "Vithagnalay Rattana Borihane Thourakit"
            },
            "InstitutionFunding": "Private",
            "History": "Created in 1974 as Rattana Commercial School. Acquired current title 1994, and accredited in 2002.",
            "AcademicYear": "N/A",
            "AdmissionRequirements": [],
            "Languages": [
                "Lao"
            ],
            "StudentBody": "co-ed"
        },
        "Divisions": [
            {
                "College": "Business Administration",
                "FieldsOfStudy": [
                    "Banking",
                    "Business Administration",
                    "Business and Commerce",
                    "Finance",
                    "Management",
                    "Marketing"
                ],
                "Details": "N/A"
            }
        ],
        "Degrees": {
            "Undergraduate": {
                "CertificateOrDiploma": [
                    "Business Administration"
                ],
                "Bachelor'sDegree": [
                    "Business Administration"
                ]
            },
            "Postgraduate": {
                "PostBachelor'sDiplomaOrCertificate": [],
                "Master'sDegree": [],
                "Doctor'sDegrees": [],
                "ResearchScholarship": [],
                "EducationSpecialistDegree": []
            }
        }
    },
    {
        "GeneralInformation": {
            "Address": {
                "Street": "Saiyamungkhun Village, Latsavongseuk Road",
                "City": "Khanthaboury District",
                "Province": "Savannakhet Province",
                "PostCode": "N/A",
                "Website": "N/A",
                "college_name": "Savan Institute of Management",
                "university_name": "Sathabanh Satsavanh (SIM)"
            },
            "InstitutionFunding": "Private",
            "History": "Founded 2003.",
            "AcademicYear": "N/A",
            "AdmissionRequirements": [],
            "Languages": [
                "Lao"
            ],
            "StudentBody": "N/A"
        },
        "Divisions": [
            {
                "College": "Marketing and Management",
                "FieldsOfStudy": [
                    "Advertising and Publicity",
                    "Business Administration",
                    "Business Computing",
                    "Economic History",
                    "English",
                    "Finance",
                    "Human Resources",
                    "Labour Law",
                    "Leadership",
                    "Management",
                    "Marketing",
                    "Mathematical Physics",
                    "Small Business",
                    "Statistics"
                ],
                "Details": "N/A"
            }
        ],
        "Degrees": {
            "Undergraduate": {
                "CertificateOrDiploma": [],
                "Bachelor'sDegree": "N/A"
            },
            "Postgraduate": {
                "PostBachelor'sDiplomaOrCertificate": [],
                "Master'sDegree": [],
                "Doctor'sDegrees": [],
                "ResearchScholarship": [],
                "EducationSpecialistDegree": []
            }
        }
    },
    {
        "GeneralInformation": {
            "Address": {
                "Street": "PO Box 809\nKm 9 Street, Odom Vilai Village",
                "City": "Kaysarn Phromavanh",
                "Province": "Savannakhet",
                "PostCode": "N/A",
                "Website": "http://savannakhet-ttc.edu.la",
                "college_name": "Savannakhet Teacher Training College",
                "university_name": "Vithagnalay Khou Savannakhet"
            },
            "InstitutionFunding": "Public",
            "History": "Founded 1966.",
            "AcademicYear": "N/A",
            "AdmissionRequirements": [],
            "Languages": [
                "Lao"
            ],
            "StudentBody": "co-ed"
        },
        "Divisions": [
            {
                "College": "Teacher Training",
                "FieldsOfStudy": [
                    "English",
                    "Mathematics",
                    "Natural Sciences",
                    "Social Sciences",
                    "Teacher Training"
                ],
                "Details": "N/A"
            }
        ],
        "Degrees": {
            "Undergraduate": {
                "CertificateOrDiploma": [],
                "Bachelor'sDegree": [
                    "Biology",
                    "Chemistry",
                    "English",
                    "Mathematics",
                    "Political Sciences",
                    "Social Sciences"
                ]
            },
            "Postgraduate": {
                "PostBachelor'sDiplomaOrCertificate": [],
                "Master'sDegree": [
                    "Social Sciences"
                ],
                "Doctor'sDegrees": [],
                "ResearchScholarship": [],
                "EducationSpecialistDegree": []
            }
        }
    },
    {
        "GeneralInformation": {
            "Address": {
                "Street": "P.O. Box: 14\nNaxeng Campus \nNaxeng Village",
                "City": "Kaisonephomvihane",
                "Province": "Savannakhet",
                "PostCode": "N/A",
                "Website": "http://skulao.org",
                "college_name": "Savannakhet University",
                "university_name": "(SKU)"
            },
            "InstitutionFunding": "Public",
            "History": "Founded 2009.",
            "AcademicYear": "N/A",
            "AdmissionRequirements": [],
            "Languages": [
                "Lao"
            ],
            "StudentBody": "co-ed"
        },
        "Divisions": [
            {
                "College": "Information Technology",
                "FieldsOfStudy": [
                    "Information Technology"
                ],
                "Details": "N/A"
            },
            {
                "College": "Agriculture and Environment",
                "FieldsOfStudy": [
                    "Agriculture",
                    "Animal Husbandry",
                    "Environmental Studies",
                    "Forestry"
                ],
                "Details": "N/A"
            },
            {
                "College": "Business Administration",
                "FieldsOfStudy": [
                    "Banking",
                    "Business Administration",
                    "Business and Commerce",
                    "Finance",
                    "Hotel Management",
                    "Tourism",
                    "Transport Management"
                ],
                "Details": "N/A"
            },
            {
                "College": "Education",
                "FieldsOfStudy": [
                    "Education"
                ],
                "Details": "N/A"
            },
            {
                "College": "Food Science",
                "FieldsOfStudy": [
                    "Agricultural Business",
                    "Food Science",
                    "Food Technology"
                ],
                "Details": "N/A"
            },
            {
                "College": "Linguistics",
                "FieldsOfStudy": [
                    "English",
                    "French",
                    "Linguistics"
                ],
                "Details": "N/A"
            },
            {
                "College": "Natural Sciences",
                "FieldsOfStudy": [
                    "Mathematics",
                    "Natural Sciences"
                ],
                "Details": "N/A"
            }
        ],
        "Degrees": {
            "Undergraduate": {
                "CertificateOrDiploma": [],
                "Bachelor'sDegree": [
                    "Banking",
                    "Biology",
                    "Business and Commerce",
                    "Chemistry",
                    "Education",
                    "English",
                    "Food Science",
                    "Food Technology",
                    "French",
                    "Information Technology",
                    "Mass Communication",
                    "Mathematics",
                    "Tourism",
                    "Transport Management"
                ]
            },
            "Postgraduate": {
                "PostBachelor'sDiplomaOrCertificate": [],
                "Master'sDegree": [],
                "Doctor'sDegrees": [],
                "ResearchScholarship": [],
                "EducationSpecialistDegree": []
            }
        }
    },
    {
        "GeneralInformation": {
            "Address": {
                "Street": "P.O. Box 7463\n124 Dongmieng Rd\nSisavath Village, Chanthabuli District",
                "City": "Vientiane",
                "Province": "N/A",
                "PostCode": "N/A",
                "Website": "N/A",
                "college_name": "Sengsavanh College",
                "university_name": "Vithagnalay Sengsavanh"
            },
            "InstitutionFunding": "Private",
            "History": "Founded 1998.",
            "AcademicYear": "N/A",
            "AdmissionRequirements": [],
            "Languages": [],
            "StudentBody": "co-ed"
        },
        "Divisions": [
            {
                "College": "Business Administration",
                "FieldsOfStudy": [
                    "Accountancy",
                    "Business Administration"
                ],
                "Details": "N/A"
            }
        ],
        "Degrees": {
            "Undergraduate": {
                "CertificateOrDiploma": [],
                "Bachelor'sDegree": [
                    "Business Administration",
                    "E-Business/Commerce",
                    "Software Engineering"
                ]
            },
            "Postgraduate": {
                "PostBachelor'sDiplomaOrCertificate": [],
                "Master'sDegree": [],
                "Doctor'sDegrees": [],
                "ResearchScholarship": [],
                "EducationSpecialistDegree": []
            }
        }
    },
    {
        "GeneralInformation": {
            "Address": {
                "Street": "Ban Nasangveuy",
                "City": "Luang Prabang",
                "Province": "N/A",
                "PostCode": "N/A",
                "Website": "https://www.su.edu.la",
                "college_name": "Souphanouvong University",
                "university_name": "Mahavithayalay Souphanouvong"
            },
            "InstitutionFunding": "Public",
            "History": "Founded 2003.",
            "AcademicYear": "October to July",
            "AdmissionRequirements": [
                "Pakasaniyabath Chob Matthayom Somboun (Certificate of Completion of Complete Secondary Education)"
            ],
            "Languages": [
                "Lao"
            ],
            "StudentBody": "co-ed"
        },
        "Divisions": [
            {
                "College": "Agriculture",
                "FieldsOfStudy": [
                    "Agronomy",
                    "Animal Husbandry"
                ],
                "Details": "N/A"
            },
            {
                "College": "Architecture",
                "FieldsOfStudy": [
                    "Architecture",
                    "Interior Design"
                ],
                "Details": "N/A"
            },
            {
                "College": "Economics",
                "FieldsOfStudy": [
                    "Economics",
                    "International Business",
                    "Management",
                    "Tourism"
                ],
                "Details": "N/A"
            },
            {
                "College": "Education",
                "FieldsOfStudy": [
                    "Education",
                    "English",
                    "Mathematics"
                ],
                "Details": "N/A"
            },
            {
                "College": "Engineering",
                "FieldsOfStudy": [
                    "Civil Engineering",
                    "Computer Engineering",
                    "Electrical Engineering"
                ],
                "Details": "N/A"
            },
            {
                "College": "Letters",
                "FieldsOfStudy": [
                    "English",
                    "Native Language"
                ],
                "Details": "N/A"
            }
        ],
        "Degrees": {
            "Undergraduate": {
                "CertificateOrDiploma": [],
                "Bachelor'sDegree": "N/A"
            },
            "Postgraduate": {
                "PostBachelor'sDiplomaOrCertificate": [],
                "Master'sDegree": [],
                "Doctor'sDegrees": [],
                "ResearchScholarship": [],
                "EducationSpecialistDegree": []
            }
        }
    },
    {
        "GeneralInformation": {
            "Address": {
                "Street": "P.O. Box 390\nPhonetong Road, Phonepanoa, Xaythany District",
                "City": "Vientiane Capital",
                "Province": "N/A",
                "PostCode": "N/A",
                "Website": "http://www.scmt.edu.la",
                "college_name": "Soutsaka College of Management and Technology",
                "university_name": "Sathabanh Soutsaka \u2013 Vientiane"
            },
            "InstitutionFunding": "Private",
            "History": "Founded 2002. Acquired present title 2008.",
            "AcademicYear": "N/A",
            "AdmissionRequirements": [],
            "Languages": [
                "English"
            ],
            "StudentBody": "co-ed"
        },
        "Divisions": [
            {
                "College": "Business and Economics",
                "FieldsOfStudy": [
                    "Accountancy",
                    "Business Administration"
                ],
                "Details": "N/A"
            },
            {
                "College": "Communication Art and Language Studies",
                "FieldsOfStudy": [
                    "Chinese",
                    "English",
                    "Native Language"
                ],
                "Details": "N/A"
            },
            {
                "College": "Information Technology",
                "FieldsOfStudy": [
                    "Computer Science",
                    "Information Technology"
                ],
                "Details": "N/A"
            },
            {
                "College": "Sciences",
                "FieldsOfStudy": [
                    "Environmental Studies",
                    "Mathematics",
                    "Philosophy",
                    "Political Sciences",
                    "Psychology",
                    "Social Sciences"
                ],
                "Details": "N/A"
            }
        ],
        "Degrees": {
            "Undergraduate": {
                "CertificateOrDiploma": [],
                "Bachelor'sDegree": [
                    "Business Administration",
                    "Computer Science",
                    "English",
                    "Information Technology"
                ]
            },
            "Postgraduate": {
                "PostBachelor'sDiplomaOrCertificate": [],
                "Master'sDegree": [],
                "Doctor'sDegrees": [],
                "ResearchScholarship": [],
                "EducationSpecialistDegree": []
            }
        }
    },
    {
        "GeneralInformation": {
            "Address": {
                "Street": "Samsan Thai Road\nPayawat Village\nSisatanak District",
                "City": "Ventiane",
                "Province": "N/A",
                "PostCode": "7322",
                "Website": "https://www.uhs.edu.la",
                "college_name": "University of Health Sciences",
                "university_name": ""
            },
            "InstitutionFunding": "Public",
            "History": "Founded 2007.",
            "AcademicYear": "N/A",
            "AdmissionRequirements": [],
            "Languages": [
                "Lao"
            ],
            "StudentBody": "co-ed"
        },
        "Divisions": [
            {
                "College": "Basic Sciences",
                "FieldsOfStudy": [
                    "Biology",
                    "Chemistry",
                    "Physics"
                ],
                "Details": "N/A"
            },
            {
                "College": "Dentistry",
                "FieldsOfStudy": [
                    "Dentistry"
                ],
                "Details": "N/A"
            },
            {
                "College": "Medical Technology",
                "FieldsOfStudy": [
                    "Medical Technology"
                ],
                "Details": "N/A"
            },
            {
                "College": "Medicine",
                "FieldsOfStudy": [
                    "Medicine"
                ],
                "Details": "N/A"
            },
            {
                "College": "Nursing",
                "FieldsOfStudy": [
                    "Nursing"
                ],
                "Details": "N/A"
            },
            {
                "College": "Pharmacy",
                "FieldsOfStudy": [
                    "Pharmacy"
                ],
                "Details": "N/A"
            }
        ],
        "Degrees": {
            "Undergraduate": {
                "CertificateOrDiploma": [],
                "Bachelor'sDegree": [
                    "Health Sciences"
                ]
            },
            "Postgraduate": {
                "PostBachelor'sDiplomaOrCertificate": [],
                "Master'sDegree": [
                    "Health Sciences"
                ],
                "Doctor'sDegrees": [],
                "ResearchScholarship": [],
                "EducationSpecialistDegree": []
            }
        }
    }
]