[
    {
        "GeneralInformation": {
            "Address": {
                "Street": "Avenue de la Cit\u00e9 des 17\nBP 2339, Moukondo",
                "City": "Brazzaville",
                "Province": "N/A",
                "PostCode": "N/A",
                "Website": "http://www.esgae.org",
                "college_name": "Higher School for Business Administration",
                "university_name": "Ecole Sup\u00e9rieure de Gestion et d\u2019Administration des Entreprises (ESGAE)"
            },
            "InstitutionFunding": "Private",
            "History": "Founded 1993",
            "AcademicYear": "October to July",
            "AdmissionRequirements": [],
            "Languages": [
                "French"
            ],
            "StudentBody": "N/A"
        },
        "Divisions": [
            {
                "College": "Business Aministration",
                "FieldsOfStudy": [
                    "Business Administration",
                    "Finance",
                    "Human Resources",
                    "Management",
                    "Small Business"
                ],
                "Details": "N/A"
            },
            {
                "College": "Information Technology",
                "FieldsOfStudy": [
                    "Information Technology"
                ],
                "Details": "N/A"
            }
        ],
        "Degrees": {
            "Undergraduate": {
                "CertificateOrDiploma": [],
                "Bachelor'sDegree": []
            },
            "Postgraduate": {
                "PostBachelor'sDiplomaOrCertificate": [],
                "Master'sDegree": [
                    "Finance",
                    "Human Resources",
                    "Management",
                    "Small Business"
                ],
                "Doctor'sDegrees": [],
                "ResearchScholarship": [],
                "EducationSpecialistDegree": []
            }
        }
    },
    {
        "GeneralInformation": {
            "Address": {
                "Street": "BP 69",
                "City": "Brazzaville",
                "Province": "N/A",
                "PostCode": "N/A",
                "Website": "http://www.umng.cg",
                "college_name": "Marien Ngouabi University",
                "university_name": "Universit\u00e9 Marien Ngouabi (UMNG)"
            },
            "InstitutionFunding": "Public",
            "History": "Created 1971 as University of Brazzaville following the break-up of the Foundation of Higher Education in Central Africa (FESAC). Acquired current title 1977 as tribute to the former President",
            "AcademicYear": "October to July (October-February; March-July)",
            "AdmissionRequirements": [
                "Secondary school certificate (baccalaur\u00e9at) or equivalent",
                "Competitive entrance examination for schools and institutes and the faculty of health sciences"
            ],
            "Languages": [
                "French"
            ],
            "StudentBody": "co-ed"
        },
        "Divisions": [
            {
                "College": "Arts and Humanities",
                "FieldsOfStudy": [
                    "African Studies",
                    "Arts and Humanities",
                    "Communication Studies",
                    "English",
                    "Geography",
                    "History",
                    "Linguistics",
                    "Literature",
                    "Philosophy",
                    "Social Sciences",
                    "Sociology"
                ],
                "Details": "FLSH"
            },
            {
                "College": "Economics",
                "FieldsOfStudy": [
                    "Econometrics",
                    "Economics",
                    "Finance"
                ],
                "Details": "FSE"
            },
            {
                "College": "Health Sciences",
                "FieldsOfStudy": [
                    "Embryology and Reproduction Biology",
                    "Haematology",
                    "Health Sciences",
                    "Histology",
                    "Medicine",
                    "Microbiology",
                    "Midwifery",
                    "Physiology",
                    "Surgery"
                ],
                "Details": "FSSA"
            },
            {
                "College": "Law",
                "FieldsOfStudy": [
                    "Law",
                    "Private Law",
                    "Public Law"
                ],
                "Details": "FD"
            },
            {
                "College": "Science",
                "FieldsOfStudy": [
                    "Biology",
                    "Chemistry",
                    "Earth Sciences",
                    "Mathematics",
                    "Natural Sciences",
                    "Physics",
                    "Statistics"
                ],
                "Details": "FS"
            },
            {
                "College": "Business Administration",
                "FieldsOfStudy": [
                    "Accountancy",
                    "Administration",
                    "Business and Commerce",
                    "Human Resources",
                    "Management",
                    "Secretarial Studies"
                ],
                "Details": "ISG"
            },
            {
                "College": "Physical Education and Sport",
                "FieldsOfStudy": [
                    "Physical Education",
                    "Sports"
                ],
                "Details": "ISEPS"
            },
            {
                "College": "Administration and Magistracy",
                "FieldsOfStudy": [
                    "Administration",
                    "Finance",
                    "International Relations and Diplomacy",
                    "Law",
                    "Taxation"
                ],
                "Details": "ENAM"
            },
            {
                "College": "Education",
                "FieldsOfStudy": [
                    "Educational Sciences",
                    "Teacher Training"
                ],
                "Details": "ENS"
            },
            {
                "College": "Engineering",
                "FieldsOfStudy": [
                    "Civil Engineering",
                    "Electrical and Electronic Engineering",
                    "Electrical Engineering",
                    "Food Technology",
                    "Mechanical Engineering",
                    "Petroleum and Gas Engineering"
                ],
                "Details": "ENSP"
            },
            {
                "College": "National School of Agronomy and Forestry",
                "FieldsOfStudy": [
                    "Agricultural Management",
                    "Agronomy",
                    "Forestry"
                ],
                "Details": "ENSAF"
            }
        ],
        "Degrees": {
            "Undergraduate": {
                "CertificateOrDiploma": [],
                "Bachelor'sDegree": []
            },
            "Postgraduate": {
                "PostBachelor'sDiplomaOrCertificate": [],
                "Master'sDegree": [
                    "Anthropology",
                    "Biology",
                    "Chemistry",
                    "Educational Sciences",
                    "Engineering",
                    "English",
                    "French",
                    "Geography",
                    "History",
                    "Information Sciences",
                    "Law",
                    "Linguistics",
                    "Literature",
                    "Mathematics",
                    "Sociology"
                ],
                "Doctor'sDegrees": [
                    "Civil Engineering",
                    "Electronic Engineering",
                    "Medicine"
                ],
                "ResearchScholarship": [],
                "EducationSpecialistDegree": []
            }
        }
    }
]