[
    {
        "GeneralInformation": {
            "Address": {
                "Street": "P.O. Box 10739",
                "City": "Wau",
                "Province": "South Sudan",
                "PostCode": "10739",
                "Website": "N/A",
                "college_name": "Bahr-El-Ghazal University",
                "university_name": "Jameat Bahr Al-Ghazal (UBG)"
            },
            "InstitutionFunding": "Public",
            "History": "Founded 1991.",
            "AcademicYear": "N/A",
            "AdmissionRequirements": [
                "Sudan School Certificate with passes in seven subjects or foreign equivalent"
            ],
            "Languages": [
                "Arabic",
                "English"
            ],
            "StudentBody": "N/A"
        },
        "Divisions": [
            {
                "College": "Economics and Social Studies",
                "FieldsOfStudy": [
                    "Economics",
                    "Social Studies"
                ],
                "Details": "N/A"
            },
            {
                "College": "Education",
                "FieldsOfStudy": [
                    "Education"
                ],
                "Details": "N/A"
            },
            {
                "College": "Medicine and Health Sciences",
                "FieldsOfStudy": [
                    "Community Health",
                    "Health Sciences",
                    "Medicine",
                    "Paediatrics",
                    "Surgery"
                ],
                "Details": "N/A"
            },
            {
                "College": "Veterinary Science",
                "FieldsOfStudy": [
                    "Veterinary Science"
                ],
                "Details": "N/A"
            },
            {
                "College": "Public Health and Environmental Sciences",
                "FieldsOfStudy": [
                    "Environmental Studies",
                    "Public Health"
                ],
                "Details": "N/A"
            }
        ],
        "Degrees": {
            "Undergraduate": {
                "CertificateOrDiploma": [],
                "Bachelor'sDegree": "N/A"
            },
            "Postgraduate": {
                "PostBachelor'sDiplomaOrCertificate": [],
                "Master'sDegree": [],
                "Doctor'sDegrees": [],
                "ResearchScholarship": [],
                "EducationSpecialistDegree": []
            }
        }
    },
    {
        "GeneralInformation": {
            "Address": {
                "Street": "P. O. Box 436",
                "City": "Juba",
                "Province": "N/A",
                "PostCode": "N/A",
                "Website": "http://www.jgmust-edu.org",
                "college_name": "Dr. John Garang Memorial University of Science and Technology",
                "university_name": "(JGMUST)"
            },
            "InstitutionFunding": "Public",
            "History": "Founded 2010.",
            "AcademicYear": "N/A",
            "AdmissionRequirements": [],
            "Languages": [
                "English"
            ],
            "StudentBody": "N/A"
        },
        "Divisions": [
            {
                "College": "Padak Fisheries Training",
                "FieldsOfStudy": [
                    "Business Administration",
                    "Fishery"
                ],
                "Details": "N/A"
            },
            {
                "College": "Agriculture",
                "FieldsOfStudy": [
                    "Agriculture",
                    "Agronomy",
                    "Animal Husbandry"
                ],
                "Details": "N/A"
            },
            {
                "College": "Education",
                "FieldsOfStudy": [
                    "Education",
                    "Educational Sciences",
                    "Foreign Languages Education",
                    "Humanities and Social Science Education",
                    "Mathematics Education",
                    "Native Language Education",
                    "Science Education"
                ],
                "Details": "N/A"
            },
            {
                "College": "Environmental Studies",
                "FieldsOfStudy": [
                    "Environmental Studies",
                    "Fishery"
                ],
                "Details": "N/A"
            },
            {
                "College": "Management Sciences",
                "FieldsOfStudy": [
                    "Accountancy",
                    "Banking",
                    "Business Administration",
                    "Finance",
                    "Hotel Management",
                    "Human Resources",
                    "Management",
                    "Public Administration",
                    "Tourism",
                    "Transport Management"
                ],
                "Details": "N/A"
            },
            {
                "College": "Science and Technology",
                "FieldsOfStudy": [
                    "Biotechnology",
                    "Chemistry",
                    "Mathematics",
                    "Physics"
                ],
                "Details": "N/A"
            }
        ],
        "Degrees": {
            "Undergraduate": {
                "CertificateOrDiploma": [],
                "Bachelor'sDegree": [
                    "Accountancy",
                    "Agriculture",
                    "Banking",
                    "Business Administration",
                    "Environmental Studies",
                    "Finance",
                    "Fishery",
                    "Hotel Management",
                    "Human Resources",
                    "Management",
                    "Mathematics",
                    "Natural Sciences",
                    "Public Administration",
                    "Tourism",
                    "Transport Management"
                ]
            },
            "Postgraduate": {
                "PostBachelor'sDiplomaOrCertificate": [],
                "Master'sDegree": [],
                "Doctor'sDegrees": [],
                "ResearchScholarship": [],
                "EducationSpecialistDegree": []
            }
        }
    },
    {
        "GeneralInformation": {
            "Address": {
                "Street": "N/A",
                "City": "Rumbek",
                "Province": "N/A",
                "PostCode": "N/A",
                "Website": "N/A",
                "college_name": "Rumbek University",
                "university_name": "(RU)"
            },
            "InstitutionFunding": "Public",
            "History": "Founded 2009, opened 2010.",
            "AcademicYear": "N/A",
            "AdmissionRequirements": [],
            "Languages": [
                "English"
            ],
            "StudentBody": "N/A"
        },
        "Divisions": [
            {
                "College": "Economic and Social Studies",
                "FieldsOfStudy": [
                    "Economics",
                    "Social Studies"
                ],
                "Details": "N/A"
            },
            {
                "College": "Education",
                "FieldsOfStudy": [
                    "Education"
                ],
                "Details": "N/A"
            }
        ],
        "Degrees": {
            "Undergraduate": {
                "CertificateOrDiploma": [],
                "Bachelor'sDegree": "N/A"
            },
            "Postgraduate": {
                "PostBachelor'sDiplomaOrCertificate": [],
                "Master'sDegree": [],
                "Doctor'sDegrees": [],
                "ResearchScholarship": [],
                "EducationSpecialistDegree": []
            }
        }
    },
    {
        "GeneralInformation": {
            "Address": {
                "Street": "P.O. Box 80",
                "City": "Juba",
                "Province": "Equatoria",
                "PostCode": "82",
                "Website": "https://uoj.edu.ss",
                "college_name": "University of Juba",
                "university_name": "Jameat Juba (UoJ)"
            },
            "InstitutionFunding": "Public",
            "History": "Founded 1975. First students accepted 1977. An autonomous State Institution.",
            "AcademicYear": "March to December (March-July; August-December)",
            "AdmissionRequirements": [
                "Secondary school certificate or foreign equivalent"
            ],
            "Languages": [
                "English"
            ],
            "StudentBody": "co-ed"
        },
        "Divisions": [
            {
                "College": "Distance Education",
                "FieldsOfStudy": [
                    "Distance Education"
                ],
                "Details": "Khartoum Campus"
            },
            {
                "College": "Human Resources Development and Continuing Education",
                "FieldsOfStudy": [
                    "Continuing Education",
                    "Human Resources"
                ],
                "Details": "Khartoum Campus"
            },
            {
                "College": "Peace and Development Studies",
                "FieldsOfStudy": [
                    "Development Studies",
                    "Peace and Disarmament"
                ],
                "Details": "Khartoum Campus"
            },
            {
                "College": "Translation and Languages",
                "FieldsOfStudy": [
                    "Modern Languages",
                    "Translation and Interpretation"
                ],
                "Details": "Khartoum Campus"
            },
            {
                "College": "Applied and Industrial Sciences",
                "FieldsOfStudy": [
                    "Industrial Engineering",
                    "Production Engineering"
                ],
                "Details": "N/A"
            },
            {
                "College": "Arts and Humanities",
                "FieldsOfStudy": [
                    "Arabic",
                    "Archaeology",
                    "Arts and Humanities",
                    "English",
                    "French",
                    "Geography (Human)",
                    "History",
                    "Literature",
                    "Philosophy",
                    "Psychology"
                ],
                "Details": "Kadoru Campus"
            },
            {
                "College": "Community Studies and Rural Development",
                "FieldsOfStudy": [
                    "Rural Studies",
                    "Urban Studies"
                ],
                "Details": "Kadoru Campus"
            },
            {
                "College": "Computer Science and Information Technology",
                "FieldsOfStudy": [
                    "Computer Science",
                    "Information Technology"
                ],
                "Details": "Khartoum Campus"
            },
            {
                "College": "Education",
                "FieldsOfStudy": [
                    "Education"
                ],
                "Details": "Kadoru Campus"
            },
            {
                "College": "Engineering and Architecture",
                "FieldsOfStudy": [
                    "Architecture",
                    "Engineering"
                ],
                "Details": "Kadoru Campus"
            },
            {
                "College": "Medicine",
                "FieldsOfStudy": [
                    "Medicine"
                ],
                "Details": "Omdurman Campus"
            },
            {
                "College": "Music, Arts and Drama",
                "FieldsOfStudy": [
                    "Fine Arts",
                    "Music",
                    "Theatre"
                ],
                "Details": "Juba Campus"
            },
            {
                "College": "Social and Economic Studies",
                "FieldsOfStudy": [
                    "Economics",
                    "Political Sciences",
                    "Social Studies"
                ],
                "Details": "Kadoru Campus"
            },
            {
                "College": "French Studies",
                "FieldsOfStudy": [
                    "French Studies"
                ],
                "Details": "N/A"
            },
            {
                "College": "Transformational Leadership",
                "FieldsOfStudy": [
                    "Leadership"
                ],
                "Details": "N/A"
            },
            {
                "College": "Management Sciences",
                "FieldsOfStudy": [
                    "Accountancy",
                    "Business Administration",
                    "Management",
                    "Public Administration"
                ],
                "Details": "Kadoru Campus"
            },
            {
                "College": "Public Service",
                "FieldsOfStudy": [
                    "Social and Community Services"
                ],
                "Details": "N/A"
            }
        ],
        "Degrees": {
            "Undergraduate": {
                "CertificateOrDiploma": [],
                "Bachelor'sDegree": [
                    "Agriculture",
                    "Archaeology",
                    "Architecture and Planning",
                    "Arts and Humanities",
                    "Business Administration",
                    "Computer Science",
                    "Continuing Education",
                    "Economics",
                    "Education",
                    "Engineering",
                    "English",
                    "Fine Arts",
                    "French Studies",
                    "Health Sciences",
                    "Information Sciences",
                    "Law",
                    "Literature",
                    "Medicine",
                    "Music",
                    "Psychology",
                    "Social Sciences",
                    "Technology",
                    "Urban Studies"
                ]
            },
            "Postgraduate": {
                "PostBachelor'sDiplomaOrCertificate": [],
                "Master'sDegree": [
                    "Development Studies",
                    "Economics",
                    "Education",
                    "International Relations and Diplomacy",
                    "Law",
                    "Peace and Disarmament",
                    "Public Administration",
                    "Social and Community Services",
                    "Translation and Interpretation"
                ],
                "Doctor'sDegrees": [
                    "Development Studies",
                    "Peace and Disarmament"
                ],
                "ResearchScholarship": [],
                "EducationSpecialistDegree": []
            }
        }
    },
    {
        "GeneralInformation": {
            "Address": {
                "Street": "P.O. Box 1660",
                "City": "Malakal",
                "Province": "Upper Nile",
                "PostCode": "N/A",
                "Website": "N/A",
                "college_name": "Upper Nile University",
                "university_name": "Jameat Aali El-Neel (UNU)"
            },
            "InstitutionFunding": "Public",
            "History": "Founded 1992.",
            "AcademicYear": "N/A",
            "AdmissionRequirements": [],
            "Languages": [
                "Arabic",
                "English"
            ],
            "StudentBody": "co-ed"
        },
        "Divisions": [
            {
                "College": "Agriculture",
                "FieldsOfStudy": [
                    "Agriculture"
                ],
                "Details": "N/A"
            },
            {
                "College": "Animal Production",
                "FieldsOfStudy": [
                    "Animal Husbandry"
                ],
                "Details": "N/A"
            },
            {
                "College": "Arts and Humanities",
                "FieldsOfStudy": [
                    "Arts and Humanities",
                    "English",
                    "History"
                ],
                "Details": "N/A"
            },
            {
                "College": "Computer Science",
                "FieldsOfStudy": [
                    "Computer Science"
                ],
                "Details": "N/A"
            },
            {
                "College": "Education",
                "FieldsOfStudy": [
                    "Adult Education",
                    "Education"
                ],
                "Details": "N/A"
            },
            {
                "College": "Forestry",
                "FieldsOfStudy": [
                    "Forestry"
                ],
                "Details": "N/A"
            },
            {
                "College": "Medicine and Public Health",
                "FieldsOfStudy": [
                    "Health Sciences",
                    "Medicine",
                    "Public Health"
                ],
                "Details": "N/A"
            },
            {
                "College": "Nursing",
                "FieldsOfStudy": [
                    "Nursing"
                ],
                "Details": "N/A"
            },
            {
                "College": "Science",
                "FieldsOfStudy": [
                    "Geography",
                    "Mathematics",
                    "Natural Sciences"
                ],
                "Details": "N/A"
            },
            {
                "College": "Social Sciences",
                "FieldsOfStudy": [
                    "Social Sciences"
                ],
                "Details": "N/A"
            },
            {
                "College": "Veterinary Science",
                "FieldsOfStudy": [
                    "Veterinary Science"
                ],
                "Details": "N/A"
            },
            {
                "College": "Vocational Education",
                "FieldsOfStudy": [
                    "Computer Education",
                    "Electrical Engineering",
                    "Mechanics",
                    "Vocational Education"
                ],
                "Details": "N/A"
            }
        ],
        "Degrees": {
            "Undergraduate": {
                "CertificateOrDiploma": [],
                "Bachelor'sDegree": "N/A"
            },
            "Postgraduate": {
                "PostBachelor'sDiplomaOrCertificate": [],
                "Master'sDegree": [],
                "Doctor'sDegrees": [],
                "ResearchScholarship": [],
                "EducationSpecialistDegree": []
            }
        }
    }
]