[
    {
        "GeneralInformation": {
            "Address": {
                "Street": "PO Box 1622",
                "City": "Apia",
                "Province": "N/A",
                "PostCode": "N/A",
                "Website": "http://www.nus.edu.ws",
                "college_name": "National University of Samoa",
                "university_name": "Le Iunivesite Aoao o Samoa (NUS)"
            },
            "InstitutionFunding": "Public",
            "History": "Founded 1984 by statutory authority of the National University of Samoa Act. Funded almost entirely by Government grants. The Western Samoa Teachers College was amalgamated to the University in 1997 to create its Faculty of Education. Acquired present status and title 2006.",
            "AcademicYear": "February to November (February-June; July-November)",
            "AdmissionRequirements": [
                "Pacific Secondary School Certificate (English + 3 best not more than 15); New Zealand Form Six Certificate (English + 3 best not more than 12); Australia Higher School Certificate or recognized foreign equivalent"
            ],
            "Languages": [
                "English",
                "Samoan"
            ],
            "StudentBody": "co-ed"
        },
        "Divisions": [
            {
                "College": "Samoan Studies",
                "FieldsOfStudy": [
                    "Anthropology",
                    "Archaeology",
                    "Cultural Studies",
                    "Native Language",
                    "Pacific Area Studies"
                ],
                "Details": "N/A"
            },
            {
                "College": "Business and Entrepreneurship",
                "FieldsOfStudy": [
                    "Accountancy",
                    "Banking",
                    "Commercial Law",
                    "Finance",
                    "Tourism"
                ],
                "Details": "N/A"
            },
            {
                "College": "Applied Science",
                "FieldsOfStudy": [
                    "Dental Hygiene",
                    "Environmental Management",
                    "Health Administration",
                    "Health Education",
                    "Medical Technology",
                    "Nursing"
                ],
                "Details": "N/A"
            },
            {
                "College": "Arts",
                "FieldsOfStudy": [
                    "Anthropology",
                    "Chinese",
                    "Communication Studies",
                    "English",
                    "French",
                    "Geography",
                    "History",
                    "Japanese",
                    "Journalism",
                    "Political Sciences",
                    "Sociology"
                ],
                "Details": "N/A"
            },
            {
                "College": "Education",
                "FieldsOfStudy": [
                    "Education",
                    "Physical Education",
                    "Secondary Education",
                    "Teacher Training"
                ],
                "Details": "N/A"
            },
            {
                "College": "Science",
                "FieldsOfStudy": [
                    "Biology",
                    "Chemistry",
                    "Computer Science",
                    "Mathematics",
                    "Nautical Science",
                    "Physics",
                    "Science Education"
                ],
                "Details": "N/A"
            }
        ],
        "Degrees": {
            "Undergraduate": {
                "CertificateOrDiploma": "N/A",
                "Bachelor'sDegree": [
                    "Arts and Humanities",
                    "Business and Commerce",
                    "Education",
                    "Nursing"
                ]
            },
            "Postgraduate": {
                "PostBachelor'sDiplomaOrCertificate": [
                    "Education",
                    "Nursing"
                ],
                "Master'sDegree": [
                    "Arts and Humanities"
                ],
                "Doctor'sDegrees": [],
                "ResearchScholarship": [],
                "EducationSpecialistDegree": []
            }
        }
    },
    {
        "GeneralInformation": {
            "Address": {
                "Street": "Alafua Campus\nPrivate Mail Bag",
                "City": "Apia",
                "Province": "N/A",
                "PostCode": "N/A",
                "Website": "http://www.usp.ac.fj/index.php?id=4697",
                "college_name": "University of the South Pacific, School of Agriculture and Food Technology",
                "university_name": "(USP)"
            },
            "InstitutionFunding": "Public",
            "History": "Founded 1977 with the objective of being the centre of academic excellence in Agriculture and related disciplines. It functions independently of Central Government.",
            "AcademicYear": "February to November (February-June; July-November)",
            "AdmissionRequirements": [
                "Pacific Secondary School Certificate"
            ],
            "Languages": [
                "English"
            ],
            "StudentBody": "N/A"
        },
        "Divisions": [
            {
                "College": "Agricultural Economics, Extension and Education",
                "FieldsOfStudy": [
                    "Agricultural Business",
                    "Agricultural Economics",
                    "Agricultural Education",
                    "Agricultural Equipment",
                    "Farm Management"
                ],
                "Details": "N/A"
            },
            {
                "College": "Animal Science",
                "FieldsOfStudy": [
                    "Animal Husbandry",
                    "Cattle Breeding"
                ],
                "Details": "N/A"
            },
            {
                "College": "Crop Science",
                "FieldsOfStudy": [
                    "Biotechnology",
                    "Crop Production",
                    "Farm Management",
                    "Harvest Technology"
                ],
                "Details": "N/A"
            },
            {
                "College": "Soil Science and Agricultural Engineering",
                "FieldsOfStudy": [
                    "Agricultural Equipment",
                    "Harvest Technology",
                    "Soil Management"
                ],
                "Details": "N/A"
            },
            {
                "College": "Research, Extension and Training in Agriculture",
                "FieldsOfStudy": [
                    "Agriculture"
                ],
                "Details": "IRETA"
            }
        ],
        "Degrees": {
            "Undergraduate": {
                "CertificateOrDiploma": [
                    "Agriculture"
                ],
                "Bachelor'sDegree": [
                    "Agricultural Business",
                    "Agricultural Education",
                    "Agriculture"
                ]
            },
            "Postgraduate": {
                "PostBachelor'sDiplomaOrCertificate": [
                    "Agriculture"
                ],
                "Master'sDegree": [
                    "Agriculture"
                ],
                "Doctor'sDegrees": [],
                "ResearchScholarship": [],
                "EducationSpecialistDegree": []
            }
        }
    }
]