[
    {
        "GeneralInformation": {
            "Address": {
                "Street": "ul. Vose 123",
                "City": "Du\u0161anbe",
                "Province": "N/A",
                "PostCode": "734024",
                "Website": "https://www.avkd.tj/ru/",
                "college_name": "Academy of the Ministry of Internal Affairs",
                "university_name": ""
            },
            "InstitutionFunding": "Public",
            "History": "Founded as Higher school of the Ministry of Internal Affairs, acquired present status and title 2000.",
            "AcademicYear": "September to July (September-January; March-July)",
            "AdmissionRequirements": [
                "Secondary school certificate; Medical certificate"
            ],
            "Languages": [
                "Tajik"
            ],
            "StudentBody": "N/A"
        },
        "Divisions": [
            {
                "College": "History",
                "FieldsOfStudy": [
                    "History"
                ],
                "Details": "N/A"
            },
            {
                "College": "Law",
                "FieldsOfStudy": [
                    "Law"
                ],
                "Details": "N/A"
            },
            {
                "College": "N\u00b01",
                "FieldsOfStudy": [
                    "Administrative Law",
                    "Law"
                ],
                "Details": "N/A"
            },
            {
                "College": "N\u00b02",
                "FieldsOfStudy": [
                    "Justice Administration",
                    "Law"
                ],
                "Details": "N/A"
            },
            {
                "College": "N\u00b03",
                "FieldsOfStudy": [
                    "Civil Security",
                    "Criminology",
                    "Fire Science",
                    "Law"
                ],
                "Details": "N/A"
            },
            {
                "College": "N\u00b04",
                "FieldsOfStudy": "N/A",
                "Details": "N/A"
            }
        ],
        "Degrees": {
            "Undergraduate": {
                "CertificateOrDiploma": [],
                "Bachelor'sDegree": []
            },
            "Postgraduate": {
                "PostBachelor'sDiplomaOrCertificate": [],
                "Master'sDegree": [],
                "Doctor'sDegrees": [],
                "ResearchScholarship": [],
                "EducationSpecialistDegree": []
            }
        }
    },
    {
        "GeneralInformation": {
            "Address": {
                "Street": "ul Sino 29-31",
                "City": "Du\u0161anbe",
                "Province": "N/A",
                "PostCode": "734003",
                "Website": "https://www.tajmedun.tj",
                "college_name": "Avicenna Tajik State Medical University",
                "university_name": "Tajikskij Gosudarstvennyj Medicinskij Universitet \u2013 Tajik State Medical University named after Abu-Ali Ibn-Cina"
            },
            "InstitutionFunding": "Public",
            "History": "Founded 1939, acquired present status 1993.",
            "AcademicYear": "N/A",
            "AdmissionRequirements": [
                "High School Certificate",
                ""
            ],
            "Languages": [
                "Tajik",
                "Russian"
            ],
            "StudentBody": "co-ed"
        },
        "Divisions": [
            {
                "College": "Dentistry",
                "FieldsOfStudy": [
                    "Dentistry",
                    "Stomatology"
                ],
                "Details": "N/A"
            },
            {
                "College": "Medicine",
                "FieldsOfStudy": [
                    "Medicine",
                    "Nursing"
                ],
                "Details": "N/A"
            },
            {
                "College": "Pharmacy",
                "FieldsOfStudy": [
                    "Pharmacy"
                ],
                "Details": "N/A"
            },
            {
                "College": "Public Health",
                "FieldsOfStudy": [
                    "Public Health"
                ],
                "Details": "N/A"
            }
        ],
        "Degrees": {
            "Undergraduate": {
                "CertificateOrDiploma": [],
                "Bachelor'sDegree": []
            },
            "Postgraduate": {
                "PostBachelor'sDiplomaOrCertificate": [],
                "Master'sDegree": [],
                "Doctor'sDegrees": "N/A",
                "ResearchScholarship": [],
                "EducationSpecialistDegree": []
            }
        }
    },
    {
        "GeneralInformation": {
            "Address": {
                "Street": "st. Shodmoni 58/1",
                "City": "Du\u0161anbe",
                "Province": "N/A",
                "PostCode": "734003",
                "Website": "http://dit.tj",
                "college_name": "Islamic Institute of Tajikistan named after Imam Azam Abukhanifa",
                "university_name": "Islamic Institute of Tajikistan named after the Great Imam Abu Hanifa"
            },
            "InstitutionFunding": "Public",
            "History": "Founded 1997 as Islamic University of Alimam Tirmizi, acquired current status and title 2007",
            "AcademicYear": "N/A",
            "AdmissionRequirements": [],
            "Languages": [
                "Tajik"
            ],
            "StudentBody": "N/A"
        },
        "Divisions": [
            {
                "College": "Islamic Sciences",
                "FieldsOfStudy": [
                    "Islamic Studies",
                    "Koran"
                ],
                "Details": "N/A"
            },
            {
                "College": "Oriental Philology",
                "FieldsOfStudy": [
                    "Arabic",
                    "History",
                    "Linguistics",
                    "Religion"
                ],
                "Details": "N/A"
            }
        ],
        "Degrees": {
            "Undergraduate": {
                "CertificateOrDiploma": [],
                "Bachelor'sDegree": []
            },
            "Postgraduate": {
                "PostBachelor'sDiplomaOrCertificate": [],
                "Master'sDegree": [],
                "Doctor'sDegrees": [],
                "ResearchScholarship": [],
                "EducationSpecialistDegree": []
            }
        }
    },
    {
        "GeneralInformation": {
            "Address": {
                "Street": "Lenin Street 22",
                "City": "Khorog",
                "Province": "N/A",
                "PostCode": "736000",
                "Website": "http://www.khogu.org",
                "college_name": "Khorog State University named after Moyonsho Nazarshoev",
                "university_name": ""
            },
            "InstitutionFunding": "Public",
            "History": "Founded 1992.",
            "AcademicYear": "N/A",
            "AdmissionRequirements": [],
            "Languages": [],
            "StudentBody": "N/A"
        },
        "Divisions": [
            {
                "College": "Biology",
                "FieldsOfStudy": [
                    "Biology"
                ],
                "Details": "N/A"
            },
            {
                "College": "Economics",
                "FieldsOfStudy": [
                    "Economics",
                    "Management",
                    "Marketing"
                ],
                "Details": "N/A"
            },
            {
                "College": "Foreign Languages",
                "FieldsOfStudy": [
                    "English",
                    "Russian"
                ],
                "Details": "N/A"
            },
            {
                "College": "History and Law",
                "FieldsOfStudy": [
                    "History",
                    "Law"
                ],
                "Details": "N/A"
            },
            {
                "College": "Mathematics",
                "FieldsOfStudy": [
                    "Mathematics"
                ],
                "Details": "N/A"
            },
            {
                "College": "Natural Sciences",
                "FieldsOfStudy": [
                    "Geology",
                    "Natural Sciences"
                ],
                "Details": "N/A"
            },
            {
                "College": "Philology",
                "FieldsOfStudy": [
                    "Philology"
                ],
                "Details": "N/A"
            },
            {
                "College": "Physics",
                "FieldsOfStudy": [
                    "Physics"
                ],
                "Details": "N/A"
            }
        ],
        "Degrees": {
            "Undergraduate": {
                "CertificateOrDiploma": [],
                "Bachelor'sDegree": []
            },
            "Postgraduate": {
                "PostBachelor'sDiplomaOrCertificate": [],
                "Master'sDegree": [],
                "Doctor'sDegrees": "N/A",
                "ResearchScholarship": [],
                "EducationSpecialistDegree": []
            }
        }
    },
    {
        "GeneralInformation": {
            "Address": {
                "Street": "Lenin St. 226",
                "City": "Khujand",
                "Province": "Sughd",
                "PostCode": "735700",
                "Website": "http://www.kbtut.tj",
                "college_name": "Khujand Polytechnical Institute of Tajik Technical University named after M.Osimi",
                "university_name": ""
            },
            "InstitutionFunding": "Public",
            "History": "Founded 1992 as Branch of Technological University of Tajikistan, acquired present status, 1996. Acquired present title and status by merging with the branch of the Tajik Technical University in Khujand, 2010.",
            "AcademicYear": "N/A",
            "AdmissionRequirements": [],
            "Languages": [
                "Tajik"
            ],
            "StudentBody": "co-ed"
        },
        "Divisions": [
            {
                "College": "Physics and Mathematics",
                "FieldsOfStudy": [
                    "Mathematics",
                    "Physics"
                ],
                "Details": "N/A"
            },
            {
                "College": "State Language and the Humanities",
                "FieldsOfStudy": [
                    "Arts and Humanities",
                    "History",
                    "Oriental Languages",
                    "Philology",
                    "Philosophy"
                ],
                "Details": "N/A"
            },
            {
                "College": "Construction and Transport",
                "FieldsOfStudy": [
                    "Agricultural Engineering",
                    "Architecture",
                    "Building Technologies",
                    "Construction Engineering",
                    "Electronics and Automation",
                    "Textile Technology",
                    "Transport Engineering"
                ],
                "Details": "N/A"
            },
            {
                "College": "Economics and Management",
                "FieldsOfStudy": [
                    "Accountancy",
                    "Business Administration",
                    "Economics",
                    "Finance",
                    "International Business",
                    "Management",
                    "Marketing"
                ],
                "Details": "N/A"
            },
            {
                "College": "Engineering and Energy",
                "FieldsOfStudy": [
                    "Electronics and Automation",
                    "Foreign Languages Education",
                    "Modern Languages",
                    "Power Engineering",
                    "Technology"
                ],
                "Details": "N/A"
            },
            {
                "College": "Technological and Information",
                "FieldsOfStudy": [
                    "Engineering",
                    "Information Technology",
                    "Software Engineering",
                    "Technology"
                ],
                "Details": "N/A"
            },
            {
                "College": "Technology",
                "FieldsOfStudy": [
                    "Agriculture",
                    "Analytical Chemistry",
                    "Biochemistry",
                    "Chemical Engineering",
                    "Food Technology",
                    "Inorganic Chemistry",
                    "Mechanical Engineering",
                    "Microbiology",
                    "Organic Chemistry",
                    "Textile Technology"
                ],
                "Details": "N/A"
            }
        ],
        "Degrees": {
            "Undergraduate": {
                "CertificateOrDiploma": [],
                "Bachelor'sDegree": []
            },
            "Postgraduate": {
                "PostBachelor'sDiplomaOrCertificate": [],
                "Master'sDegree": [],
                "Doctor'sDegrees": [
                    "Computer Science",
                    "Economics",
                    "Management"
                ],
                "ResearchScholarship": [],
                "EducationSpecialistDegree": []
            }
        }
    },
    {
        "GeneralInformation": {
            "Address": {
                "Street": "pr. Mavlanbekova 1",
                "City": "Hujand",
                "Province": "N/A",
                "PostCode": "735700",
                "Website": "http://www.hgu.tj",
                "college_name": "Khujand State University",
                "university_name": "Donishgohi Davlatii Hujand"
            },
            "InstitutionFunding": "Public",
            "History": "Founded 1932 as High Pedagogical Institute. During the Soviet era, Khujand State University was known as Leninabad State Pedagogical Institute. Acquired present status and title 1991.",
            "AcademicYear": "N/A",
            "AdmissionRequirements": [],
            "Languages": [
                "Tajik",
                "Russian",
                "Uzbek",
                "English"
            ],
            "StudentBody": "co-ed"
        },
        "Divisions": [
            {
                "College": "Art",
                "FieldsOfStudy": [
                    "Fine Arts",
                    "Music",
                    "Painting and Drawing",
                    "Printing and Printmaking"
                ],
                "Details": "N/A"
            },
            {
                "College": "Art and Graphic Art",
                "FieldsOfStudy": [
                    "Graphic Arts",
                    "Painting and Drawing"
                ],
                "Details": "N/A"
            },
            {
                "College": "Cybernetics and World Economics",
                "FieldsOfStudy": [
                    "Economics",
                    "International Economics"
                ],
                "Details": "N/A"
            },
            {
                "College": "Environmental Studies",
                "FieldsOfStudy": [
                    "Environmental Studies"
                ],
                "Details": "N/A"
            },
            {
                "College": "Finance and Marketing Economy",
                "FieldsOfStudy": [
                    "Accountancy",
                    "Economics",
                    "Finance",
                    "Human Resources",
                    "Marketing"
                ],
                "Details": "N/A"
            },
            {
                "College": "Foreign Languages",
                "FieldsOfStudy": [
                    "Arabic",
                    "English",
                    "German",
                    "Persian"
                ],
                "Details": "N/A"
            },
            {
                "College": "History",
                "FieldsOfStudy": [
                    "History"
                ],
                "Details": "N/A"
            },
            {
                "College": "Law",
                "FieldsOfStudy": [
                    "Law"
                ],
                "Details": "N/A"
            },
            {
                "College": "Mathematics",
                "FieldsOfStudy": [
                    "Mathematics"
                ],
                "Details": "N/A"
            },
            {
                "College": "Oriental Studies - Eastern Languages",
                "FieldsOfStudy": [
                    "Oriental Studies"
                ],
                "Details": "N/A"
            },
            {
                "College": "Pedagogy",
                "FieldsOfStudy": [
                    "Pedagogy"
                ],
                "Details": "N/A"
            },
            {
                "College": "Physics and Technology",
                "FieldsOfStudy": [
                    "Applied Physics",
                    "Astrophysics",
                    "Nuclear Physics",
                    "Radiophysics"
                ],
                "Details": "N/A"
            },
            {
                "College": "Russian Language and Literature",
                "FieldsOfStudy": [
                    "Russian"
                ],
                "Details": "N/A"
            },
            {
                "College": "Tajik Philology",
                "FieldsOfStudy": [
                    "Native Language",
                    "Philology"
                ],
                "Details": "N/A"
            },
            {
                "College": "Uzbek Philology",
                "FieldsOfStudy": [
                    "Philology"
                ],
                "Details": "N/A"
            },
            {
                "College": "Management and Computer Technology",
                "FieldsOfStudy": [
                    "Banking",
                    "Business Administration",
                    "Business and Commerce",
                    "Computer Engineering",
                    "International Relations and Diplomacy",
                    "Marketing"
                ],
                "Details": "N/A"
            }
        ],
        "Degrees": {
            "Undergraduate": {
                "CertificateOrDiploma": [],
                "Bachelor'sDegree": []
            },
            "Postgraduate": {
                "PostBachelor'sDiplomaOrCertificate": [],
                "Master'sDegree": [],
                "Doctor'sDegrees": [],
                "ResearchScholarship": [],
                "EducationSpecialistDegree": []
            }
        }
    },
    {
        "GeneralInformation": {
            "Address": {
                "Street": "16 S. Safarov Street|",
                "City": "Kulob",
                "Province": "N/A",
                "PostCode": "N/A",
                "Website": "http://www.kgu.tj",
                "college_name": "Kulob State University named after Abuabdullohi Rudaki",
                "university_name": ""
            },
            "InstitutionFunding": "Public",
            "History": "Founded 1945. Acquired present status and title 1992.",
            "AcademicYear": "N/A",
            "AdmissionRequirements": [],
            "Languages": [
                "Tajik"
            ],
            "StudentBody": "co-ed"
        },
        "Divisions": [
            {
                "College": "Basic and Physical Education",
                "FieldsOfStudy": [
                    "Pedagogy",
                    "Physical Education",
                    "Primary Education"
                ],
                "Details": "N/A"
            },
            {
                "College": "Chemistry, Biology and Geography",
                "FieldsOfStudy": [
                    "Biology",
                    "Chemistry",
                    "Geography"
                ],
                "Details": "N/A"
            },
            {
                "College": "Economics and Management",
                "FieldsOfStudy": [
                    "Economics",
                    "Management"
                ],
                "Details": "N/A"
            },
            {
                "College": "Finance and Economics",
                "FieldsOfStudy": [
                    "Banking",
                    "Economics",
                    "Finance"
                ],
                "Details": "N/A"
            },
            {
                "College": "Foreign Philology",
                "FieldsOfStudy": [
                    "Modern Languages",
                    "Philology"
                ],
                "Details": "N/A"
            },
            {
                "College": "History and International Relations",
                "FieldsOfStudy": [
                    "History",
                    "International Relations and Diplomacy",
                    "Law"
                ],
                "Details": "N/A"
            },
            {
                "College": "Physics, Mathematics and Computer Sciences",
                "FieldsOfStudy": [
                    "Computer Science",
                    "Mathematics",
                    "Mathematics and Computer Science",
                    "Physics"
                ],
                "Details": "N/A"
            },
            {
                "College": "Russian Philology",
                "FieldsOfStudy": [
                    "Philology",
                    "Russian"
                ],
                "Details": "N/A"
            },
            {
                "College": "Tajik Philology and Journalism",
                "FieldsOfStudy": [
                    "Journalism",
                    "Philology"
                ],
                "Details": "N/A"
            }
        ],
        "Degrees": {
            "Undergraduate": {
                "CertificateOrDiploma": [],
                "Bachelor'sDegree": []
            },
            "Postgraduate": {
                "PostBachelor'sDiplomaOrCertificate": [],
                "Master'sDegree": [],
                "Doctor'sDegrees": "N/A",
                "ResearchScholarship": [],
                "EducationSpecialistDegree": []
            }
        }
    },
    {
        "GeneralInformation": {
            "Address": {
                "Street": "2, 17 Microdistrict",
                "City": "Hujand",
                "Province": "N/A",
                "PostCode": "735700",
                "Website": "N/A",
                "college_name": "Modern Humanitarian University",
                "university_name": ""
            },
            "InstitutionFunding": "Private",
            "History": "Founded 1998, acquired present status and title 2000.",
            "AcademicYear": "N/A",
            "AdmissionRequirements": [
                "Secondary school certificate"
            ],
            "Languages": [
                "Russian"
            ],
            "StudentBody": "co-ed"
        },
        "Divisions": [
            {
                "College": "Computer Science",
                "FieldsOfStudy": [
                    "Computer Science"
                ],
                "Details": "N/A"
            },
            {
                "College": "Languages",
                "FieldsOfStudy": [
                    "Modern Languages"
                ],
                "Details": "N/A"
            },
            {
                "College": "Law",
                "FieldsOfStudy": [
                    "Law"
                ],
                "Details": "N/A"
            },
            {
                "College": "Management and Economics",
                "FieldsOfStudy": [
                    "Economics",
                    "Management"
                ],
                "Details": "N/A"
            }
        ],
        "Degrees": {
            "Undergraduate": {
                "CertificateOrDiploma": [],
                "Bachelor'sDegree": []
            },
            "Postgraduate": {
                "PostBachelor'sDiplomaOrCertificate": [],
                "Master'sDegree": [],
                "Doctor'sDegrees": [],
                "ResearchScholarship": [],
                "EducationSpecialistDegree": []
            }
        }
    },
    {
        "GeneralInformation": {
            "Address": {
                "Street": "ul. M. Tursunzade 30",
                "City": "Du\u0161anbe",
                "Province": "N/A",
                "PostCode": "734025",
                "Website": "http://www.rtsu.tj",
                "college_name": "Russian Tajik Slavonic University",
                "university_name": "Rossijsko Tad\u017eikskij Slavjanskij Universitet (RTSU)"
            },
            "InstitutionFunding": "Public",
            "History": "Founded 1996.",
            "AcademicYear": "September to June.",
            "AdmissionRequirements": [
                "Secondary school certificate and entrance examination",
                ""
            ],
            "Languages": [
                "Russian",
                "English"
            ],
            "StudentBody": "co-ed"
        },
        "Divisions": [
            {
                "College": "History and International Relations",
                "FieldsOfStudy": [
                    "Cultural Studies",
                    "International Relations and Diplomacy",
                    "Philosophy",
                    "Political Sciences",
                    "Psychology"
                ],
                "Details": "N/A"
            },
            {
                "College": "Economics",
                "FieldsOfStudy": [
                    "Economics"
                ],
                "Details": "N/A"
            },
            {
                "College": "Languages",
                "FieldsOfStudy": [
                    "Chinese"
                ],
                "Details": "N/A"
            },
            {
                "College": "Philology",
                "FieldsOfStudy": [
                    "Journalism",
                    "Linguistics",
                    "Literature",
                    "Media Studies",
                    "Modern Languages",
                    "Philology",
                    "Russian",
                    "Slavic Languages"
                ],
                "Details": "N/A"
            },
            {
                "College": "Law",
                "FieldsOfStudy": [
                    "Law"
                ],
                "Details": "N/A"
            }
        ],
        "Degrees": {
            "Undergraduate": {
                "CertificateOrDiploma": [],
                "Bachelor'sDegree": []
            },
            "Postgraduate": {
                "PostBachelor'sDiplomaOrCertificate": [],
                "Master'sDegree": [],
                "Doctor'sDegrees": [],
                "ResearchScholarship": [],
                "EducationSpecialistDegree": []
            }
        }
    },
    {
        "GeneralInformation": {
            "Address": {
                "Street": "prosp. Rudaki 17",
                "City": "Du\u0161anbe",
                "Province": "N/A",
                "PostCode": "734025",
                "Website": "http://www.tnu.tj",
                "college_name": "Tajik National University",
                "university_name": "Tajikskij Nationalnij Universitet"
            },
            "InstitutionFunding": "Public",
            "History": "Founded 1948 with two Faculties. Placed under the authority of the Union-Republic State Committee for Public Education which determines the budget, decides on staff and student numbers, and provides general, scientific, and methodological direction. Acquired present status and title 1997.",
            "AcademicYear": "September to July (September-January; February-July)",
            "AdmissionRequirements": [
                "Competitive entrance examination following general or special secondary school certificate"
            ],
            "Languages": [
                "Russian",
                "Tajik",
                "English"
            ],
            "StudentBody": "co-ed"
        },
        "Divisions": [
            {
                "College": "Ecology",
                "FieldsOfStudy": [
                    "Ecology"
                ],
                "Details": "N/A"
            },
            {
                "College": "Military Training",
                "FieldsOfStudy": [
                    "Military Science"
                ],
                "Details": "N/A"
            },
            {
                "College": "Pedagogy",
                "FieldsOfStudy": [
                    "Pedagogy"
                ],
                "Details": "N/A"
            },
            {
                "College": "Physical Education and Hygiene",
                "FieldsOfStudy": [
                    "Hygiene",
                    "Physical Education"
                ],
                "Details": "N/A"
            },
            {
                "College": "Accountancy",
                "FieldsOfStudy": [
                    "Accountancy",
                    "Banking",
                    "Finance",
                    "International Economics",
                    "Statistics"
                ],
                "Details": "N/A"
            },
            {
                "College": "Asia and Europe",
                "FieldsOfStudy": [
                    "Asian Studies",
                    "European Studies"
                ],
                "Details": "N/A"
            },
            {
                "College": "Biology",
                "FieldsOfStudy": [
                    "Biochemistry",
                    "Biology",
                    "Botany",
                    "Ecology",
                    "Zoology"
                ],
                "Details": "N/A"
            },
            {
                "College": "Chemistry",
                "FieldsOfStudy": [
                    "Analytical Chemistry",
                    "Chemistry",
                    "Inorganic Chemistry",
                    "Organic Chemistry",
                    "Physical Chemistry"
                ],
                "Details": "N/A"
            },
            {
                "College": "Finance and Economics",
                "FieldsOfStudy": [
                    "Agricultural Economics",
                    "Business Administration",
                    "Economic and Finance Policy",
                    "Economics",
                    "Electronics and Automation",
                    "Finance",
                    "Government",
                    "Labour and Industrial Relations",
                    "Management"
                ],
                "Details": "N/A"
            },
            {
                "College": "Geology",
                "FieldsOfStudy": [
                    "Geology",
                    "Mineralogy",
                    "Petrology"
                ],
                "Details": "N/A"
            },
            {
                "College": "History",
                "FieldsOfStudy": [
                    "African Studies",
                    "Asian Studies",
                    "Contemporary History",
                    "History",
                    "International Relations and Diplomacy",
                    "Psychology"
                ],
                "Details": "N/A"
            },
            {
                "College": "International Cooperation",
                "FieldsOfStudy": [
                    "International Relations and Diplomacy",
                    "Political Sciences"
                ],
                "Details": "N/A"
            },
            {
                "College": "Journalism",
                "FieldsOfStudy": [
                    "Arabic",
                    "English",
                    "German",
                    "Journalism",
                    "Mass Communication",
                    "Radio and Television Broadcasting",
                    "Translation and Interpretation"
                ],
                "Details": "N/A"
            },
            {
                "College": "Law",
                "FieldsOfStudy": [
                    "International Law",
                    "Law"
                ],
                "Details": "N/A"
            },
            {
                "College": "Mechanics and Mathematics",
                "FieldsOfStudy": [
                    "Applied Mathematics",
                    "Computer Science",
                    "Mathematics",
                    "Mechanical Engineering"
                ],
                "Details": "N/A"
            },
            {
                "College": "Medicine and Pharmacy",
                "FieldsOfStudy": [
                    "Medicine",
                    "Pharmacy"
                ],
                "Details": "N/A"
            },
            {
                "College": "Phillology",
                "FieldsOfStudy": [
                    "Arabic",
                    "English",
                    "French",
                    "German",
                    "Hindi",
                    "Linguistics",
                    "Literature",
                    "Modern Languages",
                    "Oriental Languages",
                    "Persian"
                ],
                "Details": "N/A"
            },
            {
                "College": "Philosophy",
                "FieldsOfStudy": [
                    "Philosophy"
                ],
                "Details": "N/A"
            },
            {
                "College": "Physics",
                "FieldsOfStudy": [
                    "Astronomy and Space Science",
                    "Electronic Engineering",
                    "Meteorology",
                    "Nuclear Physics",
                    "Optics",
                    "Physics",
                    "Polymer and Plastics Technology"
                ],
                "Details": "N/A"
            },
            {
                "College": "Russian Language and Literature",
                "FieldsOfStudy": [
                    "Literature",
                    "Modern Languages",
                    "Philology",
                    "Russian"
                ],
                "Details": "N/A"
            },
            {
                "College": "Automation System Studies",
                "FieldsOfStudy": [
                    "Electronics and Automation"
                ],
                "Details": "N/A"
            },
            {
                "College": "Biochemistry",
                "FieldsOfStudy": [
                    "Biochemistry"
                ],
                "Details": "N/A"
            },
            {
                "College": "Co-ordination Chemistry",
                "FieldsOfStudy": [
                    "Chemistry"
                ],
                "Details": "N/A"
            },
            {
                "College": "Fermentology",
                "FieldsOfStudy": [
                    "Biological and Life Sciences"
                ],
                "Details": "N/A"
            },
            {
                "College": "Human and Animal Physiology",
                "FieldsOfStudy": [
                    "Physiology"
                ],
                "Details": "N/A"
            },
            {
                "College": "Mathematical Modelling of Growth and Development",
                "FieldsOfStudy": [
                    "Applied Mathematics"
                ],
                "Details": "N/A"
            },
            {
                "College": "Peptides",
                "FieldsOfStudy": [
                    "Chemistry"
                ],
                "Details": "N/A"
            },
            {
                "College": "Physics of Polymer Strength",
                "FieldsOfStudy": [
                    "Physics",
                    "Polymer and Plastics Technology"
                ],
                "Details": "N/A"
            },
            {
                "College": "Radioactive Nuclear Chemistry",
                "FieldsOfStudy": [
                    "Chemistry"
                ],
                "Details": "N/A"
            }
        ],
        "Degrees": {
            "Undergraduate": {
                "CertificateOrDiploma": [],
                "Bachelor'sDegree": []
            },
            "Postgraduate": {
                "PostBachelor'sDiplomaOrCertificate": [],
                "Master'sDegree": [],
                "Doctor'sDegrees": [],
                "ResearchScholarship": [],
                "EducationSpecialistDegree": []
            }
        }
    },
    {
        "GeneralInformation": {
            "Address": {
                "Street": "ul. Rudaki 146",
                "City": "Du\u0161anbe",
                "Province": "N/A",
                "PostCode": "734003",
                "Website": "http://www.tajagroun.tj/en",
                "college_name": "Tajik State Agricultural University named after Shirinsho Shotemu",
                "university_name": "Tajikskij Agrarnij Universitet"
            },
            "InstitutionFunding": "Public",
            "History": "Founded 1931 as Central Asian Fruit-and-Vegetable Institute. Became Tajik Agrarian University 1992. Acquired present status and title 2009.",
            "AcademicYear": "N/A",
            "AdmissionRequirements": [],
            "Languages": [],
            "StudentBody": "N/A"
        },
        "Divisions": [
            {
                "College": "Accountancy and Finance",
                "FieldsOfStudy": [
                    "Accountancy",
                    "Finance"
                ],
                "Details": "N/A"
            },
            {
                "College": "Agricultural Business",
                "FieldsOfStudy": [
                    "Agricultural Business"
                ],
                "Details": "N/A"
            },
            {
                "College": "Agricultural Mechanization",
                "FieldsOfStudy": [
                    "Agricultural Engineering",
                    "Agricultural Equipment"
                ],
                "Details": "N/A"
            },
            {
                "College": "Agronomy",
                "FieldsOfStudy": [
                    "Agriculture",
                    "Agronomy"
                ],
                "Details": "N/A"
            },
            {
                "College": "Economics and Management",
                "FieldsOfStudy": [
                    "Economics",
                    "Management"
                ],
                "Details": "N/A"
            },
            {
                "College": "Horticulture and  Agricultural Biotechnology",
                "FieldsOfStudy": [
                    "Biotechnology",
                    "Horticulture"
                ],
                "Details": "N/A"
            },
            {
                "College": "Hydromeliorative",
                "FieldsOfStudy": [
                    "Water Management",
                    "Water Science"
                ],
                "Details": "N/A"
            },
            {
                "College": "Veterinary Science",
                "FieldsOfStudy": [
                    "Veterinary Science"
                ],
                "Details": "N/A"
            },
            {
                "College": "Zoo-Engineering",
                "FieldsOfStudy": [
                    "Mechanical Engineering",
                    "Zoology"
                ],
                "Details": "N/A"
            }
        ],
        "Degrees": {
            "Undergraduate": {
                "CertificateOrDiploma": [],
                "Bachelor'sDegree": []
            },
            "Postgraduate": {
                "PostBachelor'sDiplomaOrCertificate": [],
                "Master'sDegree": [],
                "Doctor'sDegrees": [
                    "Agricultural Engineering",
                    "Biotechnology",
                    "Economics"
                ],
                "ResearchScholarship": [],
                "EducationSpecialistDegree": []
            }
        }
    },
    {
        "GeneralInformation": {
            "Address": {
                "Street": "ul. Borbad 73a",
                "City": "Du\u0161anbe",
                "Province": "N/A",
                "PostCode": "734032",
                "Website": "N/A",
                "college_name": "Tajik State Institute of Arts named after Mirzo Tursunzade",
                "university_name": "Donishkadai Davlatii Sanati Tojikiston"
            },
            "InstitutionFunding": "Public",
            "History": "Founded 1973. Acquired present status and title 1978.",
            "AcademicYear": "N/A",
            "AdmissionRequirements": [],
            "Languages": [
                "Russian",
                "Tajik"
            ],
            "StudentBody": "co-ed"
        },
        "Divisions": [
            {
                "College": "Cultural Studies",
                "FieldsOfStudy": [
                    "Cultural Studies",
                    "Management",
                    "Museum Studies",
                    "Theatre",
                    "Tourism"
                ],
                "Details": "N/A"
            },
            {
                "College": "Library Science",
                "FieldsOfStudy": [
                    "Library Science"
                ],
                "Details": "N/A"
            },
            {
                "College": "Music Pedagogy",
                "FieldsOfStudy": [
                    "Conducting",
                    "Music",
                    "Music Education",
                    "Music Theory and Composition",
                    "Musicology",
                    "Sound Engineering (Acoustics)"
                ],
                "Details": "N/A"
            },
            {
                "College": "Theatre",
                "FieldsOfStudy": [
                    "Acting",
                    "Journalism",
                    "Painting and Drawing",
                    "Radio and Television Broadcasting",
                    "Theatre"
                ],
                "Details": "N/A"
            }
        ],
        "Degrees": {
            "Undergraduate": {
                "CertificateOrDiploma": [],
                "Bachelor'sDegree": []
            },
            "Postgraduate": {
                "PostBachelor'sDiplomaOrCertificate": [],
                "Master'sDegree": [],
                "Doctor'sDegrees": [],
                "ResearchScholarship": [],
                "EducationSpecialistDegree": []
            }
        }
    },
    {
        "GeneralInformation": {
            "Address": {
                "Street": "ul. F. Muhammadieva 13",
                "City": "Du\u0161anbe",
                "Province": "N/A",
                "PostCode": "734064",
                "Website": "N/A",
                "college_name": "Tajik State Institute of Languages",
                "university_name": ""
            },
            "InstitutionFunding": "Public",
            "History": "Founded 1980 as Tajik State Pedagogical Institute of Russian Language and Literature, acquired present status and title 1992.",
            "AcademicYear": "N/A",
            "AdmissionRequirements": [
                "Secondary School Certificate"
            ],
            "Languages": [
                "Tajik",
                "Russian"
            ],
            "StudentBody": "co-ed"
        },
        "Divisions": [
            {
                "College": "Foreign Languages",
                "FieldsOfStudy": [
                    "Modern Languages"
                ],
                "Details": "N/A"
            },
            {
                "College": "Philology",
                "FieldsOfStudy": [
                    "Philology"
                ],
                "Details": "N/A"
            }
        ],
        "Degrees": {
            "Undergraduate": {
                "CertificateOrDiploma": [],
                "Bachelor'sDegree": []
            },
            "Postgraduate": {
                "PostBachelor'sDiplomaOrCertificate": [],
                "Master'sDegree": [],
                "Doctor'sDegrees": [],
                "ResearchScholarship": [],
                "EducationSpecialistDegree": []
            }
        }
    },
    {
        "GeneralInformation": {
            "Address": {
                "Street": "prosp. Rudaki 121",
                "City": "Du\u0161anbe",
                "Province": "N/A",
                "PostCode": "734001",
                "Website": "http://www.tgpu.tj",
                "college_name": "Tajik State Pedagogical University named after S. Ayni",
                "university_name": ""
            },
            "InstitutionFunding": "Public",
            "History": "Founded 1931.",
            "AcademicYear": "N/A",
            "AdmissionRequirements": [],
            "Languages": [],
            "StudentBody": "co-ed"
        },
        "Divisions": [
            {
                "College": "Rasht District",
                "FieldsOfStudy": [
                    "Mathematics",
                    "Natural Sciences"
                ],
                "Details": "N/A"
            },
            {
                "College": "Economics and Management",
                "FieldsOfStudy": [
                    "Economics",
                    "Management"
                ],
                "Details": "N/A"
            },
            {
                "College": "History",
                "FieldsOfStudy": [
                    "History"
                ],
                "Details": "N/A"
            },
            {
                "College": "Mathematics",
                "FieldsOfStudy": [
                    "Mathematics"
                ],
                "Details": "N/A"
            },
            {
                "College": "Pedagogics",
                "FieldsOfStudy": [
                    "Pedagogy"
                ],
                "Details": "N/A"
            },
            {
                "College": "Philology",
                "FieldsOfStudy": [
                    "Modern Languages",
                    "Native Language"
                ],
                "Details": "N/A"
            }
        ],
        "Degrees": {
            "Undergraduate": {
                "CertificateOrDiploma": [],
                "Bachelor'sDegree": []
            },
            "Postgraduate": {
                "PostBachelor'sDiplomaOrCertificate": [],
                "Master'sDegree": [],
                "Doctor'sDegrees": [],
                "ResearchScholarship": [],
                "EducationSpecialistDegree": []
            }
        }
    },
    {
        "GeneralInformation": {
            "Address": {
                "Street": "ul. Dehoti 1/2",
                "City": "Du\u0161anbe",
                "Province": "N/A",
                "PostCode": "734055",
                "Website": "http://www.tguk.tj",
                "college_name": "Tajik State University of Commerce",
                "university_name": ""
            },
            "InstitutionFunding": "Public",
            "History": "Founded 1991 as Tajik Commercial Institute. Acquired present name and status 2000.",
            "AcademicYear": "September to June",
            "AdmissionRequirements": [
                "Secondary school certificate and entrance examination"
            ],
            "Languages": [
                "Russian",
                "Tajik"
            ],
            "StudentBody": "N/A"
        },
        "Divisions": [
            {
                "College": "Khujand",
                "FieldsOfStudy": [
                    "Business and Commerce"
                ],
                "Details": "N/A"
            },
            {
                "College": "Banking",
                "FieldsOfStudy": [
                    "Banking"
                ],
                "Details": "N/A"
            },
            {
                "College": "Commerce and Customs",
                "FieldsOfStudy": [
                    "Business and Commerce",
                    "Marketing",
                    "Taxation"
                ],
                "Details": "N/A"
            },
            {
                "College": "Economics and Law",
                "FieldsOfStudy": [
                    "Accountancy",
                    "Economics",
                    "Finance",
                    "International Economics",
                    "Law"
                ],
                "Details": "N/A"
            },
            {
                "College": "Economics and Management",
                "FieldsOfStudy": [
                    "Economics",
                    "Management"
                ],
                "Details": "N/A"
            }
        ],
        "Degrees": {
            "Undergraduate": {
                "CertificateOrDiploma": [],
                "Bachelor'sDegree": []
            },
            "Postgraduate": {
                "PostBachelor'sDiplomaOrCertificate": [],
                "Master'sDegree": [],
                "Doctor'sDegrees": [],
                "ResearchScholarship": [],
                "EducationSpecialistDegree": []
            }
        }
    },
    {
        "GeneralInformation": {
            "Address": {
                "Street": "Nakhimov St., 64/14",
                "City": "Du\u0161anbe",
                "Province": "N/A",
                "PostCode": "734067",
                "Website": "http://tgfeu.tj/tj",
                "college_name": "Tajik State University of Finance and Economics",
                "university_name": ""
            },
            "InstitutionFunding": "Public",
            "History": "Founded 1942 as Finance and Economics College, became a branch of the All-Union Correspondence Financial College in 1957, became Dushanbe Technical School of Finance and Economics in 1973, became Tajik Financial Institute in 2009, then Finance and Economics Institute of Tajikistan in 2012. Acquired current status and title 2018.",
            "AcademicYear": "N/A",
            "AdmissionRequirements": [],
            "Languages": [
                "Tajik"
            ],
            "StudentBody": "co-ed"
        },
        "Divisions": [
            {
                "College": "Accountancy and Statistics",
                "FieldsOfStudy": [
                    "Accountancy",
                    "Economics",
                    "Statistics"
                ],
                "Details": "N/A"
            },
            {
                "College": "Economics and Business",
                "FieldsOfStudy": [
                    "Economics",
                    "Insurance",
                    "Management"
                ],
                "Details": "N/A"
            },
            {
                "College": "Finance and Credit",
                "FieldsOfStudy": [
                    "Banking",
                    "Finance",
                    "Taxation"
                ],
                "Details": "N/A"
            },
            {
                "College": "Information Technology in Economics",
                "FieldsOfStudy": [
                    "Applied Mathematics",
                    "Business Computing",
                    "Information Technology"
                ],
                "Details": "N/A"
            },
            {
                "College": "International Economics Relations",
                "FieldsOfStudy": [
                    "International Business",
                    "International Economics",
                    "Transport Management"
                ],
                "Details": "N/A"
            },
            {
                "College": "Management and Financial Law",
                "FieldsOfStudy": [
                    "Commercial Law",
                    "Economics",
                    "Fiscal Law",
                    "Management"
                ],
                "Details": "N/A"
            }
        ],
        "Degrees": {
            "Undergraduate": {
                "CertificateOrDiploma": [],
                "Bachelor'sDegree": []
            },
            "Postgraduate": {
                "PostBachelor'sDiplomaOrCertificate": [],
                "Master'sDegree": [],
                "Doctor'sDegrees": [
                    "Accountancy",
                    "Economics",
                    "Finance",
                    "International Economics",
                    "Mathematics",
                    "Statistics"
                ],
                "ResearchScholarship": [],
                "EducationSpecialistDegree": []
            }
        }
    },
    {
        "GeneralInformation": {
            "Address": {
                "Street": "10, Prosp. Acad. Rajabovs",
                "City": "Du\u0161anbe",
                "Province": "N/A",
                "PostCode": "734042",
                "Website": "http://www.ttu.tj",
                "college_name": "Tajik Technical University named after M.S. Osimi",
                "university_name": "Donishgohi Tekxnikii Tojikiston ba nomi M.S. Osimi"
            },
            "InstitutionFunding": "Public",
            "History": "Founded 1956 as Stalinabad Polytechnic Institute. Renamed Tajik Polytechnic Institute 1961 and Tajik Technical University 1992. Acquired present name 1996 and status 1997.",
            "AcademicYear": "September to July (September-January; February-July)",
            "AdmissionRequirements": [
                "Competitive entrance examination following high school certificate"
            ],
            "Languages": [
                "Tajik",
                "Russian"
            ],
            "StudentBody": "co-ed"
        },
        "Divisions": [
            {
                "College": "Business and Management Engineering",
                "FieldsOfStudy": [
                    "Business and Commerce",
                    "Construction Engineering",
                    "Industrial Management",
                    "Institutional Administration",
                    "Management",
                    "Management Systems",
                    "Power Engineering",
                    "Safety Engineering",
                    "Transport Management"
                ],
                "Details": "N/A"
            },
            {
                "College": "Chemical Engineering and Metallurgy",
                "FieldsOfStudy": [
                    "Chemical Engineering",
                    "Inorganic Chemistry",
                    "Metal Techniques",
                    "Metallurgical Engineering"
                ],
                "Details": "N/A"
            },
            {
                "College": "Construction and Architecture",
                "FieldsOfStudy": [
                    "Architectural and Environmental Design",
                    "Architecture",
                    "Architecture and Planning",
                    "Building Technologies",
                    "Construction Engineering",
                    "Heating and Refrigeration",
                    "Industrial Engineering",
                    "Mining Engineering",
                    "Petroleum and Gas Engineering",
                    "Real Estate",
                    "Town Planning",
                    "Water Management"
                ],
                "Details": "N/A"
            },
            {
                "College": "Energy",
                "FieldsOfStudy": [
                    "Energy Engineering"
                ],
                "Details": "N/A"
            },
            {
                "College": "Information Technology and Communication",
                "FieldsOfStudy": [
                    "Communication Arts",
                    "Information Technology"
                ],
                "Details": "N/A"
            },
            {
                "College": "Mechanical Technology",
                "FieldsOfStudy": [
                    "Environmental Engineering",
                    "Machine Building",
                    "Mechanical Equipment and Maintenance",
                    "Metal Techniques",
                    "Metallurgical Engineering",
                    "Power Engineering",
                    "Technology",
                    "Textile Technology"
                ],
                "Details": "N/A"
            },
            {
                "College": "Transport",
                "FieldsOfStudy": [
                    "Aeronautical and Aerospace Engineering",
                    "Air Transport",
                    "Automotive Engineering",
                    "Civil Engineering",
                    "Construction Engineering",
                    "Electronics and Automation",
                    "Road Engineering",
                    "Transport Economics",
                    "Transport Management"
                ],
                "Details": "N/A"
            },
            {
                "College": "Transport Construction",
                "FieldsOfStudy": [
                    "Transport Engineering"
                ],
                "Details": "N/A"
            }
        ],
        "Degrees": {
            "Undergraduate": {
                "CertificateOrDiploma": [],
                "Bachelor'sDegree": []
            },
            "Postgraduate": {
                "PostBachelor'sDiplomaOrCertificate": [],
                "Master'sDegree": [],
                "Doctor'sDegrees": [
                    "Architecture",
                    "Building Technologies",
                    "Chemistry",
                    "Computer Engineering",
                    "Construction Engineering",
                    "Economics",
                    "Electrical Engineering",
                    "Energy Engineering",
                    "Engineering",
                    "Mathematics",
                    "Mechanical Engineering",
                    "Metallurgical Engineering",
                    "Technology",
                    "Textile Technology"
                ],
                "ResearchScholarship": [],
                "EducationSpecialistDegree": []
            }
        }
    },
    {
        "GeneralInformation": {
            "Address": {
                "Street": "17 micro-region, building 1",
                "City": "Khujand",
                "Province": "N/A",
                "PostCode": "735700",
                "Website": "http://www.tsulbp.tj",
                "college_name": "Tajik University of Law, Business and Politics",
                "university_name": ""
            },
            "InstitutionFunding": "Public",
            "History": "Founded 1993.",
            "AcademicYear": "N/A",
            "AdmissionRequirements": [],
            "Languages": [],
            "StudentBody": "N/A"
        },
        "Divisions": [
            {
                "College": "Business and Management",
                "FieldsOfStudy": [
                    "Business Administration",
                    "Economics",
                    "Management"
                ],
                "Details": "N/A"
            },
            {
                "College": "Computer Technologies and Accountancy",
                "FieldsOfStudy": [
                    "Accountancy",
                    "Computer Science"
                ],
                "Details": "N/A"
            },
            {
                "College": "Innovation and Telecommunication",
                "FieldsOfStudy": [
                    "Information Technology",
                    "Telecommunications Engineering"
                ],
                "Details": "N/A"
            },
            {
                "College": "Law",
                "FieldsOfStudy": [
                    "Civil Law",
                    "Commercial Law",
                    "Constitutional Law",
                    "Criminal Law",
                    "Law"
                ],
                "Details": "N/A"
            },
            {
                "College": "Political Science and International Relations",
                "FieldsOfStudy": [
                    "International Relations and Diplomacy",
                    "Political Sciences"
                ],
                "Details": "N/A"
            },
            {
                "College": "Tax and Taxation",
                "FieldsOfStudy": [
                    "Taxation"
                ],
                "Details": "N/A"
            }
        ],
        "Degrees": {
            "Undergraduate": {
                "CertificateOrDiploma": [],
                "Bachelor'sDegree": []
            },
            "Postgraduate": {
                "PostBachelor'sDiplomaOrCertificate": [],
                "Master'sDegree": [],
                "Doctor'sDegrees": "N/A",
                "ResearchScholarship": [],
                "EducationSpecialistDegree": []
            }
        }
    },
    {
        "GeneralInformation": {
            "Address": {
                "Street": "N. Karabaev str., 63/3",
                "City": "Du\u0161anbe",
                "Province": "N/A",
                "PostCode": "734061",
                "Website": "http://www.tut.tj/",
                "college_name": "Technological University of Tajikistan",
                "university_name": "Donishgohi Tehnolojii Tojikiston \u2013 Tehnologi\u010deskij Universitet Tajikistana (TUT)"
            },
            "InstitutionFunding": "Public",
            "History": "Founded 1990, acquired present status 1996.",
            "AcademicYear": "September to June",
            "AdmissionRequirements": [
                "Secondary or high school certificate in Tajik or equivalent"
            ],
            "Languages": [
                "Tajik",
                "Russian",
                "English"
            ],
            "StudentBody": "co-ed"
        },
        "Divisions": [
            {
                "College": "Isfara",
                "FieldsOfStudy": [
                    "Biology",
                    "Chemistry",
                    "Computer Science",
                    "Economics",
                    "Education",
                    "Food Technology",
                    "Management",
                    "Mathematics",
                    "Physics",
                    "Technology",
                    "Textile Technology"
                ],
                "Details": "N/A"
            },
            {
                "College": "Kulob",
                "FieldsOfStudy": [
                    "Engineering",
                    "Technology"
                ],
                "Details": "(KBTUT)"
            },
            {
                "College": "Business Administration and Economics",
                "FieldsOfStudy": [
                    "Business Administration",
                    "Economics",
                    "International Business",
                    "International Economics",
                    "Marketing"
                ],
                "Details": "N/A"
            },
            {
                "College": "Design and Technology",
                "FieldsOfStudy": [
                    "Design",
                    "Fashion Design",
                    "Technology",
                    "Textile Design",
                    "Textile Technology"
                ],
                "Details": "N/A"
            },
            {
                "College": "Engineering and Technology",
                "FieldsOfStudy": [
                    "Dairy",
                    "Food Science",
                    "Food Technology",
                    "Meat and Poultry",
                    "Oenology"
                ],
                "Details": "N/A"
            },
            {
                "College": "Finance and Innovation Management",
                "FieldsOfStudy": [
                    "Banking",
                    "Economics",
                    "Finance",
                    "Management"
                ],
                "Details": "N/A"
            },
            {
                "College": "Information and Computer Technology",
                "FieldsOfStudy": [
                    "Information Sciences",
                    "Software Engineering",
                    "Telecommunications Engineering",
                    "Telecommunications Services"
                ],
                "Details": "N/A"
            },
            {
                "College": "Joint Tajik-Russian Faculty",
                "FieldsOfStudy": [
                    "Energy Engineering",
                    "Finance",
                    "Information Sciences"
                ],
                "Details": "N/A"
            },
            {
                "College": "Joint Tajik-Ukrainian Faculty",
                "FieldsOfStudy": [
                    "Computer Science",
                    "Electronics and Automation",
                    "International Business",
                    "Management"
                ],
                "Details": "N/A"
            },
            {
                "College": "Systems and Industrial Information Technology",
                "FieldsOfStudy": [
                    "Business Computing",
                    "Computer Science",
                    "Information Technology",
                    "Software Engineering"
                ],
                "Details": "N/A"
            }
        ],
        "Degrees": {
            "Undergraduate": {
                "CertificateOrDiploma": [],
                "Bachelor'sDegree": []
            },
            "Postgraduate": {
                "PostBachelor'sDiplomaOrCertificate": [],
                "Master'sDegree": [],
                "Doctor'sDegrees": [],
                "ResearchScholarship": [],
                "EducationSpecialistDegree": []
            }
        }
    }
]