[
    {
        "GeneralInformation": {
            "Address": {
                "Street": "47 Aba Annayev Street",
                "City": "A\u0161ghabad",
                "Province": "N/A",
                "PostCode": "744000",
                "Website": "https://datmddi.edu.tm",
                "college_name": "Dovletmammet Azadi Turkmen National Institute of World Languages",
                "university_name": "D\u00f6wletm\u00e4mmet Azady adyndaky T\u00fcrkmen milli d\u00fcn\u00fd\u00e4 dilleri instituty"
            },
            "InstitutionFunding": "Public",
            "History": "Created in 1983 by the Central Committee of the Communist Party of Turkmenistan and the Supreme Council of the TSSR.",
            "AcademicYear": "September to June",
            "AdmissionRequirements": [],
            "Languages": [
                "Turkmen"
            ],
            "StudentBody": "N/A"
        },
        "Divisions": [
            {
                "College": "English Language and Literature",
                "FieldsOfStudy": [
                    "English",
                    "Literature",
                    "Philology",
                    "Translation and Interpretation"
                ],
                "Details": "N/A"
            },
            {
                "College": "European Languages and Literature",
                "FieldsOfStudy": [
                    "European Languages",
                    "French",
                    "German",
                    "Literature",
                    "Spanish"
                ],
                "Details": "N/A"
            },
            {
                "College": "Oriental Languages and Literature",
                "FieldsOfStudy": [
                    "Arabic",
                    "Chinese",
                    "Japanese",
                    "Korean",
                    "Literature",
                    "Persian",
                    "Turkish"
                ],
                "Details": "N/A"
            },
            {
                "College": "Russian Language and Literature",
                "FieldsOfStudy": [
                    "Literature",
                    "Russian"
                ],
                "Details": "N/A"
            }
        ],
        "Degrees": {
            "Undergraduate": {
                "CertificateOrDiploma": [],
                "Bachelor'sDegree": []
            },
            "Postgraduate": {
                "PostBachelor'sDiplomaOrCertificate": [],
                "Master'sDegree": [],
                "Doctor'sDegrees": [],
                "ResearchScholarship": [],
                "EducationSpecialistDegree": []
            }
        }
    },
    {
        "GeneralInformation": {
            "Address": {
                "Street": "51 Senagat Street\nBuzmein District",
                "City": "A\u0161ghabad",
                "Province": "N/A",
                "PostCode": "74400",
                "Website": "https://tituki.edu.tm",
                "college_name": "Institute of Engineering-Technical and Transport Communications of Turkmenistan",
                "university_name": "T\u00fcrkmenistany\u0148 In\u017eener-tehiki we ulag kommunikasi\u00fdalary instituty"
            },
            "InstitutionFunding": "Public",
            "History": "Created 2017 as Institute of Muncipal Economy of Turkmenistan (T\u00fcrkmenistany\u0148 Jemagat hojalygy instituty) and acquired current title and status 2019.",
            "AcademicYear": "September to June",
            "AdmissionRequirements": [],
            "Languages": [
                "Turkmen"
            ],
            "StudentBody": "N/A"
        },
        "Divisions": [
            {
                "College": "Digital Technologies and Cybersecurity",
                "FieldsOfStudy": [
                    "Computer Networks",
                    "Control Engineering",
                    "Information Management",
                    "Information Sciences",
                    "Information Technology"
                ],
                "Details": "N/A"
            },
            {
                "College": "Economics and Management",
                "FieldsOfStudy": [
                    "Accountancy",
                    "Economics",
                    "Logistics Management",
                    "Management",
                    "Transport Management"
                ],
                "Details": "N/A"
            },
            {
                "College": "Mechanical Technology",
                "FieldsOfStudy": [
                    "Road Engineering",
                    "Road Transport"
                ],
                "Details": "N/A"
            },
            {
                "College": "Public Infrastructure and Engineering Systems",
                "FieldsOfStudy": [
                    "Management",
                    "Real Estate"
                ],
                "Details": "N/A"
            },
            {
                "College": "Railway Transport",
                "FieldsOfStudy": [
                    "Railway Engineering",
                    "Railway Transport"
                ],
                "Details": "N/A"
            },
            {
                "College": "Transportation",
                "FieldsOfStudy": [
                    "Air Transport"
                ],
                "Details": "N/A"
            }
        ],
        "Degrees": {
            "Undergraduate": {
                "CertificateOrDiploma": [],
                "Bachelor'sDegree": []
            },
            "Postgraduate": {
                "PostBachelor'sDiplomaOrCertificate": [],
                "Master'sDegree": [],
                "Doctor'sDegrees": [],
                "ResearchScholarship": [],
                "EducationSpecialistDegree": []
            }
        }
    },
    {
        "GeneralInformation": {
            "Address": {
                "Street": "68 Makhtumkuli Avenue",
                "City": "A\u0161ghabad",
                "Province": "N/A",
                "PostCode": "744000",
                "Website": "https://itit.edu.tm",
                "college_name": "Institute of Telecommunications and Informatics of Turkmenistan",
                "university_name": "T\u00fcrkmenistany\u0148 Telekommunikasi\u00fdalar we informatika instituty"
            },
            "InstitutionFunding": "Public",
            "History": "Founded 1992 as Turkmen State Institute of Transport and Communication. Acquired current title and status 2019 and its main mission is to train specialists in the field of information, telecommunications and intelligent systems administration, digital technologies and electronics.",
            "AcademicYear": "September to May",
            "AdmissionRequirements": [],
            "Languages": [
                "Turkmen"
            ],
            "StudentBody": "N/A"
        },
        "Divisions": [
            {
                "College": "Digital Economy and Management",
                "FieldsOfStudy": [
                    "E-Business/Commerce",
                    "Management"
                ],
                "Details": "N/A"
            },
            {
                "College": "Information Security",
                "FieldsOfStudy": [
                    "Information Management",
                    "Information Technology"
                ],
                "Details": "N/A"
            },
            {
                "College": "Information Technology and Automation",
                "FieldsOfStudy": [
                    "Computer Engineering",
                    "Information Technology"
                ],
                "Details": "N/A"
            },
            {
                "College": "Radio Technologies in Communication",
                "FieldsOfStudy": [
                    "Radio and Television Broadcasting",
                    "Telecommunications Engineering"
                ],
                "Details": "N/A"
            },
            {
                "College": "Telecommunications",
                "FieldsOfStudy": [
                    "Telecommunications Engineering"
                ],
                "Details": "N/A"
            }
        ],
        "Degrees": {
            "Undergraduate": {
                "CertificateOrDiploma": [],
                "Bachelor'sDegree": []
            },
            "Postgraduate": {
                "PostBachelor'sDiplomaOrCertificate": [],
                "Master'sDegree": [],
                "Doctor'sDegrees": [],
                "ResearchScholarship": [],
                "EducationSpecialistDegree": []
            }
        }
    },
    {
        "GeneralInformation": {
            "Address": {
                "Street": "1958 (Andalyp) Street 169",
                "City": "A\u0161ghabad",
                "Province": "N/A",
                "PostCode": "744000",
                "Website": "https://iuhd.edu.tm",
                "college_name": "International University for the Humanities and Development",
                "university_name": "Halkara ynsanperwer ylymlary we \u00f6s\u00fc\u015f uniwersiteti (IUHD)"
            },
            "InstitutionFunding": "Public",
            "History": "Created 2014.",
            "AcademicYear": "September to June",
            "AdmissionRequirements": [],
            "Languages": [
                "English"
            ],
            "StudentBody": "N/A"
        },
        "Divisions": [
            {
                "College": "Information Technologies",
                "FieldsOfStudy": [
                    "Computer Engineering",
                    "Computer Science",
                    "Information Technology",
                    "Mathematics"
                ],
                "Details": "N/A"
            },
            {
                "College": "International Economics and Management",
                "FieldsOfStudy": [
                    "Economics",
                    "Finance",
                    "Insurance",
                    "International Business",
                    "International Economics",
                    "Management"
                ],
                "Details": "N/A"
            },
            {
                "College": "International Law and International Relations",
                "FieldsOfStudy": [
                    "International Law",
                    "International Relations and Diplomacy",
                    "Modern Languages",
                    "Private Law",
                    "Public Law"
                ],
                "Details": "N/A"
            },
            {
                "College": "Social Sciences",
                "FieldsOfStudy": [
                    "Educational Administration",
                    "Journalism",
                    "Philosophy",
                    "Sociology"
                ],
                "Details": "N/A"
            }
        ],
        "Degrees": {
            "Undergraduate": {
                "CertificateOrDiploma": [],
                "Bachelor'sDegree": []
            },
            "Postgraduate": {
                "PostBachelor'sDiplomaOrCertificate": [],
                "Master'sDegree": [],
                "Doctor'sDegrees": [],
                "ResearchScholarship": [],
                "EducationSpecialistDegree": []
            }
        }
    },
    {
        "GeneralInformation": {
            "Address": {
                "Street": "18 Archabil Avenue",
                "City": "A\u0161ghabad",
                "Province": "N/A",
                "PostCode": "744000",
                "Website": "https://www.tdlu.edu.tm",
                "college_name": "Myrat Garryyev State Medical University of Turkmenistan",
                "university_name": "Myrat Garry\u00fdew adyndaky T\u00fcrkmenistany\u0148 D\u00f6wlet lukman\u00e7ylyk uniwersiteti"
            },
            "InstitutionFunding": "Public",
            "History": "Founded 1932 as Turkmen State Medical Institute. Acquired present status and title 2010.",
            "AcademicYear": "N/A",
            "AdmissionRequirements": [],
            "Languages": [
                "Turkmen"
            ],
            "StudentBody": "N/A"
        },
        "Divisions": [
            {
                "College": "Dentistry",
                "FieldsOfStudy": [
                    "Dentistry"
                ],
                "Details": "N/A"
            },
            {
                "College": "Health Protection and Sanitation",
                "FieldsOfStudy": [
                    "Social and Preventive Medicine"
                ],
                "Details": "N/A"
            },
            {
                "College": "Medicine",
                "FieldsOfStudy": [
                    "Medicine"
                ],
                "Details": "N/A"
            },
            {
                "College": "Military Medicine",
                "FieldsOfStudy": [
                    "Medicine"
                ],
                "Details": "N/A"
            },
            {
                "College": "Paediatrics",
                "FieldsOfStudy": [
                    "Paediatrics"
                ],
                "Details": "N/A"
            },
            {
                "College": "Pharmacy",
                "FieldsOfStudy": [
                    "Pharmacy"
                ],
                "Details": "N/A"
            },
            {
                "College": "Sports Medicine",
                "FieldsOfStudy": [
                    "Sports Medicine"
                ],
                "Details": "N/A"
            }
        ],
        "Degrees": {
            "Undergraduate": {
                "CertificateOrDiploma": [],
                "Bachelor'sDegree": []
            },
            "Postgraduate": {
                "PostBachelor'sDiplomaOrCertificate": [],
                "Master'sDegree": [],
                "Doctor'sDegrees": [],
                "ResearchScholarship": [],
                "EducationSpecialistDegree": []
            }
        }
    },
    {
        "GeneralInformation": {
            "Address": {
                "Street": "100 Koshi street",
                "City": "A\u0161ghabad",
                "Province": "N/A",
                "PostCode": "744012",
                "Website": "https://etut.edu.tm",
                "college_name": "Oguz Han Engineering and Technology University of Turkmenistan",
                "university_name": "T\u00fcrkmenistany\u0148 Oguz han adyndaky In\u017eener-tehnologi\u00fdalar uniwersiteti"
            },
            "InstitutionFunding": "Public",
            "History": "Created 2016 and first students admitted in the academic year 2016-2017",
            "AcademicYear": "September to June",
            "AdmissionRequirements": [],
            "Languages": [
                "Turkmen",
                "English"
            ],
            "StudentBody": "N/A"
        },
        "Divisions": [
            {
                "College": "Automatics and Electronics",
                "FieldsOfStudy": [
                    "Applied Physics",
                    "Electrical and Electronic Engineering",
                    "Electronics and Automation",
                    "Telecommunications Engineering"
                ],
                "Details": "N/A"
            },
            {
                "College": "Biotechnology and Ecology",
                "FieldsOfStudy": [
                    "Bioengineering",
                    "Biotechnology",
                    "Cell Biology",
                    "Ecology",
                    "Genetics",
                    "Molecular Biology"
                ],
                "Details": "N/A"
            },
            {
                "College": "Chemistry and Nanotechnology",
                "FieldsOfStudy": [
                    "Applied Chemistry",
                    "Chemical Engineering",
                    "Materials Engineering",
                    "Nanotechnology"
                ],
                "Details": "N/A"
            },
            {
                "College": "Computer Sciences and Information Technology",
                "FieldsOfStudy": [
                    "Artificial Intelligence",
                    "Computer Graphics",
                    "Computer Science",
                    "Information Technology",
                    "Mathematics",
                    "Robotics"
                ],
                "Details": "N/A"
            },
            {
                "College": "Economics of Innovation",
                "FieldsOfStudy": [
                    "Economics",
                    "Management",
                    "Modern Languages",
                    "Social Sciences",
                    "Sports",
                    "Technology Education"
                ],
                "Details": "N/A"
            }
        ],
        "Degrees": {
            "Undergraduate": {
                "CertificateOrDiploma": [],
                "Bachelor'sDegree": []
            },
            "Postgraduate": {
                "PostBachelor'sDiplomaOrCertificate": [],
                "Master'sDegree": [],
                "Doctor'sDegrees": [],
                "ResearchScholarship": [],
                "EducationSpecialistDegree": []
            }
        }
    },
    {
        "GeneralInformation": {
            "Address": {
                "Street": "ul. BayramKhanda, 62",
                "City": "Mary",
                "Province": "N/A",
                "PostCode": "745400",
                "Website": "http://www.tdei.edu.tm",
                "college_name": "State Energy Institute of Turkmenistan",
                "university_name": "T\u00fcrkmenistany\u0148 D\u00f6wlet energetika instituty"
            },
            "InstitutionFunding": "Public",
            "History": "Founded 1997 as Turkmen State Institute of Energy. Was also known as Turkmen State Power Industry Institute.",
            "AcademicYear": "Sept - July",
            "AdmissionRequirements": [],
            "Languages": [
                "Turkmen"
            ],
            "StudentBody": "N/A"
        },
        "Divisions": [
            {
                "College": "Computer Technology",
                "FieldsOfStudy": [
                    "Computer Engineering",
                    "Computer Science"
                ],
                "Details": "N/A"
            },
            {
                "College": "Industrial Technology",
                "FieldsOfStudy": [
                    "Chemistry",
                    "Electronics and Automation",
                    "Mechanical Engineering",
                    "Mechanical Equipment and Maintenance",
                    "Metal Techniques"
                ],
                "Details": "N/A"
            },
            {
                "College": "Power Engineering",
                "FieldsOfStudy": [
                    "Electrical Engineering",
                    "Information Sciences",
                    "Physics",
                    "Power Engineering",
                    "Thermal Engineering"
                ],
                "Details": "N/A"
            }
        ],
        "Degrees": {
            "Undergraduate": {
                "CertificateOrDiploma": [],
                "Bachelor'sDegree": []
            },
            "Postgraduate": {
                "PostBachelor'sDiplomaOrCertificate": [],
                "Master'sDegree": [],
                "Doctor'sDegrees": [],
                "ResearchScholarship": [],
                "EducationSpecialistDegree": []
            }
        }
    },
    {
        "GeneralInformation": {
            "Address": {
                "Street": "Ruhnama Street, 94",
                "City": "Dashoguz",
                "Province": "N/A",
                "PostCode": "746300",
                "Website": "https://tohi.edu.tm",
                "college_name": "Turkmen Agricultural Institute",
                "university_name": "T\u00fcrkmen oba hojalyk instituty"
            },
            "InstitutionFunding": "Public",
            "History": "Created 2010",
            "AcademicYear": "September to July",
            "AdmissionRequirements": [],
            "Languages": [
                "Turkmen"
            ],
            "StudentBody": "N/A"
        },
        "Divisions": [
            {
                "College": "Agronomy",
                "FieldsOfStudy": [
                    "Agricultural Management",
                    "Agronomy",
                    "Crop Production",
                    "Natural Sciences",
                    "Soil Science"
                ],
                "Details": "N/A"
            },
            {
                "College": "Hydro Melioration and Agricultural Mechanization",
                "FieldsOfStudy": [
                    "Agricultural Engineering",
                    "Agricultural Equipment",
                    "Water Science"
                ],
                "Details": "N/A"
            },
            {
                "College": "Veterinary Medicine",
                "FieldsOfStudy": [
                    "Animal Husbandry",
                    "Veterinary Science",
                    "Zoology"
                ],
                "Details": "N/A"
            }
        ],
        "Degrees": {
            "Undergraduate": {
                "CertificateOrDiploma": [],
                "Bachelor'sDegree": []
            },
            "Postgraduate": {
                "PostBachelor'sDiplomaOrCertificate": [],
                "Master'sDegree": [],
                "Doctor'sDegrees": [],
                "ResearchScholarship": [],
                "EducationSpecialistDegree": []
            }
        }
    },
    {
        "GeneralInformation": {
            "Address": {
                "Street": "2009 G\u00f6rogly Street, 143",
                "City": "A\u0161ghabad",
                "Province": "N/A",
                "PostCode": "744012",
                "Website": "https://tohu.edu.tm",
                "college_name": "Turkmen Agricultural University named after Niyazov",
                "university_name": "S.A. Ny\u00fdazow adyndaky T\u00fcrkmen oba hojalyk uniwersiteti"
            },
            "InstitutionFunding": "Public",
            "History": "Founded 1930 as Turkmen Agricultural Institute, became Turkmen Agricultural Institute named after M.A. Kalinin in 1936, Turkmen Agricultural Institute named after S.A. Niyazov in 1996 and acquired present title and status 1998.",
            "AcademicYear": "September to June",
            "AdmissionRequirements": [],
            "Languages": [
                "Turkmen"
            ],
            "StudentBody": "N/A"
        },
        "Divisions": [
            {
                "College": "Agricultural Economics and Management",
                "FieldsOfStudy": [
                    "Agricultural Business",
                    "Agricultural Economics",
                    "Agricultural Management"
                ],
                "Details": "N/A"
            },
            {
                "College": "Agricultural Mechanization",
                "FieldsOfStudy": [
                    "Agricultural Engineering",
                    "Agricultural Equipment"
                ],
                "Details": "N/A"
            },
            {
                "College": "Agroeconomy",
                "FieldsOfStudy": [
                    "Agricultural Economics"
                ],
                "Details": "N/A"
            },
            {
                "College": "Agronomy",
                "FieldsOfStudy": [
                    "Agronomy"
                ],
                "Details": "N/A"
            },
            {
                "College": "Food Processing of Agricultural Products",
                "FieldsOfStudy": [
                    "Food Science",
                    "Food Technology"
                ],
                "Details": "N/A"
            },
            {
                "College": "Hydro Melioration",
                "FieldsOfStudy": [
                    "Water Science"
                ],
                "Details": "N/A"
            },
            {
                "College": "Skills Upgrading",
                "FieldsOfStudy": "N/A",
                "Details": "N/A"
            },
            {
                "College": "Textile Production",
                "FieldsOfStudy": [
                    "Textile Technology"
                ],
                "Details": "N/A"
            },
            {
                "College": "Veterinary Medicine",
                "FieldsOfStudy": [
                    "Veterinary Science"
                ],
                "Details": "N/A"
            }
        ],
        "Degrees": {
            "Undergraduate": {
                "CertificateOrDiploma": [],
                "Bachelor'sDegree": []
            },
            "Postgraduate": {
                "PostBachelor'sDiplomaOrCertificate": [],
                "Master'sDegree": [],
                "Doctor'sDegrees": [],
                "ResearchScholarship": [],
                "EducationSpecialistDegree": []
            }
        }
    },
    {
        "GeneralInformation": {
            "Address": {
                "Street": "Baba Annanov Str., 136",
                "City": "A\u0161ghabad",
                "Province": "N/A",
                "PostCode": "744025",
                "Website": "https://tdbgi.edu.tm",
                "college_name": "Turkmen State Institute of Architecture and Construction",
                "university_name": "T\u00fcrkmen d\u00f6wlet binag\u00e4rlik-gurlu\u015fk instituty"
            },
            "InstitutionFunding": "Public",
            "History": "Founded 1963 as Turkmen Polytechnic Institute. Acquired current title and status in 2012 after the original institute was split.",
            "AcademicYear": "September to June.",
            "AdmissionRequirements": [],
            "Languages": [
                "Turkmen"
            ],
            "StudentBody": "N/A"
        },
        "Divisions": [
            {
                "College": "Architecture and Construction",
                "FieldsOfStudy": [
                    "Architecture",
                    "Civil Engineering",
                    "Industrial Engineering"
                ],
                "Details": "N/A"
            },
            {
                "College": "Chemical Technology",
                "FieldsOfStudy": [
                    "Chemistry",
                    "Ecology",
                    "Inorganic Chemistry"
                ],
                "Details": "N/A"
            },
            {
                "College": "Computer Engineering",
                "FieldsOfStudy": [
                    "Computer Engineering",
                    "Information Technology",
                    "Measurement and Precision Engineering"
                ],
                "Details": "N/A"
            },
            {
                "College": "Economics and Management",
                "FieldsOfStudy": [
                    "Economics",
                    "Management"
                ],
                "Details": "N/A"
            },
            {
                "College": "Mechanical Engineering",
                "FieldsOfStudy": [
                    "Electrical and Electronic Engineering",
                    "Mechanical Engineering",
                    "Mechanical Equipment and Maintenance",
                    "Mechanics",
                    "Physics"
                ],
                "Details": "N/A"
            },
            {
                "College": "Road Engineering",
                "FieldsOfStudy": [
                    "Road Engineering",
                    "Surveying and Mapping"
                ],
                "Details": "N/A"
            }
        ],
        "Degrees": {
            "Undergraduate": {
                "CertificateOrDiploma": [],
                "Bachelor'sDegree": []
            },
            "Postgraduate": {
                "PostBachelor'sDiplomaOrCertificate": [],
                "Master'sDegree": [],
                "Doctor'sDegrees": [],
                "ResearchScholarship": [],
                "EducationSpecialistDegree": []
            }
        }
    },
    {
        "GeneralInformation": {
            "Address": {
                "Street": "1972 Ataturk Street, 73",
                "City": "A\u0161ghabad",
                "Province": "N/A",
                "PostCode": "744000",
                "Website": "https://tsiem.edu.tm",
                "college_name": "Turkmen State Institute of Economics and Management",
                "university_name": "T\u00fcrkmen d\u00f6wlet ykdysady\u00fdet we dolandyry\u015f instituty"
            },
            "InstitutionFunding": "Public",
            "History": "Founded 1980. Previously known as Turkmen Institute of National Economy until 2009.",
            "AcademicYear": "September to June.",
            "AdmissionRequirements": [],
            "Languages": [
                "Turkmen"
            ],
            "StudentBody": "co-ed"
        },
        "Divisions": [
            {
                "College": "Economics",
                "FieldsOfStudy": [
                    "Accountancy",
                    "Commercial Law",
                    "Economics",
                    "Fiscal Law",
                    "Statistics"
                ],
                "Details": "N/A"
            },
            {
                "College": "Finance",
                "FieldsOfStudy": [
                    "E-Business/Commerce",
                    "Finance",
                    "Taxation"
                ],
                "Details": "N/A"
            },
            {
                "College": "Management",
                "FieldsOfStudy": [
                    "Business Computing",
                    "International Business",
                    "International Economics",
                    "Management",
                    "Public Administration"
                ],
                "Details": "N/A"
            },
            {
                "College": "Marketing",
                "FieldsOfStudy": [
                    "Industrial and Production Economics",
                    "Management",
                    "Marketing",
                    "Social Welfare"
                ],
                "Details": "N/A"
            }
        ],
        "Degrees": {
            "Undergraduate": {
                "CertificateOrDiploma": [],
                "Bachelor'sDegree": []
            },
            "Postgraduate": {
                "PostBachelor'sDiplomaOrCertificate": [],
                "Master'sDegree": [],
                "Doctor'sDegrees": [],
                "ResearchScholarship": [],
                "EducationSpecialistDegree": []
            }
        }
    },
    {
        "GeneralInformation": {
            "Address": {
                "Street": "Hero of Turkmenistan Atamyrat Nyyazov Street, 112",
                "City": "A\u0161ghabad",
                "Province": "N/A",
                "PostCode": "744027",
                "Website": "http://tdmai.edu.tm",
                "college_name": "Turkmen State Institute of Finance",
                "university_name": "T\u00fcrkmen d\u00f6wlet mali\u00fde instituty"
            },
            "InstitutionFunding": "Public",
            "History": "Created 2011",
            "AcademicYear": "September to June",
            "AdmissionRequirements": [],
            "Languages": [
                "Turkmen"
            ],
            "StudentBody": "N/A"
        },
        "Divisions": [
            {
                "College": "Accounting and Audit",
                "FieldsOfStudy": [
                    "Accountancy"
                ],
                "Details": "N/A"
            },
            {
                "College": "Banking",
                "FieldsOfStudy": [
                    "Banking",
                    "Insurance"
                ],
                "Details": "N/A"
            },
            {
                "College": "Finance",
                "FieldsOfStudy": [
                    "Economics",
                    "Finance",
                    "Modern Languages"
                ],
                "Details": "N/A"
            },
            {
                "College": "Taxes and Taxation",
                "FieldsOfStudy": [
                    "Taxation"
                ],
                "Details": "N/A"
            }
        ],
        "Degrees": {
            "Undergraduate": {
                "CertificateOrDiploma": [],
                "Bachelor'sDegree": []
            },
            "Postgraduate": {
                "PostBachelor'sDiplomaOrCertificate": [],
                "Master'sDegree": [],
                "Doctor'sDegrees": [],
                "ResearchScholarship": [],
                "EducationSpecialistDegree": []
            }
        }
    },
    {
        "GeneralInformation": {
            "Address": {
                "Street": "31 Turkmenbashy Avenue",
                "City": "Ashgabat City",
                "Province": "N/A",
                "PostCode": "744000",
                "Website": "https://tdu.edu.tm",
                "college_name": "Turkmen State University named after Magtymguly",
                "university_name": "Magtymguly Turkmen State University (TSU)"
            },
            "InstitutionFunding": "Public",
            "History": "Founded 1931 as Ashgabat Pedagogical Instutite, became Turkmen State University in 1950.",
            "AcademicYear": "September to July",
            "AdmissionRequirements": [
                "Competitive entrance examination following general or special secondary school certificate"
            ],
            "Languages": [
                "Turkmen"
            ],
            "StudentBody": "co-ed"
        },
        "Divisions": [
            {
                "College": "Biology",
                "FieldsOfStudy": [
                    "Biological and Life Sciences",
                    "Biology",
                    "Zoology"
                ],
                "Details": "N/A"
            },
            {
                "College": "Chemistry",
                "FieldsOfStudy": [
                    "Chemistry"
                ],
                "Details": "N/A"
            },
            {
                "College": "English Language and Literature",
                "FieldsOfStudy": [
                    "English"
                ],
                "Details": "N/A"
            },
            {
                "College": "Geography",
                "FieldsOfStudy": [
                    "Geography"
                ],
                "Details": "N/A"
            },
            {
                "College": "History",
                "FieldsOfStudy": [
                    "History",
                    "Oriental Studies",
                    "Political Sciences"
                ],
                "Details": "N/A"
            },
            {
                "College": "Information Technology",
                "FieldsOfStudy": [
                    "Information Technology"
                ],
                "Details": "N/A"
            },
            {
                "College": "Law",
                "FieldsOfStudy": [
                    "Civil Law",
                    "Constitutional Law",
                    "Criminal Law",
                    "Law"
                ],
                "Details": "N/A"
            },
            {
                "College": "Mathematics",
                "FieldsOfStudy": [
                    "Applied Mathematics",
                    "Computer Science",
                    "Mathematics"
                ],
                "Details": "N/A"
            },
            {
                "College": "Physics",
                "FieldsOfStudy": [
                    "Physics",
                    "Radiophysics"
                ],
                "Details": "N/A"
            },
            {
                "College": "Professional Development",
                "FieldsOfStudy": "N/A",
                "Details": "N/A"
            },
            {
                "College": "Roman-Germanic and Oriental Languages",
                "FieldsOfStudy": [
                    "Arabic",
                    "Chinese",
                    "French",
                    "German",
                    "Germanic Languages",
                    "Italian",
                    "Oriental Languages",
                    "Persian",
                    "Romance Languages",
                    "Turkish"
                ],
                "Details": "N/A"
            },
            {
                "College": "Turkmen Language and Literature",
                "FieldsOfStudy": [
                    "Native Language",
                    "Oriental Languages"
                ],
                "Details": "N/A"
            }
        ],
        "Degrees": {
            "Undergraduate": {
                "CertificateOrDiploma": [],
                "Bachelor'sDegree": []
            },
            "Postgraduate": {
                "PostBachelor'sDiplomaOrCertificate": [],
                "Master'sDegree": [],
                "Doctor'sDegrees": [],
                "ResearchScholarship": [],
                "EducationSpecialistDegree": []
            }
        }
    },
    {
        "GeneralInformation": {
            "Address": {
                "Street": "Archabil Avenue, 8",
                "City": "A\u0161ghabad",
                "Province": "N/A",
                "PostCode": "744036",
                "Website": "https://iogu.edu.tm",
                "college_name": "Yagshygeldi Kakayev International University of Oil and Gas",
                "university_name": "\u00ddag\u015fygeldi Kaka\u00fdew adyndaky Halkara nebit we gaz uniwersiteti"
            },
            "InstitutionFunding": "Public",
            "History": "Created in 1963 as Turkmen Politechnical Institute. Formerly known as Turkmen State Institute of Oil and Gas until 2012. Became International Oil and Gas University in 2013. February 12, 2021, the International Oil and Gas University was given the name of Yagshygeldi Kakayev, in connection with which it was renamed the Yagshygeldi Kakayev International Oil and Gas University",
            "AcademicYear": "Sep-Dec; Feb-May",
            "AdmissionRequirements": [
                "Secondary school certificate; entrance examination"
            ],
            "Languages": [
                "Turkmen"
            ],
            "StudentBody": "co-ed"
        },
        "Divisions": [
            {
                "College": "Oil Industry",
                "FieldsOfStudy": [
                    "Geological Engineering",
                    "Petroleum and Gas Engineering"
                ],
                "Details": "Balkanabat City"
            },
            {
                "College": "Teacher Training",
                "FieldsOfStudy": [
                    "Teacher Training",
                    "Technology Education"
                ],
                "Details": "N/A"
            },
            {
                "College": "Chemical Technology and Ecology",
                "FieldsOfStudy": [
                    "Chemical Engineering",
                    "Environmental Engineering"
                ],
                "Details": "N/A"
            },
            {
                "College": "Digital Technology and Cybersecurity",
                "FieldsOfStudy": [
                    "Computer Engineering",
                    "Information Management"
                ],
                "Details": "N/A"
            },
            {
                "College": "Economics and Management",
                "FieldsOfStudy": [
                    "Administration",
                    "Computer Engineering",
                    "Economics",
                    "Finance",
                    "Management"
                ],
                "Details": "N/A"
            },
            {
                "College": "Energy Engineering",
                "FieldsOfStudy": [
                    "Electrical Engineering",
                    "Energy Engineering",
                    "Mechanical Engineering",
                    "Power Engineering"
                ],
                "Details": "N/A"
            },
            {
                "College": "Geology",
                "FieldsOfStudy": [
                    "Geological Engineering",
                    "Geology"
                ],
                "Details": "N/A"
            },
            {
                "College": "Oil and Gas",
                "FieldsOfStudy": [
                    "Petroleum and Gas Engineering"
                ],
                "Details": "N/A"
            }
        ],
        "Degrees": {
            "Undergraduate": {
                "CertificateOrDiploma": [],
                "Bachelor'sDegree": []
            },
            "Postgraduate": {
                "PostBachelor'sDiplomaOrCertificate": [],
                "Master'sDegree": [],
                "Doctor'sDegrees": [],
                "ResearchScholarship": [],
                "EducationSpecialistDegree": []
            }
        }
    },
    {
        "GeneralInformation": {
            "Address": {
                "Street": "Galkynysh street, 25",
                "City": "A\u0161ghabad",
                "Province": "N/A",
                "PostCode": "744000",
                "Website": "https://www.iirmfa.edu.tm",
                "college_name": "Institute of International Relations of the Ministry of Foreign Affairs of Turkmenistan",
                "university_name": "T\u00fcrkmenistany\u0148 Da\u015fary i\u015fler ministrligini\u0148 Halkara gatna\u015fyklary instituty"
            },
            "InstitutionFunding": "Public",
            "History": "Founded 2008",
            "AcademicYear": "September to June",
            "AdmissionRequirements": [],
            "Languages": [
                "Turkmen"
            ],
            "StudentBody": "N/A"
        },
        "Divisions": [
            {
                "College": "International Economic Relations",
                "FieldsOfStudy": [
                    "International Economics",
                    "Management"
                ],
                "Details": "N/A"
            },
            {
                "College": "International Journalism",
                "FieldsOfStudy": [
                    "Journalism"
                ],
                "Details": "N/A"
            },
            {
                "College": "International Law",
                "FieldsOfStudy": [
                    "International Law"
                ],
                "Details": "N/A"
            },
            {
                "College": "International Relations",
                "FieldsOfStudy": [
                    "International Relations and Diplomacy"
                ],
                "Details": "N/A"
            }
        ],
        "Degrees": {
            "Undergraduate": {
                "CertificateOrDiploma": [],
                "Bachelor'sDegree": []
            },
            "Postgraduate": {
                "PostBachelor'sDiplomaOrCertificate": [],
                "Master'sDegree": [],
                "Doctor'sDegrees": [],
                "ResearchScholarship": [],
                "EducationSpecialistDegree": []
            }
        }
    },
    {
        "GeneralInformation": {
            "Address": {
                "Street": "ul.Pushkina, 22",
                "City": "A\u0161ghabad",
                "Province": "N/A",
                "PostCode": "744000",
                "Website": "https://tmk.edu.tm",
                "college_name": "Turkmen National Conservatory named after Maya Kuliyeva",
                "university_name": "Ma\u00fda Kuly\u00fdewa adyndaky T\u00fcrkmen milli konserwatori\u00fdasy"
            },
            "InstitutionFunding": "Public",
            "History": "Founded 1935 as Arts College for Musicians and Artists, became the National Conservatory in 1993 and acquired current title and status 2019.",
            "AcademicYear": "N/A",
            "AdmissionRequirements": [],
            "Languages": [
                "Turkmen"
            ],
            "StudentBody": "N/A"
        },
        "Divisions": [
            {
                "College": "Composition, Musicology and Piano",
                "FieldsOfStudy": [
                    "Music Theory and Composition",
                    "Musical Instruments",
                    "Musicology"
                ],
                "Details": "N/A"
            },
            {
                "College": "Folk Music",
                "FieldsOfStudy": [
                    "Music",
                    "Music Education",
                    "Musical Instruments",
                    "Singing"
                ],
                "Details": "N/A"
            },
            {
                "College": "Orchestral Musical Instruments",
                "FieldsOfStudy": [
                    "Musical Instruments"
                ],
                "Details": "N/A"
            },
            {
                "College": "Singing, Conducting and Music Pedagogy",
                "FieldsOfStudy": [
                    "Conducting",
                    "Music Education",
                    "Singing"
                ],
                "Details": "N/A"
            }
        ],
        "Degrees": {
            "Undergraduate": {
                "CertificateOrDiploma": [],
                "Bachelor'sDegree": []
            },
            "Postgraduate": {
                "PostBachelor'sDiplomaOrCertificate": [],
                "Master'sDegree": [],
                "Doctor'sDegrees": [],
                "ResearchScholarship": [],
                "EducationSpecialistDegree": []
            }
        }
    },
    {
        "GeneralInformation": {
            "Address": {
                "Street": "90 Alishir Nowai (2002) Street",
                "City": "A\u0161ghabad",
                "Province": "N/A",
                "PostCode": "744012",
                "Website": "https://tdca.edu.tm",
                "college_name": "Turkmen State Academy of Fine Arts",
                "university_name": "T\u00fcrkmenistany\u0148 d\u00f6wlet \u00e7eper\u00e7ilik akademi\u00fdasy"
            },
            "InstitutionFunding": "Public",
            "History": "Founded 1994",
            "AcademicYear": "N/A",
            "AdmissionRequirements": [],
            "Languages": [
                "Turkmen"
            ],
            "StudentBody": "N/A"
        },
        "Divisions": [
            {
                "College": "Architecture and Design",
                "FieldsOfStudy": [
                    "Architecture",
                    "Design"
                ],
                "Details": "N/A"
            },
            {
                "College": "Decorative and Applied Art",
                "FieldsOfStudy": [
                    "Graphic Arts"
                ],
                "Details": "N/A"
            },
            {
                "College": "Fine Art",
                "FieldsOfStudy": [
                    "Art History",
                    "Fine Arts",
                    "Graphic Arts",
                    "Painting and Drawing",
                    "Sculpture"
                ],
                "Details": "N/A"
            }
        ],
        "Degrees": {
            "Undergraduate": {
                "CertificateOrDiploma": [],
                "Bachelor'sDegree": []
            },
            "Postgraduate": {
                "PostBachelor'sDiplomaOrCertificate": [],
                "Master'sDegree": [],
                "Doctor'sDegrees": [],
                "ResearchScholarship": [],
                "EducationSpecialistDegree": []
            }
        }
    },
    {
        "GeneralInformation": {
            "Address": {
                "Street": "Maghtymghuly Ave., 4",
                "City": "A\u0161ghabad",
                "Province": "N/A",
                "PostCode": "744000",
                "Website": "https://tdmi.edu.tm",
                "college_name": "Turkmen State Institute of Culture",
                "university_name": "T\u00fcrkmen d\u00f6wlet medeni\u00fdet instituty"
            },
            "InstitutionFunding": "Public",
            "History": "Created 1992",
            "AcademicYear": "N/A",
            "AdmissionRequirements": [],
            "Languages": [
                "Turkmen"
            ],
            "StudentBody": "N/A"
        },
        "Divisions": [
            {
                "College": "Acting",
                "FieldsOfStudy": [
                    "Acting",
                    "Cinema and Television",
                    "Radio and Television Broadcasting",
                    "Theatre"
                ],
                "Details": "N/A"
            },
            {
                "College": "Cultral Events",
                "FieldsOfStudy": [
                    "Cultural Studies",
                    "Folklore",
                    "Restoration of Works of Art"
                ],
                "Details": "N/A"
            },
            {
                "College": "Library and Museum Management",
                "FieldsOfStudy": [
                    "Information Management",
                    "Library Science",
                    "Museum Management"
                ],
                "Details": "N/A"
            }
        ],
        "Degrees": {
            "Undergraduate": {
                "CertificateOrDiploma": [],
                "Bachelor'sDegree": []
            },
            "Postgraduate": {
                "PostBachelor'sDiplomaOrCertificate": [],
                "Master'sDegree": [],
                "Doctor'sDegrees": [],
                "ResearchScholarship": [],
                "EducationSpecialistDegree": []
            }
        }
    },
    {
        "GeneralInformation": {
            "Address": {
                "Street": "Hero of Turkmenistan Atamyrat Niyazov St., 243",
                "City": "A\u0161ghabad",
                "Province": "N/A",
                "PostCode": "744001",
                "Website": "https://tdbsi.edu.tm",
                "college_name": "Turkmen State Institute of Physical Education and Sports",
                "university_name": "T\u00fcrkmen d\u00f6wlet bedenterbi\u00fde we sport instituty (NIST)"
            },
            "InstitutionFunding": "Public",
            "History": "Founded 2000",
            "AcademicYear": "N/A",
            "AdmissionRequirements": [],
            "Languages": [
                "Turkmen"
            ],
            "StudentBody": "N/A"
        },
        "Divisions": [
            {
                "College": "Olympic Sport",
                "FieldsOfStudy": [
                    "Sports"
                ],
                "Details": "N/A"
            },
            {
                "College": "Physical Education",
                "FieldsOfStudy": [
                    "Journalism",
                    "Physical Education",
                    "Public Health",
                    "Sports"
                ],
                "Details": "N/A"
            },
            {
                "College": "Sports",
                "FieldsOfStudy": [
                    "Sports"
                ],
                "Details": "N/A"
            }
        ],
        "Degrees": {
            "Undergraduate": {
                "CertificateOrDiploma": [],
                "Bachelor'sDegree": []
            },
            "Postgraduate": {
                "PostBachelor'sDiplomaOrCertificate": [],
                "Master'sDegree": [],
                "Doctor'sDegrees": [],
                "ResearchScholarship": [],
                "EducationSpecialistDegree": []
            }
        }
    },
    {
        "GeneralInformation": {
            "Address": {
                "Street": "Shabende St., 7",
                "City": "Turkmenabat",
                "Province": "Lebap",
                "PostCode": "746000",
                "Website": "https://www.tdmugi.edu.tm",
                "college_name": "Turkmen State Pedagogical Institute named after S.Seydi",
                "university_name": "Se\u00fditnazar Se\u00fddi adyndaky T\u00fcrkmen d\u00f6wlet mugallym\u00e7ylyk instituty"
            },
            "InstitutionFunding": "Public",
            "History": "N/A",
            "AcademicYear": "N/A",
            "AdmissionRequirements": [],
            "Languages": [
                "Turkmen"
            ],
            "StudentBody": "N/A"
        },
        "Divisions": [
            {
                "College": "History and Geography",
                "FieldsOfStudy": [
                    "History",
                    "Primary Education",
                    "Psychology"
                ],
                "Details": "N/A"
            },
            {
                "College": "Language and Literature",
                "FieldsOfStudy": [
                    "English",
                    "Literature",
                    "Oriental Languages"
                ],
                "Details": "N/A"
            },
            {
                "College": "Natural Sciences and Mathematics",
                "FieldsOfStudy": [
                    "Biology",
                    "Chemistry",
                    "Geography",
                    "Mathematics",
                    "Physics"
                ],
                "Details": "N/A"
            }
        ],
        "Degrees": {
            "Undergraduate": {
                "CertificateOrDiploma": [],
                "Bachelor'sDegree": []
            },
            "Postgraduate": {
                "PostBachelor'sDiplomaOrCertificate": [],
                "Master'sDegree": [],
                "Doctor'sDegrees": [],
                "ResearchScholarship": [],
                "EducationSpecialistDegree": []
            }
        }
    }
]