[
    {
        "GeneralInformation": {
            "Address": {
                "Street": "550 University Avenue",
                "City": "Charlottetown",
                "Province": "Prince Edward Island",
                "PostCode": "C1A 4P3",
                "Website": "http://www.upei.ca",
                "college_name": "University of Prince Edward Island",
                "university_name": "(UPEI)"
            },
            "InstitutionFunding": "Public",
            "History": "Founded 1969, a public, non-denominational university, formed by the merger of 2 institutions of higher learning, Prince of Wales College (founded 1834) and Saint Dunstan's University (founded 1855). Faculty of Veterinary Science established 1986.",
            "AcademicYear": "September to April (September-December; January-April)",
            "AdmissionRequirements": [
                "Secondary school certificate or recognized foreign equivalent"
            ],
            "Languages": [
                "English"
            ],
            "StudentBody": "co-ed"
        },
        "Divisions": [
            {
                "College": "Arts",
                "FieldsOfStudy": [
                    "Ancient Civilizations",
                    "Anthropology",
                    "Arts and Humanities",
                    "Asian Studies",
                    "Canadian Studies",
                    "Classical Languages",
                    "Development Studies",
                    "Economics",
                    "English",
                    "Environmental Studies",
                    "Fine Arts",
                    "French",
                    "German",
                    "Greek (Classical)",
                    "History",
                    "Island Studies",
                    "Journalism",
                    "Latin",
                    "Modern Languages",
                    "Music",
                    "Music Education",
                    "Philosophy",
                    "Political Sciences",
                    "Psychology",
                    "Public Administration",
                    "Religious Studies",
                    "Sociology",
                    "Spanish",
                    "Theatre",
                    "Women's Studies",
                    "Writing"
                ],
                "Details": "N/A"
            },
            {
                "College": "Education",
                "FieldsOfStudy": [
                    "Adult Education",
                    "Education",
                    "Human Resources",
                    "International and Comparative Education",
                    "Leadership",
                    "Library Science",
                    "Natives Education"
                ],
                "Details": "N/A"
            },
            {
                "College": "Graduate Studies",
                "FieldsOfStudy": [
                    "Business Administration",
                    "Education",
                    "Environmental Studies",
                    "Health Sciences",
                    "Island Studies",
                    "Leadership",
                    "Management",
                    "Materials Engineering",
                    "Molecular Biology",
                    "Veterinary Science"
                ],
                "Details": "N/A"
            },
            {
                "College": "Science",
                "FieldsOfStudy": [
                    "Biology",
                    "Business Administration",
                    "Chemistry",
                    "Computer Science",
                    "Engineering",
                    "Environmental Studies",
                    "Family Studies",
                    "Information Technology",
                    "Mathematics",
                    "Nutrition",
                    "Physics",
                    "Psychology",
                    "Radiology",
                    "Statistics",
                    "Veterinary Science"
                ],
                "Details": "N/A"
            },
            {
                "College": "Veterinary",
                "FieldsOfStudy": [
                    "Anaesthesiology",
                    "Animal Husbandry",
                    "Biomedicine",
                    "Cardiology",
                    "Cell Biology",
                    "Endocrinology",
                    "Environmental Studies",
                    "Epidemiology",
                    "Health Administration",
                    "Health Sciences",
                    "Immunology",
                    "Microbiology",
                    "Molecular Biology",
                    "Neurosciences",
                    "Parasitology",
                    "Pathology",
                    "Physiology",
                    "Public Health",
                    "Surgery",
                    "Toxicology",
                    "Veterinary Science",
                    "Virology",
                    "Zoology"
                ],
                "Details": "Atlantic Veterinary College\u2019s - AVC"
            },
            {
                "College": "Business",
                "FieldsOfStudy": [
                    "Accountancy",
                    "Business Administration",
                    "Hotel and Restaurant",
                    "International Business",
                    "Management",
                    "Tourism"
                ],
                "Details": "N/A"
            },
            {
                "College": "Nursing",
                "FieldsOfStudy": [
                    "Nursing"
                ],
                "Details": "N/A"
            }
        ],
        "Degrees": {
            "Undergraduate": {
                "CertificateOrDiploma": "N/A",
                "Bachelor'sDegree": "N/A"
            },
            "Postgraduate": {
                "PostBachelor'sDiplomaOrCertificate": [],
                "Master'sDegree": [
                    "Business Administration",
                    "Education",
                    "Health Sciences",
                    "Island Studies",
                    "Natural Sciences",
                    "Nursing",
                    "Veterinary Science"
                ],
                "Doctor'sDegrees": [
                    "Education",
                    "Veterinary Science"
                ],
                "ResearchScholarship": [],
                "EducationSpecialistDegree": []
            }
        }
    }
]