[
    {
        "GeneralInformation": {
            "Address": {
                "Street": "Boulevard Kennedy, V-782, frente a Residencial Honduras",
                "City": "Tegucigalpa",
                "Province": "Francisco Moraz\u00e1n",
                "PostCode": "N/A",
                "Website": "https://www.unitec.edu",
                "college_name": "Central American Technological University",
                "university_name": "Universidad Tecnol\u00f3gica Centroamericana (UNITEC)"
            },
            "InstitutionFunding": "Private",
            "History": "Founded 1986",
            "AcademicYear": "N/A",
            "AdmissionRequirements": [
                "Diploma de Bachiller en Ciencias y Letras, Perito Mercantil, Maestro, Bachiller en Computaci\u00f3n"
            ],
            "Languages": [
                "Spanish"
            ],
            "StudentBody": "co-ed"
        },
        "Divisions": [
            {
                "College": "La Ceiba",
                "FieldsOfStudy": [
                    "Business Administration",
                    "Engineering",
                    "Social Sciences"
                ],
                "Details": "N/A"
            },
            {
                "College": "San Pedro Sula",
                "FieldsOfStudy": [
                    "Business Administration",
                    "Economics"
                ],
                "Details": "N/A"
            },
            {
                "College": "Technological University Centre (CEUTEC)",
                "FieldsOfStudy": [
                    "Sites in Tegucigalpa",
                    "San Pedro Sula",
                    "La Ceiba"
                ],
                "Details": "N/A"
            },
            {
                "College": "Administrative and Social Sciences",
                "FieldsOfStudy": [
                    "Administration",
                    "Finance",
                    "International Relations and Diplomacy",
                    "Law",
                    "Marketing",
                    "Psychology",
                    "Tourism"
                ],
                "Details": "N/A"
            },
            {
                "College": "Engineering",
                "FieldsOfStudy": [
                    "Architecture",
                    "Biomedical Engineering",
                    "Civil Engineering",
                    "Computer Engineering",
                    "Electronic Engineering",
                    "Energy Engineering",
                    "Industrial Engineering",
                    "Mechanical Engineering",
                    "Telecommunications Engineering"
                ],
                "Details": "N/A"
            },
            {
                "College": "Health Sciences",
                "FieldsOfStudy": [
                    "Dentistry",
                    "Medicine",
                    "Nutrition"
                ],
                "Details": "N/A"
            },
            {
                "College": "Postgraduate Studies",
                "FieldsOfStudy": [
                    "Business Administration",
                    "Commercial Law",
                    "Communication Studies",
                    "Development Studies",
                    "Economics",
                    "Energy Engineering",
                    "Finance",
                    "Human Resources",
                    "Information Technology",
                    "International Business",
                    "Marketing",
                    "Safety Engineering",
                    "Transport Management"
                ],
                "Details": "N/A"
            },
            {
                "College": "Art and Design",
                "FieldsOfStudy": [
                    "Design",
                    "Fine Arts"
                ],
                "Details": "N/A"
            }
        ],
        "Degrees": {
            "Undergraduate": {
                "CertificateOrDiploma": [],
                "Bachelor'sDegree": []
            },
            "Postgraduate": {
                "PostBachelor'sDiplomaOrCertificate": [],
                "Master'sDegree": [],
                "Doctor'sDegrees": [
                    "Business Administration",
                    "Economics"
                ],
                "ResearchScholarship": [],
                "EducationSpecialistDegree": []
            }
        }
    },
    {
        "GeneralInformation": {
            "Address": {
                "Street": "Col. Palmira, Ave. Rep. de Chile, Torre 214",
                "City": "Tegucigalpa",
                "Province": "Francisco Moraz\u00e1n",
                "PostCode": "N/A",
                "Website": "https://www.cedac.edu.hn",
                "college_name": "Centre for Design, Architecture and Construction",
                "university_name": "Centro de Dise\u00f1o, Arquitectura y Construcci\u00f3n (CEDAC)"
            },
            "InstitutionFunding": "Private",
            "History": "Founded 1996",
            "AcademicYear": "N/A",
            "AdmissionRequirements": [],
            "Languages": [
                "Spanish"
            ],
            "StudentBody": "co-ed"
        },
        "Divisions": [
            {
                "College": "San Pedro Sula",
                "FieldsOfStudy": "N/A",
                "Details": "N/A"
            },
            {
                "College": "Architecture",
                "FieldsOfStudy": [
                    "Architecture"
                ],
                "Details": "N/A"
            },
            {
                "College": "Graphic Design",
                "FieldsOfStudy": [
                    "Graphic Design"
                ],
                "Details": "N/A"
            },
            {
                "College": "Interior Design",
                "FieldsOfStudy": [
                    "Interior Design"
                ],
                "Details": "N/A"
            }
        ],
        "Degrees": {
            "Undergraduate": {
                "CertificateOrDiploma": [],
                "Bachelor'sDegree": []
            },
            "Postgraduate": {
                "PostBachelor'sDiplomaOrCertificate": [],
                "Master'sDegree": [],
                "Doctor'sDegrees": [],
                "ResearchScholarship": [],
                "EducationSpecialistDegree": []
            }
        }
    },
    {
        "GeneralInformation": {
            "Address": {
                "Street": "Col. Sat\u00e9lite 5 Etapa",
                "City": "San Pedro Sula",
                "Province": "Cort\u00e9s",
                "PostCode": "N/A",
                "Website": "http://www.ucrishedu.org",
                "college_name": "Christian University of Honduras",
                "university_name": "Universidad Cristiana de Honduras (UCRISH)"
            },
            "InstitutionFunding": "Private",
            "History": "Founded 2004",
            "AcademicYear": "N/A",
            "AdmissionRequirements": [],
            "Languages": [
                "Spanish"
            ],
            "StudentBody": "N/A"
        },
        "Divisions": [
            {
                "College": "Catacamas",
                "FieldsOfStudy": "N/A",
                "Details": "N/A"
            },
            {
                "College": "Comayagua",
                "FieldsOfStudy": "N/A",
                "Details": "N/A"
            },
            {
                "College": "Copan Ruinas",
                "FieldsOfStudy": "N/A",
                "Details": "N/A"
            },
            {
                "College": "El Progreso",
                "FieldsOfStudy": "N/A",
                "Details": "N/A"
            },
            {
                "College": "Gracias, Lempira",
                "FieldsOfStudy": "N/A",
                "Details": "N/A"
            },
            {
                "College": "Olanchito",
                "FieldsOfStudy": "N/A",
                "Details": "N/A"
            },
            {
                "College": "Yoro",
                "FieldsOfStudy": "N/A",
                "Details": "N/A"
            },
            {
                "College": "Business Administration",
                "FieldsOfStudy": [
                    "Business Administration"
                ],
                "Details": "N/A"
            },
            {
                "College": "Clinical Laboratory Technician",
                "FieldsOfStudy": [
                    "Laboratory Techniques"
                ],
                "Details": "N/A"
            },
            {
                "College": "Computer Engineering",
                "FieldsOfStudy": [
                    "Computer Engineering"
                ],
                "Details": "N/A"
            },
            {
                "College": "Industrial Engineering",
                "FieldsOfStudy": [
                    "Industrial Engineering"
                ],
                "Details": "N/A"
            },
            {
                "College": "Law (Lawyer Professional Title)",
                "FieldsOfStudy": [
                    "Law"
                ],
                "Details": "N/A"
            },
            {
                "College": "Marketing",
                "FieldsOfStudy": [
                    "Marketing"
                ],
                "Details": "N/A"
            },
            {
                "College": "Psychology",
                "FieldsOfStudy": [
                    "Psychology"
                ],
                "Details": "N/A"
            },
            {
                "College": "Theology",
                "FieldsOfStudy": [
                    "Theology"
                ],
                "Details": "N/A"
            }
        ],
        "Degrees": {
            "Undergraduate": {
                "CertificateOrDiploma": [],
                "Bachelor'sDegree": []
            },
            "Postgraduate": {
                "PostBachelor'sDiplomaOrCertificate": [],
                "Master'sDegree": [],
                "Doctor'sDegrees": [],
                "ResearchScholarship": [],
                "EducationSpecialistDegree": []
            }
        }
    },
    {
        "GeneralInformation": {
            "Address": {
                "Street": "Colonia el Dorado\nFrente a Plaza Miraflores",
                "City": "Tegucigalpa",
                "Province": "Francisco Moraz\u00e1n",
                "PostCode": "N/A",
                "Website": "https://www.upnfm.edu.hn",
                "college_name": "Francisco Moraz\u00e1n National Pedagogical University, Tegucigalpa",
                "university_name": "Universidad Pedag\u00f3gica Nacional Francisco Moraz\u00e1n (UPNFM)"
            },
            "InstitutionFunding": "Public",
            "History": "Founded 1989 in co-operation with UNESCO, on the basis of Escuela Superior del Profesorado Francisco Moraz\u00e1n, an institution founded 1956. Financed by the central Government. Under the jurisdiction of the Consejo de Educaci\u00f3n Superior and the Government",
            "AcademicYear": "February to November (February-May; June-July; August-November)",
            "AdmissionRequirements": [
                "Secondary school certificate (T\u00edtulo de Educaci\u00f3n Secundaria de Bachillerato en Ciencias y Letras)"
            ],
            "Languages": [
                "Spanish"
            ],
            "StudentBody": "co-ed"
        },
        "Divisions": [
            {
                "College": "La Ceiba Regional University Centre (CURCEI)",
                "FieldsOfStudy": [
                    "Arts and Humanities",
                    "Modern Languages",
                    "Teacher Training"
                ],
                "Details": "N/A"
            },
            {
                "College": "San Pedro Sula Regional University Centre (CURSPS)",
                "FieldsOfStudy": [
                    "Industrial Arts Education",
                    "Technology Education"
                ],
                "Details": "N/A"
            },
            {
                "College": "Santa Rosa de Cop\u00e1n Regional University Centre (CURSRC)",
                "FieldsOfStudy": [
                    "Educational Administration",
                    "Educational Technology",
                    "Foreign Languages Education",
                    "Mathematics",
                    "Native Language Education",
                    "Natural Sciences",
                    "Primary Education",
                    "Social Sciences"
                ],
                "Details": "N/A"
            },
            {
                "College": "Distance Education (CUED)",
                "FieldsOfStudy": [
                    "Business Administration",
                    "Educational Sciences",
                    "Food Technology",
                    "Industrial Engineering",
                    "Literature",
                    "Mathematics",
                    "Modern Languages",
                    "Natural Sciences",
                    "Social Sciences",
                    "Textile Technology"
                ],
                "Details": "N/A"
            },
            {
                "College": "Continuing Education (UPNFM-PFC)",
                "FieldsOfStudy": [
                    "Primary Education"
                ],
                "Details": "N/A"
            },
            {
                "College": "Initial Teacher Training (UPNFM-FID)",
                "FieldsOfStudy": [
                    "Teacher Training"
                ],
                "Details": "N/A"
            },
            {
                "College": "Permanent Training Programme (PFP-PREUFOD)",
                "FieldsOfStudy": [
                    "Educational Administration",
                    "Educational Technology",
                    "Preschool Education"
                ],
                "Details": "N/A"
            },
            {
                "College": "Humanities (FAHU)",
                "FieldsOfStudy": [
                    "Educational Administration",
                    "Educational and Student Counselling",
                    "Educational Sciences",
                    "Foreign Languages Education",
                    "Humanities and Social Science Education",
                    "Literature",
                    "Modern Languages",
                    "Music",
                    "Native Language Education",
                    "Physical Education",
                    "Preschool Education",
                    "Social Sciences",
                    "Special Education",
                    "Sports",
                    "Theatre",
                    "Visual Arts"
                ],
                "Details": "N/A"
            },
            {
                "College": "Sciences and Technology (FACYT)",
                "FieldsOfStudy": [
                    "Business and Commerce",
                    "Food Technology",
                    "Hotel Management",
                    "Industrial Engineering",
                    "Mathematics",
                    "Natural Sciences",
                    "Textile Technology",
                    "Tourism"
                ],
                "Details": "N/A"
            },
            {
                "College": "Cooperation and Development (INCODER)",
                "FieldsOfStudy": "N/A",
                "Details": "N/A"
            },
            {
                "College": "Educational and Social Research and Evaluation (INIEES)",
                "FieldsOfStudy": [
                    "Educational Testing and Evaluation",
                    "Social Sciences"
                ],
                "Details": "N/A"
            },
            {
                "College": "Technological Innovation (IINTEC)",
                "FieldsOfStudy": "N/A",
                "Details": "N/A"
            }
        ],
        "Degrees": {
            "Undergraduate": {
                "CertificateOrDiploma": [],
                "Bachelor'sDegree": []
            },
            "Postgraduate": {
                "PostBachelor'sDiplomaOrCertificate": [],
                "Master'sDegree": [],
                "Doctor'sDegrees": [
                    "Education"
                ],
                "ResearchScholarship": [],
                "EducationSpecialistDegree": []
            }
        }
    },
    {
        "GeneralInformation": {
            "Address": {
                "Street": "El Ocotal",
                "City": "Tegucigalpa",
                "Province": "Francisco Moraz\u00e1n",
                "PostCode": "N/A",
                "Website": "https://udh.edu.hn",
                "college_name": "Honduras Defense University",
                "university_name": "Universidad de Defensa de Honduras (UDH)"
            },
            "InstitutionFunding": "Public",
            "History": "Founded 2005, trains military and civilian professionals",
            "AcademicYear": "N/A",
            "AdmissionRequirements": [],
            "Languages": [
                "Spanish"
            ],
            "StudentBody": "N/A"
        },
        "Divisions": [
            {
                "College": "Central",
                "FieldsOfStudy": "N/A",
                "Details": "N/A"
            },
            {
                "College": "Air",
                "FieldsOfStudy": [
                    "Aeronautical and Aerospace Engineering",
                    "Military Science"
                ],
                "Details": "N/A"
            },
            {
                "College": "Land",
                "FieldsOfStudy": [
                    "Military Science"
                ],
                "Details": "N/A"
            },
            {
                "College": "Naval",
                "FieldsOfStudy": [
                    "Military Science",
                    "Nautical Science"
                ],
                "Details": "N/A"
            }
        ],
        "Degrees": {
            "Undergraduate": {
                "CertificateOrDiploma": [],
                "Bachelor'sDegree": []
            },
            "Postgraduate": {
                "PostBachelor'sDiplomaOrCertificate": [],
                "Master'sDegree": [],
                "Doctor'sDegrees": [],
                "ResearchScholarship": [],
                "EducationSpecialistDegree": []
            }
        }
    },
    {
        "GeneralInformation": {
            "Address": {
                "Street": "Aaldea la Ca\u00f1ada",
                "City": "Tegucigalpa",
                "Province": "Francisco Moraz\u00e1n",
                "PostCode": "N/A",
                "Website": "https://unph.edu.hn",
                "college_name": "Honduras National Police University",
                "university_name": "Universidad Nacional de la Polic\u00eda de Honduras (UNPH)"
            },
            "InstitutionFunding": "Public",
            "History": "Founded 1996 as Instituto Superior de Educaci\u00f3n Policial (ISEP). Acquired current status and title 2009",
            "AcademicYear": "N/A",
            "AdmissionRequirements": [],
            "Languages": [
                "Spanish"
            ],
            "StudentBody": "N/A"
        },
        "Divisions": [
            {
                "College": "Administration",
                "FieldsOfStudy": [
                    "Administration"
                ],
                "Details": "N/A"
            },
            {
                "College": "General Studies",
                "FieldsOfStudy": [
                    "Arts and Humanities"
                ],
                "Details": "N/A"
            },
            {
                "College": "Law",
                "FieldsOfStudy": [
                    "Law"
                ],
                "Details": "N/A"
            },
            {
                "College": "Police Studies",
                "FieldsOfStudy": [
                    "Police Studies"
                ],
                "Details": "N/A"
            },
            {
                "College": "Social Studies",
                "FieldsOfStudy": [
                    "Social Studies"
                ],
                "Details": "N/A"
            },
            {
                "College": "Postgraduate Studies",
                "FieldsOfStudy": [
                    "Criminology",
                    "Protective Services",
                    "Public Administration"
                ],
                "Details": "N/A"
            }
        ],
        "Degrees": {
            "Undergraduate": {
                "CertificateOrDiploma": [],
                "Bachelor'sDegree": []
            },
            "Postgraduate": {
                "PostBachelor'sDiplomaOrCertificate": [],
                "Master'sDegree": [],
                "Doctor'sDegrees": [],
                "ResearchScholarship": [],
                "EducationSpecialistDegree": []
            }
        }
    },
    {
        "GeneralInformation": {
            "Address": {
                "Street": "Bulevard Las Torres, Col. Villas del Sol",
                "City": "San Pedro Sula",
                "Province": "Cort\u00e9s",
                "PostCode": "N/A",
                "Website": "https://ujn.edu.hn",
                "college_name": "Jesus of Nazareth University",
                "university_name": "Universidad Jes\u00fas de Nazareth (UJN)"
            },
            "InstitutionFunding": "Private",
            "History": "Founded 2004. Formerly known as Instituto Superior Tecnol\u00f3gico Jes\u00fas de Nazareth",
            "AcademicYear": "N/A",
            "AdmissionRequirements": [],
            "Languages": [
                "Spanish"
            ],
            "StudentBody": "N/A"
        },
        "Divisions": [
            {
                "College": "Business Administration",
                "FieldsOfStudy": [
                    "Business Administration"
                ],
                "Details": "N/A"
            },
            {
                "College": "Computer Engineering",
                "FieldsOfStudy": [
                    "Computer Engineering"
                ],
                "Details": "N/A"
            },
            {
                "College": "Electronic Engineering",
                "FieldsOfStudy": [
                    "Electronic Engineering"
                ],
                "Details": "N/A"
            },
            {
                "College": "Industrial and Systems Engineering",
                "FieldsOfStudy": [
                    "Industrial Engineering"
                ],
                "Details": "N/A"
            },
            {
                "College": "Public Accounting and Finance",
                "FieldsOfStudy": [
                    "Accountancy",
                    "Finance"
                ],
                "Details": "N/A"
            }
        ],
        "Degrees": {
            "Undergraduate": {
                "CertificateOrDiploma": [],
                "Bachelor'sDegree": []
            },
            "Postgraduate": {
                "PostBachelor'sDiplomaOrCertificate": [],
                "Master'sDegree": [],
                "Doctor'sDegrees": [],
                "ResearchScholarship": [],
                "EducationSpecialistDegree": []
            }
        }
    },
    {
        "GeneralInformation": {
            "Address": {
                "Street": "Colonia Humuya, Avenida Altiplano\nCalle Poseid\u00f3n",
                "City": "Tegucigalpa",
                "Province": "Francisco Moraz\u00e1n",
                "PostCode": "N/A",
                "Website": "http://www.ujcv.edu.hn",
                "college_name": "Jos\u00e9 Cecilio del Valle University, Tegucigalpa",
                "university_name": "Universidad Jos\u00e9 Cecilio del Valle (UJCV)"
            },
            "InstitutionFunding": "Private",
            "History": "Founded 1978. A private autonomous institution financially supported by tuition fees and donations",
            "AcademicYear": "January to December (January-March; April-June; July-September; October-December)",
            "AdmissionRequirements": [
                "Secondary school certificate (bachillerato)"
            ],
            "Languages": [
                "Spanish"
            ],
            "StudentBody": "co-ed"
        },
        "Divisions": [
            {
                "College": "Comayagua",
                "FieldsOfStudy": "N/A",
                "Details": "N/A"
            },
            {
                "College": "Economics and Social Sciences",
                "FieldsOfStudy": [
                    "Accountancy",
                    "Administration",
                    "Advertising and Publicity",
                    "Business Administration",
                    "Communication Arts",
                    "Finance",
                    "Graphic Design",
                    "Interior Design",
                    "International Business",
                    "Journalism",
                    "Law",
                    "Management",
                    "Marketing",
                    "Tourism"
                ],
                "Details": "N/A"
            },
            {
                "College": "Engineering and Architecture",
                "FieldsOfStudy": [
                    "Agricultural Engineering",
                    "Architecture",
                    "Civil Engineering",
                    "Computer Science",
                    "Construction Engineering",
                    "Forestry",
                    "Industrial Engineering",
                    "Information Technology"
                ],
                "Details": "N/A"
            }
        ],
        "Degrees": {
            "Undergraduate": {
                "CertificateOrDiploma": [],
                "Bachelor'sDegree": []
            },
            "Postgraduate": {
                "PostBachelor'sDiplomaOrCertificate": [],
                "Master'sDegree": [],
                "Doctor'sDegrees": [],
                "ResearchScholarship": [],
                "EducationSpecialistDegree": []
            }
        }
    },
    {
        "GeneralInformation": {
            "Address": {
                "Street": "Plaza COLPROSUMAH, Cruce del Blvd. Centro Am\u00e9rica y Suyapa\ncontiguo a casa presidencial, lado posterior",
                "City": "Tegucigalpa",
                "Province": "Francisco Moraz\u00e1n",
                "PostCode": "N/A",
                "Website": "https://www.unimetro.edu.hn",
                "college_name": "Metropolitan University of Honduras",
                "university_name": "Universidad Metropolitana de Honduras (UMH)"
            },
            "InstitutionFunding": "Private",
            "History": "Founded 2002",
            "AcademicYear": "N/A",
            "AdmissionRequirements": [],
            "Languages": [
                "Spanish"
            ],
            "StudentBody": "N/A"
        },
        "Divisions": [
            {
                "College": "Campamento",
                "FieldsOfStudy": "N/A",
                "Details": "N/A"
            },
            {
                "College": "Choluteca",
                "FieldsOfStudy": "N/A",
                "Details": "N/A"
            },
            {
                "College": "Corqu\u00edn",
                "FieldsOfStudy": "N/A",
                "Details": "N/A"
            },
            {
                "College": "Gracias, Lempira",
                "FieldsOfStudy": "N/A",
                "Details": "N/A"
            },
            {
                "College": "Juticalpa",
                "FieldsOfStudy": "N/A",
                "Details": "N/A"
            },
            {
                "College": "La Esperanza",
                "FieldsOfStudy": "N/A",
                "Details": "N/A"
            },
            {
                "College": "Olanchito",
                "FieldsOfStudy": "N/A",
                "Details": "N/A"
            },
            {
                "College": "San Pedro Sula",
                "FieldsOfStudy": "N/A",
                "Details": "N/A"
            },
            {
                "College": "Santa Rosa de Cop\u00e1n",
                "FieldsOfStudy": "N/A",
                "Details": "N/A"
            },
            {
                "College": "Siguatepeque",
                "FieldsOfStudy": "N/A",
                "Details": "N/A"
            },
            {
                "College": "Tela",
                "FieldsOfStudy": "N/A",
                "Details": "N/A"
            },
            {
                "College": "Tocoa",
                "FieldsOfStudy": "N/A",
                "Details": "N/A"
            },
            {
                "College": "Trujillo",
                "FieldsOfStudy": "N/A",
                "Details": "N/A"
            },
            {
                "College": "Yoro",
                "FieldsOfStudy": "N/A",
                "Details": "N/A"
            },
            {
                "College": "Business Engineering",
                "FieldsOfStudy": [
                    "Business Administration",
                    "Engineering"
                ],
                "Details": "N/A"
            },
            {
                "College": "Business Management and Accountancy",
                "FieldsOfStudy": [
                    "Accountancy",
                    "Business Administration",
                    "Management"
                ],
                "Details": "N/A"
            },
            {
                "College": "Ecotourism",
                "FieldsOfStudy": [
                    "Ecology",
                    "Environmental Management",
                    "Tourism"
                ],
                "Details": "N/A"
            },
            {
                "College": "Graduate Studies",
                "FieldsOfStudy": [
                    "Business Administration",
                    "Economics",
                    "Engineering",
                    "Environmental Management",
                    "Finance",
                    "Marketing",
                    "Tourism"
                ],
                "Details": "N/A"
            },
            {
                "College": "Management and Social Development",
                "FieldsOfStudy": [
                    "Administration",
                    "Development Studies",
                    "Social Studies"
                ],
                "Details": "N/A"
            },
            {
                "College": "Marketing and International Business",
                "FieldsOfStudy": [
                    "International Business",
                    "Marketing"
                ],
                "Details": "N/A"
            },
            {
                "College": "Social and Public Communication",
                "FieldsOfStudy": [
                    "Communication Studies",
                    "Mass Communication"
                ],
                "Details": "N/A"
            }
        ],
        "Degrees": {
            "Undergraduate": {
                "CertificateOrDiploma": [],
                "Bachelor'sDegree": []
            },
            "Postgraduate": {
                "PostBachelor'sDiplomaOrCertificate": [],
                "Master'sDegree": [],
                "Doctor'sDegrees": [],
                "ResearchScholarship": [],
                "EducationSpecialistDegree": []
            }
        }
    },
    {
        "GeneralInformation": {
            "Address": {
                "Street": "Boulevard Suyapa\nCiudad Universitaria",
                "City": "Tegucigalpa",
                "Province": "Francisco Moraz\u00e1n",
                "PostCode": "N/A",
                "Website": "https://www.unah.edu.hn",
                "college_name": "National Autonomous University of Honduras",
                "university_name": "Universidad Nacional Aut\u00f3noma de Honduras (UNAH)"
            },
            "InstitutionFunding": "Public",
            "History": "Founded 1847 as Academy. Acquired present status and title 1957",
            "AcademicYear": "February to December (February-June; June-October; October-December)",
            "AdmissionRequirements": [
                "Secondary school certificate (bachillerato) or equivalent"
            ],
            "Languages": [
                "Spanish"
            ],
            "StudentBody": "N/A"
        },
        "Divisions": [
            {
                "College": "Aguan Valley Regional University Centre (UNAH-TEC AGU\u00c1N)",
                "FieldsOfStudy": [
                    "Agricultural Engineering",
                    "Business Administration",
                    "Economics",
                    "Finance"
                ],
                "Details": "Also known as CURVA UNAH"
            },
            {
                "College": "Atlantic Coast Regional University Centre (UNAH-CURLA)",
                "FieldsOfStudy": [
                    "Agricultural Economics",
                    "Agricultural Engineering",
                    "Agronomy",
                    "Business Administration",
                    "Ecology",
                    "Forestry",
                    "Marine Science and Oceanography",
                    "Nursing",
                    "Tourism"
                ],
                "Details": "N/A"
            },
            {
                "College": "Central Regional University Centre (UNAH-CURC)",
                "FieldsOfStudy": [
                    "Food Technology"
                ],
                "Details": "N/A"
            },
            {
                "College": "Danl\u00ed Technological Centre (UNAH-TEC Danl\u00ed)",
                "FieldsOfStudy": [
                    "Agricultural Business",
                    "Agricultural Engineering",
                    "Business Administration",
                    "Business Computing",
                    "Nursing"
                ],
                "Details": "Also known as Universidad Nacional Aut\u00f3noma de Honduras El Para\u00edso"
            },
            {
                "College": "Higher Education Technological Institute in Tela (ITES-TELA-UNAH)",
                "FieldsOfStudy": [
                    "Development Studies",
                    "Finance",
                    "Food Technology"
                ],
                "Details": "N/A"
            },
            {
                "College": "Northeastern Regional University Centre (UNAH-CURNO)",
                "FieldsOfStudy": [
                    "Agricultural Business",
                    "Arts and Humanities",
                    "Business Administration",
                    "Economics",
                    "Forestry",
                    "International Business",
                    "Journalism",
                    "Mathematics and Computer Science",
                    "Natural Sciences",
                    "Nursing",
                    "Social Sciences",
                    "Sports"
                ],
                "Details": "N/A"
            },
            {
                "College": "Pacific Coast Regional University Centre (UNAH-CURLP)",
                "FieldsOfStudy": [
                    "Agricultural Engineering",
                    "Aquaculture",
                    "Business Administration",
                    "Computer Engineering",
                    "International Business",
                    "Natural Resources"
                ],
                "Details": "N/A"
            },
            {
                "College": "Sula Valley Regional University Centre (UNAH-VS)",
                "FieldsOfStudy": [
                    "Biological and Life Sciences",
                    "Business Administration",
                    "Economics",
                    "Health Sciences",
                    "Mathematics",
                    "Physics",
                    "Social Sciences"
                ],
                "Details": "N/A"
            },
            {
                "College": "Western Regional University Centre (UNAH-CUROC)",
                "FieldsOfStudy": [
                    "Agricultural Business",
                    "Agricultural Engineering",
                    "Agriculture",
                    "Business Administration",
                    "Computer Engineering",
                    "Development Studies",
                    "International Business",
                    "Nursing",
                    "Pedagogy",
                    "Tourism"
                ],
                "Details": "N/A"
            },
            {
                "College": "Distance Education Learning Resource Centers (CRAED)",
                "FieldsOfStudy": [
                    "Located in El Para\u00edso",
                    "Siguatepeque",
                    "Tegucigalpa",
                    "Tocoa",
                    "Juticalpa",
                    "El Progreso",
                    "Choluteca",
                    "La Entrada a Cop\u00e1n"
                ],
                "Details": "N/A"
            },
            {
                "College": "Telecentres",
                "FieldsOfStudy": [
                    "Located in Puerto Cort\u00e9s",
                    "Choloma",
                    "Roat\u00e1n",
                    "Gracias",
                    "Ocotepeque"
                ],
                "Details": "N/A"
            },
            {
                "College": "Arts and Humanities",
                "FieldsOfStudy": [
                    "Architecture",
                    "Educational Sciences",
                    "English",
                    "Foreign Languages Education",
                    "French",
                    "Native Language Education",
                    "Pedagogy",
                    "Philosophy",
                    "Physical Education",
                    "Spanish"
                ],
                "Details": "N/A"
            },
            {
                "College": "Chemistry and Pharmacy",
                "FieldsOfStudy": [
                    "Chemistry",
                    "Pharmacy"
                ],
                "Details": "N/A"
            },
            {
                "College": "Dentistry",
                "FieldsOfStudy": [
                    "Dentistry"
                ],
                "Details": "N/A"
            },
            {
                "College": "Economic, Administrative and Accounting Sciences",
                "FieldsOfStudy": [
                    "Accountancy",
                    "Banking",
                    "Business Administration",
                    "Business Computing",
                    "Economics",
                    "Finance",
                    "Food Science",
                    "Marketing",
                    "Public Administration",
                    "Taxation"
                ],
                "Details": "N/A"
            },
            {
                "College": "Engineering",
                "FieldsOfStudy": [
                    "Chemical Engineering",
                    "Civil Engineering",
                    "Computer Engineering",
                    "Electrical Engineering",
                    "Engineering",
                    "Industrial Engineering",
                    "Mechanical Engineering"
                ],
                "Details": "N/A"
            },
            {
                "College": "Law",
                "FieldsOfStudy": [
                    "Law"
                ],
                "Details": "N/A"
            },
            {
                "College": "Medicine",
                "FieldsOfStudy": [
                    "Medicine",
                    "Nursing",
                    "Radiology",
                    "Rehabilitation and Therapy"
                ],
                "Details": "N/A"
            },
            {
                "College": "Science",
                "FieldsOfStudy": [
                    "Biology",
                    "Mathematics",
                    "Metallurgical Engineering",
                    "Microbiology",
                    "Physics"
                ],
                "Details": "N/A"
            },
            {
                "College": "Social Sciences",
                "FieldsOfStudy": [
                    "Development Studies",
                    "History",
                    "Journalism",
                    "Psychology",
                    "Social Work",
                    "Sociology"
                ],
                "Details": "N/A"
            },
            {
                "College": "Space Science",
                "FieldsOfStudy": [
                    "Astronomy and Space Science"
                ],
                "Details": "N/A"
            }
        ],
        "Degrees": {
            "Undergraduate": {
                "CertificateOrDiploma": [],
                "Bachelor'sDegree": []
            },
            "Postgraduate": {
                "PostBachelor'sDiplomaOrCertificate": [],
                "Master'sDegree": [],
                "Doctor'sDegrees": [
                    "Business Administration",
                    "Development Studies"
                ],
                "ResearchScholarship": [],
                "EducationSpecialistDegree": []
            }
        }
    },
    {
        "GeneralInformation": {
            "Address": {
                "Street": "Barrio El Espino\nCarretera N-15, Kil\u00f3metro 215 carretera que conduce desde Tegucigalpa a Dulce Nombre de Culmi",
                "City": "Catacamas",
                "Province": "Olancho",
                "PostCode": "N/A",
                "Website": "https://portal.unag.edu.hn",
                "college_name": "National University of Agriculture",
                "university_name": "Universidad Nacional de Agricultura (UNAG)"
            },
            "InstitutionFunding": "Public",
            "History": "Founded 1950 as Escuela Granja Demostrativa. Renamed Escuela Nacional de Agricultura (ENA) 1968. Acquired university status 1978 and current title 2002",
            "AcademicYear": "N/A",
            "AdmissionRequirements": [],
            "Languages": [
                "Spanish"
            ],
            "StudentBody": "co-ed"
        },
        "Divisions": [
            {
                "College": "Agricultural Sciences",
                "FieldsOfStudy": [
                    "Agriculture"
                ],
                "Details": "N/A"
            },
            {
                "College": "Earth Sciences and Conservation",
                "FieldsOfStudy": [
                    "Environmental Studies",
                    "Natural Resources"
                ],
                "Details": "N/A"
            },
            {
                "College": "Economic and Administrative Sciences",
                "FieldsOfStudy": [
                    "Agricultural Business",
                    "Agricultural Economics"
                ],
                "Details": "N/A"
            },
            {
                "College": "Sciences",
                "FieldsOfStudy": [
                    "Arts and Humanities",
                    "Biology",
                    "Chemistry",
                    "Computer Science",
                    "Mathematics",
                    "Microbiology",
                    "Modern Languages",
                    "Physics",
                    "Social Sciences"
                ],
                "Details": "N/A"
            },
            {
                "College": "Technological Sciences",
                "FieldsOfStudy": [
                    "Food Technology"
                ],
                "Details": "N/A"
            },
            {
                "College": "Veterinary Medicine and Zootechnics",
                "FieldsOfStudy": [
                    "Animal Husbandry",
                    "Veterinary Science"
                ],
                "Details": "N/A"
            }
        ],
        "Degrees": {
            "Undergraduate": {
                "CertificateOrDiploma": [],
                "Bachelor'sDegree": []
            },
            "Postgraduate": {
                "PostBachelor'sDiplomaOrCertificate": [],
                "Master'sDegree": [],
                "Doctor'sDegrees": [],
                "ResearchScholarship": [],
                "EducationSpecialistDegree": []
            }
        }
    },
    {
        "GeneralInformation": {
            "Address": {
                "Street": "Carretera del Norte, Barrio Las Am\u00e9ricas\nApartado Postal 2",
                "City": "Siguatepeque",
                "Province": "Comayagua",
                "PostCode": "N/A",
                "Website": "http://www.unacifor.edu.hn",
                "college_name": "National University of Forestry",
                "university_name": "Universidad Nacional de Ciencias Forestales (UNACIFOR)"
            },
            "InstitutionFunding": "Public",
            "History": "Founded 1969. Formaly known as Escuela Nacional de Ciencias Forestales, acquired present status and title 2014",
            "AcademicYear": "N/A",
            "AdmissionRequirements": [],
            "Languages": [
                "Spanish"
            ],
            "StudentBody": "co-ed"
        },
        "Divisions": [
            {
                "College": "Postgraduate Studies",
                "FieldsOfStudy": [
                    "Agricultural Engineering",
                    "Environmental Engineering"
                ],
                "Details": "N/A"
            },
            {
                "College": "Business Administration",
                "FieldsOfStudy": [
                    "Agricultural Business",
                    "Agricultural Engineering",
                    "Forest Products"
                ],
                "Details": "N/A"
            },
            {
                "College": "Environment and Development",
                "FieldsOfStudy": [
                    "Energy Engineering"
                ],
                "Details": "N/A"
            },
            {
                "College": "Forestry",
                "FieldsOfStudy": [
                    "Agricultural Engineering",
                    "Forestry"
                ],
                "Details": "N/A"
            }
        ],
        "Degrees": {
            "Undergraduate": {
                "CertificateOrDiploma": [],
                "Bachelor'sDegree": []
            },
            "Postgraduate": {
                "PostBachelor'sDiplomaOrCertificate": [],
                "Master'sDegree": [],
                "Doctor'sDegrees": [],
                "ResearchScholarship": [],
                "EducationSpecialistDegree": []
            }
        }
    },
    {
        "GeneralInformation": {
            "Address": {
                "Street": "13 ave. entre 4 y 5 calle, barrio Suyapa, S.O",
                "City": "San Pedro Sula",
                "Province": "Cort\u00e9s",
                "PostCode": "N/A",
                "Website": "https://web.ucenm.net",
                "college_name": "New Millennium Christian Evangelical University",
                "university_name": "Universidad Cristiana Evang\u00e9lica Nuevo Milenio (UCENM)"
            },
            "InstitutionFunding": "Private",
            "History": "Founded 2001",
            "AcademicYear": "N/A",
            "AdmissionRequirements": [],
            "Languages": [
                "Spanish"
            ],
            "StudentBody": "N/A"
        },
        "Divisions": [
            {
                "College": "Comayagua",
                "FieldsOfStudy": "N/A",
                "Details": "N/A"
            },
            {
                "College": "Juticalpa",
                "FieldsOfStudy": "N/A",
                "Details": "N/A"
            },
            {
                "College": "La Entrada Cop\u00e1n",
                "FieldsOfStudy": "N/A",
                "Details": "N/A"
            },
            {
                "College": "La Esperanza",
                "FieldsOfStudy": "N/A",
                "Details": "N/A"
            },
            {
                "College": "Pe\u00f1a Blanca",
                "FieldsOfStudy": "N/A",
                "Details": "N/A"
            },
            {
                "College": "Pe\u00f1a Blanca",
                "FieldsOfStudy": "N/A",
                "Details": "N/A"
            },
            {
                "College": "San Lorenzo",
                "FieldsOfStudy": "N/A",
                "Details": "N/A"
            },
            {
                "College": "San Marcos de Ocotepeque",
                "FieldsOfStudy": "N/A",
                "Details": "N/A"
            },
            {
                "College": "Santa Rosa de Cop\u00e1n",
                "FieldsOfStudy": "N/A",
                "Details": "N/A"
            },
            {
                "College": "Tegucigalpa",
                "FieldsOfStudy": "N/A",
                "Details": "N/A"
            },
            {
                "College": "Tocoa",
                "FieldsOfStudy": "N/A",
                "Details": "N/A"
            },
            {
                "College": "Villanueva",
                "FieldsOfStudy": "N/A",
                "Details": "N/A"
            },
            {
                "College": "Catacamas",
                "FieldsOfStudy": [
                    "Associated"
                ],
                "Details": "N/A"
            },
            {
                "College": "Comayag\u00fcela",
                "FieldsOfStudy": [
                    "Associated"
                ],
                "Details": "N/A"
            },
            {
                "College": "La Entrada",
                "FieldsOfStudy": [
                    "Associated"
                ],
                "Details": "N/A"
            },
            {
                "College": "La Esperanza",
                "FieldsOfStudy": [
                    "Associated"
                ],
                "Details": "N/A"
            },
            {
                "College": "Moraz\u00e1n",
                "FieldsOfStudy": [
                    "Associated"
                ],
                "Details": "N/A"
            },
            {
                "College": "Nacaome",
                "FieldsOfStudy": [
                    "Associated"
                ],
                "Details": "N/A"
            },
            {
                "College": "Ocotepeque",
                "FieldsOfStudy": [
                    "Associated"
                ],
                "Details": "N/A"
            },
            {
                "College": "Quimist\u00e1n",
                "FieldsOfStudy": [
                    "Associated"
                ],
                "Details": "N/A"
            },
            {
                "College": "San Lorenzo",
                "FieldsOfStudy": [
                    "Associated"
                ],
                "Details": "N/A"
            },
            {
                "College": "San Marcos de Col\u00f3n",
                "FieldsOfStudy": [
                    "Associated"
                ],
                "Details": "N/A"
            },
            {
                "College": "San Marcos De Ocotepeque",
                "FieldsOfStudy": [
                    "Associated"
                ],
                "Details": "N/A"
            },
            {
                "College": "Santa B\u00e1rbara",
                "FieldsOfStudy": [
                    "Associated"
                ],
                "Details": "N/A"
            },
            {
                "College": "Santa Rosa De Cop\u00e1n",
                "FieldsOfStudy": [
                    "Associated"
                ],
                "Details": "N/A"
            },
            {
                "College": "Talanga",
                "FieldsOfStudy": [
                    "Associated"
                ],
                "Details": "N/A"
            },
            {
                "College": "Tela",
                "FieldsOfStudy": [
                    "Business Administration",
                    "Law",
                    "Psychology"
                ],
                "Details": "Associated"
            },
            {
                "College": "Trinidad",
                "FieldsOfStudy": [
                    "Associated"
                ],
                "Details": "N/A"
            },
            {
                "College": "Villanueva",
                "FieldsOfStudy": [
                    "Associated"
                ],
                "Details": "N/A"
            },
            {
                "College": "Business Administration",
                "FieldsOfStudy": [
                    "Business Administration"
                ],
                "Details": "N/A"
            },
            {
                "College": "Community Health",
                "FieldsOfStudy": [
                    "Community Health"
                ],
                "Details": "N/A"
            },
            {
                "College": "Laboratory Techniques",
                "FieldsOfStudy": [
                    "Laboratory Techniques",
                    "Medical Technology"
                ],
                "Details": "N/A"
            },
            {
                "College": "Law",
                "FieldsOfStudy": [
                    "Law"
                ],
                "Details": "N/A"
            },
            {
                "College": "Logistics and Port Operations",
                "FieldsOfStudy": [
                    "Marine Transport",
                    "Transport Management"
                ],
                "Details": "N/A"
            },
            {
                "College": "Marketing",
                "FieldsOfStudy": [
                    "Marketing"
                ],
                "Details": "N/A"
            },
            {
                "College": "Nutrition",
                "FieldsOfStudy": [
                    "Nutrition"
                ],
                "Details": "N/A"
            },
            {
                "College": "Port Management and Maritime Transport",
                "FieldsOfStudy": [
                    "Marine Transport"
                ],
                "Details": "N/A"
            },
            {
                "College": "Poultry Production",
                "FieldsOfStudy": [
                    "Meat and Poultry"
                ],
                "Details": "N/A"
            },
            {
                "College": "Psychology",
                "FieldsOfStudy": [
                    "Psychology"
                ],
                "Details": "N/A"
            },
            {
                "College": "Systems Engineering",
                "FieldsOfStudy": [
                    "Computer Engineering"
                ],
                "Details": "N/A"
            },
            {
                "College": "Television Production",
                "FieldsOfStudy": [
                    "Radio and Television Broadcasting"
                ],
                "Details": "N/A"
            },
            {
                "College": "Theology",
                "FieldsOfStudy": [
                    "Theology"
                ],
                "Details": "N/A"
            },
            {
                "College": "Postgraduate Studies",
                "FieldsOfStudy": [
                    "Agricultural Business",
                    "Agricultural Management",
                    "Business Administration",
                    "Criminal Law",
                    "Occupational Health"
                ],
                "Details": "N/A"
            }
        ],
        "Degrees": {
            "Undergraduate": {
                "CertificateOrDiploma": [],
                "Bachelor'sDegree": []
            },
            "Postgraduate": {
                "PostBachelor'sDiplomaOrCertificate": [],
                "Master'sDegree": [],
                "Doctor'sDegrees": [],
                "ResearchScholarship": [],
                "EducationSpecialistDegree": []
            }
        }
    },
    {
        "GeneralInformation": {
            "Address": {
                "Street": "Barrio Casamata\nCalle el seminario No 1501",
                "City": "Tegucigalpa",
                "Province": "Francisco Moraz\u00e1n",
                "PostCode": "4473",
                "Website": "https://www.unicah.edu",
                "college_name": "Our Lady Queen of Peace Catholic University of Honduras",
                "university_name": "Universidad Cat\u00f3lica de Honduras Nuestra Se\u00f1ora Reina de la Paz (UNICAH)"
            },
            "InstitutionFunding": "Private",
            "History": "Founded 1992",
            "AcademicYear": "January to December (January-April; May-August; September-December)",
            "AdmissionRequirements": [
                "Secondary School Certificate"
            ],
            "Languages": [
                "Spanish"
            ],
            "StudentBody": "co-ed"
        },
        "Divisions": [
            {
                "College": "Choluteca",
                "FieldsOfStudy": "N/A",
                "Details": "N/A"
            },
            {
                "College": "Danl\u00ed",
                "FieldsOfStudy": "N/A",
                "Details": "N/A"
            },
            {
                "College": "Juticalpa",
                "FieldsOfStudy": "N/A",
                "Details": "N/A"
            },
            {
                "College": "La Ceiba",
                "FieldsOfStudy": "N/A",
                "Details": "N/A"
            },
            {
                "College": "Olanchito",
                "FieldsOfStudy": "N/A",
                "Details": "N/A"
            },
            {
                "College": "San Pedro Sula",
                "FieldsOfStudy": "N/A",
                "Details": "N/A"
            },
            {
                "College": "Santa Rosa de Cop\u00e1n",
                "FieldsOfStudy": "N/A",
                "Details": "N/A"
            },
            {
                "College": "Siguatepeque",
                "FieldsOfStudy": "N/A",
                "Details": "N/A"
            },
            {
                "College": "Tegucigalpa",
                "FieldsOfStudy": [
                    "Francisco Moraz\u00e1n"
                ],
                "Details": "N/A"
            },
            {
                "College": "Administration",
                "FieldsOfStudy": [
                    "Business Administration",
                    "Finance",
                    "Marketing"
                ],
                "Details": "N/A"
            },
            {
                "College": "Engineering",
                "FieldsOfStudy": [
                    "Architecture",
                    "Civil Engineering",
                    "Computer Science",
                    "Environmental Engineering",
                    "Industrial Engineering"
                ],
                "Details": "N/A"
            },
            {
                "College": "Health Sciences",
                "FieldsOfStudy": [
                    "Dentistry",
                    "Medicine",
                    "Nursing",
                    "Psychology"
                ],
                "Details": "N/A"
            },
            {
                "College": "Social Sciences",
                "FieldsOfStudy": [
                    "Communication Studies",
                    "International Relations and Diplomacy",
                    "Law"
                ],
                "Details": "N/A"
            },
            {
                "College": "Theology",
                "FieldsOfStudy": [
                    "Theology"
                ],
                "Details": "N/A"
            }
        ],
        "Degrees": {
            "Undergraduate": {
                "CertificateOrDiploma": [],
                "Bachelor'sDegree": []
            },
            "Postgraduate": {
                "PostBachelor'sDiplomaOrCertificate": [],
                "Master'sDegree": [],
                "Doctor'sDegrees": [
                    "Administration",
                    "Bible",
                    "Theology"
                ],
                "ResearchScholarship": [],
                "EducationSpecialistDegree": []
            }
        }
    },
    {
        "GeneralInformation": {
            "Address": {
                "Street": "Residencial La Granja, Bloque F\ncalle de acceso al Club Social del BCIE\nP.O. Box 30617",
                "City": "Comayaguela",
                "Province": "N/A",
                "PostCode": "N/A",
                "Website": "https://www.upi.edu.hn",
                "college_name": "Polytechnic University of Engineering",
                "university_name": "Universidad Polit\u00e9cnica de Ingenier\u00eda (UPI)"
            },
            "InstitutionFunding": "Private",
            "History": "Founded 2007",
            "AcademicYear": "N/A",
            "AdmissionRequirements": [],
            "Languages": [
                "Spanish"
            ],
            "StudentBody": "N/A"
        },
        "Divisions": [
            {
                "College": "Civil Engineering",
                "FieldsOfStudy": [
                    "Civil Engineering",
                    "Construction Engineering",
                    "Hydraulic Engineering",
                    "Road Engineering"
                ],
                "Details": "N/A"
            },
            {
                "College": "Environmental Engineering",
                "FieldsOfStudy": [
                    "Environmental Engineering"
                ],
                "Details": "N/A"
            },
            {
                "College": "Finance Engineering",
                "FieldsOfStudy": [
                    "Accountancy",
                    "Banking",
                    "Finance",
                    "Information Technology",
                    "Insurance",
                    "International Business",
                    "Management"
                ],
                "Details": "N/A"
            },
            {
                "College": "Geology",
                "FieldsOfStudy": [
                    "Geology"
                ],
                "Details": "N/A"
            },
            {
                "College": "Industrial Design",
                "FieldsOfStudy": [
                    "Industrial Design"
                ],
                "Details": "N/A"
            },
            {
                "College": "Information and Communication Technology",
                "FieldsOfStudy": [
                    "Information Technology"
                ],
                "Details": "N/A"
            },
            {
                "College": "Topography and Cadastre",
                "FieldsOfStudy": [
                    "Surveying and Mapping"
                ],
                "Details": "N/A"
            }
        ],
        "Degrees": {
            "Undergraduate": {
                "CertificateOrDiploma": [],
                "Bachelor'sDegree": []
            },
            "Postgraduate": {
                "PostBachelor'sDiplomaOrCertificate": [],
                "Master'sDegree": [],
                "Doctor'sDegrees": [],
                "ResearchScholarship": [],
                "EducationSpecialistDegree": []
            }
        }
    },
    {
        "GeneralInformation": {
            "Address": {
                "Street": "Centro Hist\u00f3rico, Barrio San Rafael\na 50 Mts al este de Hotel Exc\u00e9lsior",
                "City": "Tegucigalpa",
                "Province": "Francisco Moraz\u00e1n",
                "PostCode": "N/A",
                "Website": "https://uph.edu.hn",
                "college_name": "Polytechnic University of Honduras",
                "university_name": "Universidad Polit\u00e9cnica de Honduras (UPH)"
            },
            "InstitutionFunding": "Private",
            "History": "Founded 2005",
            "AcademicYear": "N/A",
            "AdmissionRequirements": [],
            "Languages": [
                "Spanish"
            ],
            "StudentBody": "N/A"
        },
        "Divisions": [
            {
                "College": "Choluteca",
                "FieldsOfStudy": "N/A",
                "Details": "N/A"
            },
            {
                "College": "Comayagua",
                "FieldsOfStudy": "N/A",
                "Details": "N/A"
            },
            {
                "College": "Danli",
                "FieldsOfStudy": "N/A",
                "Details": "N/A"
            },
            {
                "College": "El Progreso",
                "FieldsOfStudy": "N/A",
                "Details": "N/A"
            },
            {
                "College": "La Lima",
                "FieldsOfStudy": "N/A",
                "Details": "N/A"
            },
            {
                "College": "La Paz",
                "FieldsOfStudy": "N/A",
                "Details": "N/A"
            },
            {
                "College": "DynEd Pro English Certification",
                "FieldsOfStudy": [
                    "English"
                ],
                "Details": "N/A"
            },
            {
                "College": "Business and Commerce",
                "FieldsOfStudy": [
                    "Business and Commerce"
                ],
                "Details": "N/A"
            },
            {
                "College": "Computer Systems Engineering",
                "FieldsOfStudy": [
                    "Computer Engineering"
                ],
                "Details": "N/A"
            },
            {
                "College": "Electronic Engineering",
                "FieldsOfStudy": [
                    "Electronic Engineering"
                ],
                "Details": "N/A"
            },
            {
                "College": "Industrial Production Engineering",
                "FieldsOfStudy": [
                    "Industrial Engineering",
                    "Production Engineering"
                ],
                "Details": "N/A"
            },
            {
                "College": "Law",
                "FieldsOfStudy": [
                    "Law"
                ],
                "Details": "N/A"
            },
            {
                "College": "Tourism",
                "FieldsOfStudy": [
                    "Tourism"
                ],
                "Details": "N/A"
            }
        ],
        "Degrees": {
            "Undergraduate": {
                "CertificateOrDiploma": [],
                "Bachelor'sDegree": []
            },
            "Postgraduate": {
                "PostBachelor'sDiplomaOrCertificate": [],
                "Master'sDegree": [],
                "Doctor'sDegrees": [],
                "ResearchScholarship": [],
                "EducationSpecialistDegree": []
            }
        }
    },
    {
        "GeneralInformation": {
            "Address": {
                "Street": "3 cuadras al oeste del puente rio blanco\nbulevar del norte",
                "City": "San Pedro Sula",
                "Province": "Cort\u00e9s",
                "PostCode": "2508-2600",
                "Website": "https://www.uth.hn",
                "college_name": "Technological University of Honduras",
                "university_name": "Universidad Tecnol\u00f3gica de Honduras (UTH)"
            },
            "InstitutionFunding": "Private",
            "History": "Founded 1992. Acquired present status and title 1996",
            "AcademicYear": "N/A",
            "AdmissionRequirements": [],
            "Languages": [
                "Spanish"
            ],
            "StudentBody": "co-ed"
        },
        "Divisions": [
            {
                "College": "El Progreso",
                "FieldsOfStudy": "N/A",
                "Details": "N/A"
            },
            {
                "College": "La Ceiba",
                "FieldsOfStudy": "N/A",
                "Details": "N/A"
            },
            {
                "College": "Puerto Cort\u00e9s",
                "FieldsOfStudy": "N/A",
                "Details": "N/A"
            },
            {
                "College": "Roat\u00e1n",
                "FieldsOfStudy": "N/A",
                "Details": "N/A"
            },
            {
                "College": "Santa B\u00e1rbara",
                "FieldsOfStudy": "N/A",
                "Details": "N/A"
            },
            {
                "College": "Siguatepeque",
                "FieldsOfStudy": "N/A",
                "Details": "N/A"
            },
            {
                "College": "Tegucigalpa",
                "FieldsOfStudy": "N/A",
                "Details": "N/A"
            },
            {
                "College": "Tegucigalpa",
                "FieldsOfStudy": "N/A",
                "Details": "N/A"
            },
            {
                "College": "Engineering",
                "FieldsOfStudy": [
                    "Computer Engineering",
                    "Electronic Engineering",
                    "Finance",
                    "Industrial Engineering",
                    "Production Engineering"
                ],
                "Details": "N/A"
            },
            {
                "College": "Graduate Studies",
                "FieldsOfStudy": [
                    "Civil Law",
                    "Criminal Law",
                    "Finance",
                    "Human Resources",
                    "International Business",
                    "Marketing",
                    "Sales Techniques"
                ],
                "Details": "N/A"
            },
            {
                "College": "Undergraduate Studies",
                "FieldsOfStudy": [
                    "Accountancy",
                    "Business Administration",
                    "Business and Commerce",
                    "Finance",
                    "International Business",
                    "Labour and Industrial Relations",
                    "Law",
                    "Marketing",
                    "Tourism"
                ],
                "Details": "N/A"
            }
        ],
        "Degrees": {
            "Undergraduate": {
                "CertificateOrDiploma": [],
                "Bachelor'sDegree": []
            },
            "Postgraduate": {
                "PostBachelor'sDiplomaOrCertificate": [],
                "Master'sDegree": [],
                "Doctor'sDegrees": [
                    "Administration"
                ],
                "ResearchScholarship": [],
                "EducationSpecialistDegree": []
            }
        }
    },
    {
        "GeneralInformation": {
            "Address": {
                "Street": "Campus Universitario\nAve. Circunvalaci\u00f3n",
                "City": "San Pedro Sula",
                "Province": "Cort\u00e9s",
                "PostCode": "1064",
                "Website": "http://www.usap.edu",
                "college_name": "University of San Pedro Sula",
                "university_name": "Universidad de San Pedro Sula (USAP)"
            },
            "InstitutionFunding": "Private",
            "History": "Founded 1978",
            "AcademicYear": "January to December (January-April; May-August; September-December)",
            "AdmissionRequirements": [
                "High school diploma"
            ],
            "Languages": [
                "Spanish"
            ],
            "StudentBody": "co-ed"
        },
        "Divisions": [
            {
                "College": "Postgraduate Studies",
                "FieldsOfStudy": [
                    "Business Administration",
                    "Civil Law",
                    "Industrial Management"
                ],
                "Details": "N/A"
            },
            {
                "College": "Economics and Administration",
                "FieldsOfStudy": [
                    "Advertising and Publicity",
                    "Banking",
                    "Business Administration",
                    "Business Computing",
                    "Finance",
                    "Industrial Management",
                    "Law",
                    "Marketing",
                    "Mass Communication",
                    "Retailing and Wholesaling",
                    "Tourism"
                ],
                "Details": "N/A"
            },
            {
                "College": "Technology",
                "FieldsOfStudy": [
                    "Agricultural Engineering",
                    "Agricultural Management",
                    "Architecture",
                    "Computer Engineering",
                    "Graphic Design",
                    "Industrial Engineering"
                ],
                "Details": "N/A"
            }
        ],
        "Degrees": {
            "Undergraduate": {
                "CertificateOrDiploma": [],
                "Bachelor'sDegree": []
            },
            "Postgraduate": {
                "PostBachelor'sDiplomaOrCertificate": [],
                "Master'sDegree": [],
                "Doctor'sDegrees": [],
                "ResearchScholarship": [],
                "EducationSpecialistDegree": []
            }
        }
    },
    {
        "GeneralInformation": {
            "Address": {
                "Street": "PO Box 93\nKm 30 road from Tegucigalpa to Danli\nYeguare Valley",
                "City": "San Antonio de Oriente",
                "Province": "N/A",
                "PostCode": "00093",
                "Website": "https://www.zamorano.edu",
                "college_name": "Zamorano University",
                "university_name": "Zamorano Universidad \u2013 EAP Escuela Agr\u00edcola Panamericana"
            },
            "InstitutionFunding": "Private",
            "History": "Founded in 1942 - the university was the inspiration of Samuel Zemurray, an American philanthropist and banana businessman. Botanist and arborist Wilson Popenoe joined Zemurray's effort by creating Zamorano University's unique educational system and becoming its first president.",
            "AcademicYear": "N/A",
            "AdmissionRequirements": [],
            "Languages": [
                "Spanish"
            ],
            "StudentBody": "N/A"
        },
        "Divisions": [
            {
                "College": "Agricultural Business and Management",
                "FieldsOfStudy": [
                    "Accountancy",
                    "Agricultural Business",
                    "Economics",
                    "Finance",
                    "Marketing",
                    "Statistics"
                ],
                "Details": "N/A"
            },
            {
                "College": "Agricultural Engineering",
                "FieldsOfStudy": [
                    "Agricultural Economics",
                    "Agricultural Engineering",
                    "Agriculture",
                    "Food Science"
                ],
                "Details": "N/A"
            },
            {
                "College": "Environmental Studies and Development",
                "FieldsOfStudy": [
                    "Environmental Studies"
                ],
                "Details": "N/A"
            },
            {
                "College": "Food Agroindustry",
                "FieldsOfStudy": [
                    "Agricultural Business",
                    "Agriculture",
                    "Food Technology",
                    "Industrial Engineering",
                    "Natural Sciences"
                ],
                "Details": "N/A"
            },
            {
                "College": "General Curriculum",
                "FieldsOfStudy": [
                    "Agricultural Business",
                    "Agriculture",
                    "Animal Husbandry",
                    "English",
                    "Environmental Studies",
                    "Natural Sciences"
                ],
                "Details": "N/A"
            }
        ],
        "Degrees": {
            "Undergraduate": {
                "CertificateOrDiploma": [],
                "Bachelor'sDegree": []
            },
            "Postgraduate": {
                "PostBachelor'sDiplomaOrCertificate": [],
                "Master'sDegree": [],
                "Doctor'sDegrees": [],
                "ResearchScholarship": [],
                "EducationSpecialistDegree": []
            }
        }
    }
]