[
    {
        "GeneralInformation": {
            "Address": {
                "Street": "55-220 Kulanui Street",
                "City": "Laie",
                "Province": "Hawaii",
                "PostCode": "96762-1293",
                "Website": "https://www.byuh.edu",
                "college_name": "Brigham Young University-Hawaii",
                "university_name": "(BYU-Hawaii)"
            },
            "InstitutionFunding": "Private",
            "History": "Founded 1955",
            "AcademicYear": "N/A",
            "AdmissionRequirements": [],
            "Languages": [
                "English"
            ],
            "StudentBody": "co-ed"
        },
        "Divisions": [
            {
                "College": "Arts and Letters",
                "FieldsOfStudy": [
                    "Communication Studies",
                    "English",
                    "Graphic Design",
                    "Media Studies",
                    "Painting and Drawing",
                    "Visual Arts"
                ],
                "Details": "N/A"
            },
            {
                "College": "Business  and Government",
                "FieldsOfStudy": [
                    "Accountancy",
                    "Business Administration",
                    "Government",
                    "Management",
                    "Political Sciences",
                    "Tourism"
                ],
                "Details": "N/A"
            },
            {
                "College": "Culture, Language and Performing Arts",
                "FieldsOfStudy": [
                    "Anthropology",
                    "Arts and Humanities",
                    "Cultural Studies",
                    "History",
                    "Music",
                    "Pacific Area Studies",
                    "Theatre"
                ],
                "Details": "N/A"
            },
            {
                "College": "Education and Social Work",
                "FieldsOfStudy": [
                    "Education",
                    "English",
                    "Foreign Languages Education",
                    "Social Work",
                    "Teacher Training"
                ],
                "Details": "N/A"
            },
            {
                "College": "Math and Computing",
                "FieldsOfStudy": [
                    "Computer Science",
                    "Information Technology",
                    "Mathematics"
                ],
                "Details": "N/A"
            },
            {
                "College": "Religious Education",
                "FieldsOfStudy": [
                    "Religious Education"
                ],
                "Details": "N/A"
            },
            {
                "College": "Sciences",
                "FieldsOfStudy": [
                    "Biochemistry",
                    "Biology",
                    "Chemistry",
                    "Physical Education",
                    "Physics",
                    "Psychology",
                    "Sports"
                ],
                "Details": "N/A"
            }
        ],
        "Degrees": {
            "Undergraduate": {
                "CertificateOrDiploma": [],
                "Bachelor'sDegree": [
                    "Accountancy",
                    "Anthropology",
                    "Art Education",
                    "Arts and Humanities",
                    "Biochemistry",
                    "Biology",
                    "Business Administration",
                    "Business Education",
                    "Chemistry",
                    "Communication Studies",
                    "Computer Science",
                    "Cultural Studies",
                    "Education",
                    "English",
                    "Foreign Languages Education",
                    "Government",
                    "Graphic Design",
                    "History",
                    "Information Technology",
                    "Management",
                    "Mathematics",
                    "Mathematics Education",
                    "Media Studies",
                    "Music",
                    "Pacific Area Studies",
                    "Physical Education",
                    "Physics",
                    "Political Sciences",
                    "Primary Education",
                    "Psychology",
                    "Science Education",
                    "Social Work",
                    "Sports",
                    "Teacher Training",
                    "Tourism",
                    "Visual Arts"
                ]
            },
            "Postgraduate": {
                "PostBachelor'sDiplomaOrCertificate": [],
                "Master'sDegree": [],
                "Doctor'sDegrees": [],
                "ResearchScholarship": [],
                "EducationSpecialistDegree": []
            }
        }
    },
    {
        "GeneralInformation": {
            "Address": {
                "Street": "3140 Waialae Avenue",
                "City": "Honolulu",
                "Province": "Hawaii",
                "PostCode": "96816-1578",
                "Website": "https://chaminade.edu",
                "college_name": "Chaminade University of Honolulu",
                "university_name": ""
            },
            "InstitutionFunding": "Private",
            "History": "Founded 1955 as College, acquired present title 1977. A private institution affiliated with the Society of Mary (Roman Catholic Church)",
            "AcademicYear": "August to May. Also Summer Session (May-August)",
            "AdmissionRequirements": [
                "Graduation from high school or equivalent, and College Board SAT or ACT examination",
                "TOEFL test for foreign students (500 minimum score)"
            ],
            "Languages": [
                "English"
            ],
            "StudentBody": "co-ed"
        },
        "Divisions": [
            {
                "College": "Nursing",
                "FieldsOfStudy": [
                    "Nursing"
                ],
                "Details": "N/A"
            },
            {
                "College": "Behavioural Sciences",
                "FieldsOfStudy": [
                    "Anthropology",
                    "Behavioural Sciences",
                    "Criminology",
                    "Gender Studies",
                    "Geography",
                    "Psychology",
                    "Sociology"
                ],
                "Details": "N/A"
            },
            {
                "College": "Education",
                "FieldsOfStudy": [
                    "Education",
                    "Preschool Education",
                    "Primary Education",
                    "Secondary Education"
                ],
                "Details": "N/A"
            },
            {
                "College": "Humanities and Fine Arts",
                "FieldsOfStudy": [
                    "English",
                    "Fine Arts",
                    "History",
                    "Interior Design",
                    "International Studies",
                    "Music",
                    "Philosophy",
                    "Political Sciences",
                    "Religion",
                    "Religious Studies",
                    "Social Studies",
                    "Theatre"
                ],
                "Details": "N/A"
            },
            {
                "College": "Natural Sciences and Mathematics",
                "FieldsOfStudy": [
                    "Biology",
                    "Chemistry",
                    "Computer Science",
                    "Environmental Studies",
                    "Forensic Medicine and Dentistry",
                    "Mathematics",
                    "Physics"
                ],
                "Details": "N/A"
            },
            {
                "College": "Professional Studies",
                "FieldsOfStudy": [
                    "Business and Commerce",
                    "Communication Studies",
                    "Computer Engineering",
                    "International Business",
                    "Marketing"
                ],
                "Details": "N/A"
            }
        ],
        "Degrees": {
            "Undergraduate": {
                "CertificateOrDiploma": [],
                "Bachelor'sDegree": [
                    "Accountancy",
                    "Behavioural Sciences",
                    "Biochemistry",
                    "Biology",
                    "Business Administration",
                    "Chemistry",
                    "Communication Studies",
                    "Community Health",
                    "Computer Science",
                    "Criminal Law",
                    "Criminology",
                    "English",
                    "Environmental Studies",
                    "Forensic Medicine and Dentistry",
                    "History",
                    "Interior Design",
                    "International Studies",
                    "Marketing",
                    "Nursing",
                    "Political Sciences",
                    "Preschool Education",
                    "Primary Education",
                    "Psychology",
                    "Public Health",
                    "Religious Studies",
                    "Sports"
                ]
            },
            "Postgraduate": {
                "PostBachelor'sDiplomaOrCertificate": [],
                "Master'sDegree": [
                    "Business Administration",
                    "Criminal Law",
                    "Education",
                    "Pastoral Studies",
                    "Psychology",
                    "Teacher Training"
                ],
                "Doctor'sDegrees": [
                    "Clinical Psychology",
                    "Education",
                    "Educational Psychology",
                    "Family Studies",
                    "Nursing"
                ],
                "ResearchScholarship": [],
                "EducationSpecialistDegree": []
            }
        }
    },
    {
        "GeneralInformation": {
            "Address": {
                "Street": "P.O. Box 1734",
                "City": "Aiea",
                "Province": "Hawaii",
                "PostCode": "96701",
                "Website": "https://www.ccis.edu/locations/honolulu.aspx",
                "college_name": "Columbia College \u2013 Columbia College-USCG Base Honolulu",
                "university_name": ""
            },
            "InstitutionFunding": "Private",
            "History": "A campus of Columbia College, with the main campus located in Columbia, Missouri.",
            "AcademicYear": "N/A",
            "AdmissionRequirements": [],
            "Languages": [
                "English"
            ],
            "StudentBody": "co-ed"
        },
        "Divisions": [
            {
                "College": "Accounting & Finance",
                "FieldsOfStudy": [
                    "Accountancy",
                    "Finance"
                ],
                "Details": "N/A"
            },
            {
                "College": "Business, Management & Human Resources",
                "FieldsOfStudy": [
                    "Business Administration",
                    "Health Administration",
                    "Human Resources",
                    "International Business",
                    "Leadership",
                    "Management",
                    "Real Estate",
                    "Sports Management"
                ],
                "Details": "N/A"
            },
            {
                "College": "Computer & Mathematics",
                "FieldsOfStudy": [
                    "Computer Science",
                    "Mathematics"
                ],
                "Details": "N/A"
            },
            {
                "College": "General Studies",
                "FieldsOfStudy": "N/A",
                "Details": "N/A"
            },
            {
                "College": "Humanities",
                "FieldsOfStudy": [
                    "Arts and Humanities",
                    "Child Care and Development",
                    "English",
                    "History"
                ],
                "Details": "N/A"
            },
            {
                "College": "Marketing & Entrepreneurship",
                "FieldsOfStudy": [
                    "Business and Commerce",
                    "Marketing"
                ],
                "Details": "N/A"
            },
            {
                "College": "Nursing & Health",
                "FieldsOfStudy": [
                    "Health Sciences",
                    "Nursing"
                ],
                "Details": "N/A"
            },
            {
                "College": "Social Sciences",
                "FieldsOfStudy": [
                    "Criminology",
                    "Political Sciences",
                    "Psychology",
                    "Public Administration",
                    "Social and Community Services",
                    "Social Sciences",
                    "Sociology"
                ],
                "Details": "N/A"
            }
        ],
        "Degrees": {
            "Undergraduate": {
                "CertificateOrDiploma": [],
                "Bachelor'sDegree": [
                    "Accountancy",
                    "Arts and Humanities",
                    "Business Administration",
                    "Business and Commerce",
                    "Child Care and Development",
                    "Computer Science",
                    "Criminology",
                    "English",
                    "Finance",
                    "Health Administration",
                    "History",
                    "Human Resources",
                    "International Business",
                    "Leadership",
                    "Management",
                    "Marketing",
                    "Mathematics",
                    "Nursing",
                    "Political Sciences",
                    "Psychology",
                    "Public Administration",
                    "Real Estate",
                    "Social and Community Services",
                    "Social Sciences",
                    "Sociology",
                    "Sports Management"
                ]
            },
            "Postgraduate": {
                "PostBachelor'sDiplomaOrCertificate": [],
                "Master'sDegree": [
                    "Accountancy",
                    "Business Administration",
                    "Criminology",
                    "Education",
                    "Leadership",
                    "Teacher Training"
                ],
                "Doctor'sDegrees": [],
                "ResearchScholarship": [],
                "EducationSpecialistDegree": []
            }
        }
    },
    {
        "GeneralInformation": {
            "Address": {
                "Street": "1164 Bishop Street",
                "City": "Honolulu",
                "Province": "Hawaii",
                "PostCode": "96813-2882",
                "Website": "https://www.hpu.edu",
                "college_name": "Hawaii Pacific University",
                "university_name": "(HPU)"
            },
            "InstitutionFunding": "Private",
            "History": "Founded 1965 as College, acquired present status and title 1990",
            "AcademicYear": "September to May. Also Summer Sessions",
            "AdmissionRequirements": [
                "Graduation from high school or equivalent, and College Board SAT or ACT examination",
                "TOEFL test for foreign students"
            ],
            "Languages": [
                "English"
            ],
            "StudentBody": "co-ed"
        },
        "Divisions": [
            {
                "College": "Business",
                "FieldsOfStudy": [
                    "Accountancy",
                    "Business Administration"
                ],
                "Details": "N/A"
            },
            {
                "College": "Health and Society",
                "FieldsOfStudy": [
                    "Arts and Humanities",
                    "Physical Therapy",
                    "Public Health",
                    "Social Sciences",
                    "Social Work"
                ],
                "Details": "N/A"
            },
            {
                "College": "Liberal Arts",
                "FieldsOfStudy": [
                    "Arts and Humanities"
                ],
                "Details": "N/A"
            },
            {
                "College": "Natural and Computational Sciences",
                "FieldsOfStudy": [
                    "Biology",
                    "Biotechnology",
                    "Computer Science",
                    "Mathematics",
                    "Natural Sciences"
                ],
                "Details": "N/A"
            },
            {
                "College": "Nursing and Health Sciences",
                "FieldsOfStudy": [
                    "Health Sciences",
                    "Nursing"
                ],
                "Details": "N/A"
            },
            {
                "College": "Professional Studies",
                "FieldsOfStudy": [
                    "Computer Science",
                    "Criminal Law",
                    "Education",
                    "Public Administration"
                ],
                "Details": "N/A"
            }
        ],
        "Degrees": {
            "Undergraduate": {
                "CertificateOrDiploma": [],
                "Bachelor'sDegree": [
                    "Accountancy",
                    "Arts and Humanities",
                    "Biochemistry",
                    "Biology",
                    "Biotechnology",
                    "Business Administration",
                    "Chemistry",
                    "Computer Science",
                    "Criminal Law",
                    "Education",
                    "Electrical Engineering",
                    "English",
                    "Environmental Studies",
                    "Health Sciences",
                    "History",
                    "Human Resources",
                    "International Studies",
                    "Marine Biology",
                    "Marine Science and Oceanography",
                    "Mathematics",
                    "Military Science",
                    "Multimedia",
                    "Natural Sciences",
                    "Nursing",
                    "Physical Therapy",
                    "Political Sciences",
                    "Primary Education",
                    "Psychology",
                    "Public Administration",
                    "Public Health",
                    "Social Sciences",
                    "Social Work"
                ]
            },
            "Postgraduate": {
                "PostBachelor'sDiplomaOrCertificate": [],
                "Master'sDegree": [
                    "Business Administration",
                    "Communication Studies",
                    "Criminal Law",
                    "Education",
                    "English",
                    "Information Management",
                    "Leadership",
                    "Management",
                    "Marine Science and Oceanography",
                    "Military Science",
                    "Nursing",
                    "Primary Education",
                    "Public Administration",
                    "Public Health",
                    "Secondary Education",
                    "Social Work",
                    "Sustainable Development"
                ],
                "Doctor'sDegrees": [
                    "Clinical Psychology",
                    "Nursing",
                    "Physical Therapy"
                ],
                "ResearchScholarship": [],
                "EducationSpecialistDegree": []
            }
        }
    },
    {
        "GeneralInformation": {
            "Address": {
                "Street": "100 N. Beretania Street, 203B",
                "City": "Honolulu",
                "Province": "Hawaii",
                "PostCode": "96817",
                "Website": "http://www.orientalmedicine.edu",
                "college_name": "Institute of Clinical Acupuncture and Oriental Medicine",
                "university_name": "(ICAOM)"
            },
            "InstitutionFunding": "Private-for-profit",
            "History": "Founded 1996",
            "AcademicYear": "N/A",
            "AdmissionRequirements": [],
            "Languages": [
                "English"
            ],
            "StudentBody": "co-ed"
        },
        "Divisions": [
            {
                "College": "Oriental Medicine",
                "FieldsOfStudy": [
                    "Acupuncture and Oriental Medicine",
                    "Medicine",
                    "Traditional Eastern Medicine"
                ],
                "Details": "N/A"
            }
        ],
        "Degrees": {
            "Undergraduate": {
                "CertificateOrDiploma": [],
                "Bachelor'sDegree": []
            },
            "Postgraduate": {
                "PostBachelor'sDiplomaOrCertificate": [],
                "Master'sDegree": [
                    "Acupuncture and Oriental Medicine"
                ],
                "Doctor'sDegrees": [
                    "Acupuncture and Oriental Medicine"
                ],
                "ResearchScholarship": [],
                "EducationSpecialistDegree": []
            }
        }
    },
    {
        "GeneralInformation": {
            "Address": {
                "Street": "2223 Hoonee Place",
                "City": "Honolulu",
                "Province": "Hawaii",
                "PostCode": "96819",
                "Website": "https://www.pacrim.edu",
                "college_name": "Pacific Rim Christian University",
                "university_name": ""
            },
            "InstitutionFunding": "Private",
            "History": "Founded 1995 as the School of Church Planters. Re-established as Pacific Rim Bible Institute, 1998",
            "AcademicYear": "N/A",
            "AdmissionRequirements": [],
            "Languages": [
                "English"
            ],
            "StudentBody": "co-ed"
        },
        "Divisions": [
            {
                "College": "Bible and Creative Arts",
                "FieldsOfStudy": [
                    "Bible",
                    "Fine Arts",
                    "Performing Arts",
                    "Visual Arts"
                ],
                "Details": "N/A"
            },
            {
                "College": "Philosophy and Religious Studies",
                "FieldsOfStudy": [
                    "Philosophy",
                    "Religious Studies"
                ],
                "Details": "N/A"
            },
            {
                "College": "Theology and Religious Vocations",
                "FieldsOfStudy": [
                    "Christian Religious Studies",
                    "Theology"
                ],
                "Details": "N/A"
            }
        ],
        "Degrees": {
            "Undergraduate": {
                "CertificateOrDiploma": [],
                "Bachelor'sDegree": [
                    "Bible",
                    "Christian Religious Studies",
                    "Fine Arts",
                    "Theology",
                    "Visual Arts"
                ]
            },
            "Postgraduate": {
                "PostBachelor'sDiplomaOrCertificate": [],
                "Master'sDegree": "N/A",
                "Doctor'sDegrees": [],
                "ResearchScholarship": [],
                "EducationSpecialistDegree": []
            }
        }
    },
    {
        "GeneralInformation": {
            "Address": {
                "Street": "200 W. Kawili St",
                "City": "Hilo",
                "Province": "Hawaii",
                "PostCode": "96720-4091",
                "Website": "https://hilo.hawaii.edu",
                "college_name": "University of Hawaii at Hilo",
                "university_name": ""
            },
            "InstitutionFunding": "Public",
            "History": "Founded 1970",
            "AcademicYear": "N/A",
            "AdmissionRequirements": [],
            "Languages": [
                "English"
            ],
            "StudentBody": "co-ed"
        },
        "Divisions": [
            {
                "College": "Agriculture, Forestry, and Natural Resource Management",
                "FieldsOfStudy": [
                    "Agricultural Business",
                    "Agricultural Economics",
                    "Agricultural Engineering",
                    "Agriculture",
                    "Agronomy",
                    "Aquaculture",
                    "Entomology",
                    "Food Science",
                    "Forestry",
                    "Plant Pathology",
                    "Soil Science",
                    "Zoology"
                ],
                "Details": "N/A"
            },
            {
                "College": "Arts and Sciences",
                "FieldsOfStudy": [
                    "Arts and Humanities",
                    "Astronomy and Space Science",
                    "Chinese",
                    "Computer Science",
                    "Earth Sciences",
                    "Education",
                    "French",
                    "International Studies",
                    "Japanese",
                    "Linguistics",
                    "Marine Science and Oceanography",
                    "Natural Sciences",
                    "Nursing",
                    "Performing Arts",
                    "Psychology",
                    "Sociology"
                ],
                "Details": "N/A"
            },
            {
                "College": "Business and Economics",
                "FieldsOfStudy": [
                    "Business Administration",
                    "Economics"
                ],
                "Details": "N/A"
            },
            {
                "College": "Hawaiian Language",
                "FieldsOfStudy": [
                    "Indigenous Studies",
                    "Literature",
                    "Native Language"
                ],
                "Details": "N/A"
            },
            {
                "College": "Pharmacy",
                "FieldsOfStudy": [
                    "Pharmacy"
                ],
                "Details": "N/A"
            }
        ],
        "Degrees": {
            "Undergraduate": {
                "CertificateOrDiploma": [],
                "Bachelor'sDegree": [
                    "Accountancy",
                    "Agriculture",
                    "Anthropology",
                    "Aquaculture",
                    "Astronomy and Space Science",
                    "Biology",
                    "Business Administration",
                    "Chemistry",
                    "Communication Studies",
                    "Computer Science",
                    "English",
                    "Environmental Studies",
                    "Fine Arts",
                    "Geography",
                    "Geology",
                    "History",
                    "Japanese",
                    "Justice Administration",
                    "Linguistics",
                    "Marine Science and Oceanography",
                    "Mathematics",
                    "Natural Sciences",
                    "Nursing",
                    "Pacific Area Studies",
                    "Performing Arts",
                    "Pharmacy",
                    "Philosophy",
                    "Physical Therapy",
                    "Physics",
                    "Political Sciences",
                    "Psychology",
                    "Sociology",
                    "Tropical Agriculture"
                ]
            },
            "Postgraduate": {
                "PostBachelor'sDiplomaOrCertificate": [],
                "Master'sDegree": [
                    "Biology",
                    "Heritage Preservation",
                    "Indigenous Studies",
                    "Native Language Education",
                    "Psychology",
                    "Teacher Training",
                    "Tropical Agriculture"
                ],
                "Doctor'sDegrees": [
                    "Nursing"
                ],
                "ResearchScholarship": [
                    "Cultural Studies",
                    "Indigenous Studies",
                    "Native Language Education",
                    "Pharmacy"
                ],
                "EducationSpecialistDegree": []
            }
        }
    },
    {
        "GeneralInformation": {
            "Address": {
                "Street": "2500 Campus Road",
                "City": "Honolulu",
                "Province": "Hawaii",
                "PostCode": "96822",
                "Website": "https://manoa.hawaii.edu",
                "college_name": "University of Hawaii at M\u00e4noa",
                "university_name": "(UH)"
            },
            "InstitutionFunding": "Public",
            "History": "Founded in 1907, as a land-grant college of agriculture and mechanic arts. The University of Hawai\u02bbi System includes 3 universities, 7 community colleges and community-based learning centers across Hawaii",
            "AcademicYear": "Semester terms August-December; January-May; Summer sessions May-August",
            "AdmissionRequirements": [
                "Graduation from high school or equivalent, and College Board SAT or ACT examination",
                "TOEFL test for foreign students"
            ],
            "Languages": [
                "English"
            ],
            "StudentBody": "co-ed"
        },
        "Divisions": [
            {
                "College": "Arts, Languages & Letters",
                "FieldsOfStudy": [
                    "Arts and Humanities",
                    "Linguistics",
                    "Literature",
                    "Modern Languages",
                    "Natural Sciences",
                    "Social Sciences"
                ],
                "Details": "N/A"
            },
            {
                "College": "Business",
                "FieldsOfStudy": [
                    "Accountancy",
                    "Business Administration",
                    "Business Computing",
                    "Finance",
                    "Hotel Management",
                    "Human Resources",
                    "International Business",
                    "Management",
                    "Marketing",
                    "Tourism"
                ],
                "Details": "Shidler"
            },
            {
                "College": "Education",
                "FieldsOfStudy": [
                    "Curriculum",
                    "Education",
                    "Educational Administration",
                    "Educational Psychology",
                    "Educational Technology",
                    "Preschool Education",
                    "Primary Education",
                    "Rehabilitation and Therapy",
                    "Secondary Education",
                    "Special Education",
                    "Teacher Training"
                ],
                "Details": "N/A"
            },
            {
                "College": "Engineering",
                "FieldsOfStudy": [
                    "Civil Engineering",
                    "Electrical Engineering",
                    "Engineering",
                    "Environmental Engineering",
                    "Mechanical Engineering"
                ],
                "Details": "N/A"
            },
            {
                "College": "Natural Sciences",
                "FieldsOfStudy": [
                    "Natural Sciences"
                ],
                "Details": "N/A"
            },
            {
                "College": "Social Sciences",
                "FieldsOfStudy": [
                    "Social Sciences"
                ],
                "Details": "N/A"
            },
            {
                "College": "Tropical Agriculture and Human Resources",
                "FieldsOfStudy": [
                    "Agriculture",
                    "Botany",
                    "Fashion Design",
                    "Food Science",
                    "Horticulture",
                    "Soil Science",
                    "Tropical Agriculture",
                    "Zoology"
                ],
                "Details": "N/A"
            },
            {
                "College": "Architecture",
                "FieldsOfStudy": [
                    "Architecture"
                ],
                "Details": "N/A"
            },
            {
                "College": "Hawaiian Knowledge",
                "FieldsOfStudy": [
                    "Austronesian and Oceanic Languages",
                    "Cultural Studies",
                    "Indigenous Studies"
                ],
                "Details": "N/A"
            },
            {
                "College": "Hawaiian Knowledge",
                "FieldsOfStudy": [
                    "Asian Studies",
                    "Pacific Area Studies"
                ],
                "Details": "Hawai\u2019inuiakea"
            },
            {
                "College": "Law",
                "FieldsOfStudy": [
                    "Law"
                ],
                "Details": "William S. Richardson"
            },
            {
                "College": "Medicine",
                "FieldsOfStudy": [
                    "Medical Technology",
                    "Medicine",
                    "Public Health",
                    "Speech Therapy and Audiology"
                ],
                "Details": "John A. Burns"
            },
            {
                "College": "Nursing",
                "FieldsOfStudy": [
                    "Nursing"
                ],
                "Details": "Nancy Atmospera-Walch"
            },
            {
                "College": "Ocean and  Earth Science and Technology",
                "FieldsOfStudy": [
                    "Earth Sciences",
                    "Marine Science and Oceanography"
                ],
                "Details": "N/A"
            },
            {
                "College": "Social Work  and Public Health",
                "FieldsOfStudy": [
                    "Social Work"
                ],
                "Details": "Thompson"
            }
        ],
        "Degrees": {
            "Undergraduate": {
                "CertificateOrDiploma": [],
                "Bachelor'sDegree": [
                    "Air Transport",
                    "American Studies",
                    "Ancient Civilizations",
                    "Architectural and Environmental Design",
                    "Art History",
                    "Asian Studies",
                    "Biochemistry",
                    "Bioengineering",
                    "Biology",
                    "Biomedicine",
                    "Biotechnology",
                    "Botany",
                    "Business Administration",
                    "Cell Biology",
                    "Chemistry",
                    "Chinese",
                    "Cinema and Television",
                    "Civil Engineering",
                    "Classical Languages",
                    "Clinical Psychology",
                    "Communication Studies",
                    "Computer Engineering",
                    "Computer Graphics",
                    "Computer Networks",
                    "Computer Science",
                    "Construction Engineering",
                    "Dance",
                    "Dental Hygiene",
                    "Dietetics",
                    "Earth Sciences",
                    "Economics",
                    "Electrical Engineering",
                    "Engineering",
                    "English",
                    "Environmental Studies",
                    "Ethnology",
                    "Family Studies",
                    "Fashion Design",
                    "Finance",
                    "Fine Arts",
                    "Food Science",
                    "French",
                    "Gender Studies",
                    "Geography",
                    "German",
                    "Hindi",
                    "History",
                    "Hotel Management",
                    "Human Resources",
                    "Indonesian",
                    "Information Sciences",
                    "International Business",
                    "Japanese",
                    "Journalism",
                    "Korean",
                    "Latin American Studies",
                    "Literature",
                    "Management",
                    "Marine Biology",
                    "Marketing",
                    "Mathematics",
                    "Mechanical Engineering",
                    "Media Studies",
                    "Medical Technology",
                    "Microbiology",
                    "Modern Languages",
                    "Molecular Biology",
                    "Music",
                    "Native Language",
                    "Natural Resources",
                    "Nursing",
                    "Nutrition",
                    "Pacific Area Studies",
                    "Philosophy",
                    "Physical Education",
                    "Physics",
                    "Plant and Crop Protection",
                    "Political Sciences",
                    "Primary Education",
                    "Psychology",
                    "Public Health",
                    "Religious Studies",
                    "Russian",
                    "Sanskrit",
                    "Secondary Education",
                    "Social Work",
                    "Sociology",
                    "Spanish",
                    "Special Education",
                    "Thai Languages",
                    "Theatre",
                    "Tourism",
                    "Tropical Agriculture",
                    "Women's Studies",
                    "Zoology"
                ]
            },
            "Postgraduate": {
                "PostBachelor'sDiplomaOrCertificate": [],
                "Master'sDegree": [
                    "Accountancy",
                    "Air Transport",
                    "American Studies",
                    "Animal Husbandry",
                    "Anthropology",
                    "Art History",
                    "Asian Religious Studies",
                    "Asian Studies",
                    "Astronomy and Space Science",
                    "Bioengineering",
                    "Biology",
                    "Biomedicine",
                    "Botany",
                    "Business Administration",
                    "Cell Biology",
                    "Chemistry",
                    "Civil Engineering",
                    "Communication Disorders",
                    "Communication Studies",
                    "Computer Science",
                    "Curriculum",
                    "Earth Sciences",
                    "East Asian Studies",
                    "Economics",
                    "Education",
                    "Educational Administration",
                    "Educational Psychology",
                    "Educational Technology",
                    "Electrical Engineering",
                    "English",
                    "Entomology",
                    "Environmental Management",
                    "Environmental Studies",
                    "Finance",
                    "Fine Arts",
                    "Food Science",
                    "French",
                    "Geography",
                    "Health Sciences",
                    "History",
                    "Human Resources",
                    "Indigenous Studies",
                    "Information Management",
                    "Information Sciences",
                    "Landscape Architecture",
                    "Law",
                    "Library Science",
                    "Linguistics",
                    "Marine Biology",
                    "Marine Science and Oceanography",
                    "Marketing",
                    "Mathematics",
                    "Mechanical Engineering",
                    "Meteorology",
                    "Microbiology",
                    "Modern Languages",
                    "Molecular Biology",
                    "Music",
                    "Native Language Education",
                    "Natural Resources",
                    "Nursing",
                    "Nutrition",
                    "Pacific Area Studies",
                    "Philosophy",
                    "Physical Education",
                    "Physical Therapy",
                    "Physics",
                    "Political Sciences",
                    "Preschool Education",
                    "Psychology",
                    "Public Administration",
                    "Public Health",
                    "Regional Planning",
                    "Social Work",
                    "Sociology",
                    "Spanish",
                    "Special Education",
                    "Teacher Training",
                    "Theatre",
                    "Town Planning",
                    "Tropical Agriculture",
                    "Zoology"
                ],
                "Doctor'sDegrees": [
                    "Architecture",
                    "Law",
                    "Medicine",
                    "Nursing"
                ],
                "ResearchScholarship": [
                    "American Studies",
                    "Anthropology",
                    "Astronomy and Space Science",
                    "Bioengineering",
                    "Biology",
                    "Biomedicine",
                    "Botany",
                    "Business Administration",
                    "Cell Biology",
                    "Chemistry",
                    "Civil Engineering",
                    "Communication Studies",
                    "Computer Science",
                    "Curriculum",
                    "Earth Sciences",
                    "East Asian Studies",
                    "Economics",
                    "Education",
                    "Educational Administration",
                    "Educational Psychology",
                    "Educational Technology",
                    "Electrical Engineering",
                    "English",
                    "Entomology",
                    "Environmental Management",
                    "Environmental Studies",
                    "Epidemiology",
                    "Geography",
                    "History",
                    "Information Sciences",
                    "Linguistics",
                    "Marine Biology",
                    "Marine Science and Oceanography",
                    "Mathematics",
                    "Mechanical Engineering",
                    "Microbiology",
                    "Modern Languages",
                    "Molecular Biology",
                    "Music",
                    "Natural Resources",
                    "Nutrition",
                    "Philosophy",
                    "Physics",
                    "Political Sciences",
                    "Psychology",
                    "Public Health",
                    "Regional Planning",
                    "Rehabilitation and Therapy",
                    "Social Welfare",
                    "Sociology",
                    "Soil Science",
                    "Theatre",
                    "Town Planning",
                    "Tropical Agriculture",
                    "Zoology"
                ],
                "EducationSpecialistDegree": []
            }
        }
    },
    {
        "GeneralInformation": {
            "Address": {
                "Street": "91-1001 Farrington Highway",
                "City": "Kapolei",
                "Province": "Hawaii",
                "PostCode": "96707",
                "Website": "https://westoahu.hawaii.edu",
                "college_name": "University of Hawaii-West Oahu",
                "university_name": "(UHWO)"
            },
            "InstitutionFunding": "Public",
            "History": "Founded 1976",
            "AcademicYear": "N/A",
            "AdmissionRequirements": [],
            "Languages": [
                "English"
            ],
            "StudentBody": "co-ed"
        },
        "Divisions": [
            {
                "College": "Humanities",
                "FieldsOfStudy": [
                    "Austronesian and Oceanic Languages",
                    "History",
                    "Literature",
                    "Philosophy"
                ],
                "Details": "N/A"
            },
            {
                "College": "Professional Studies",
                "FieldsOfStudy": [
                    "Accountancy",
                    "Business Administration",
                    "Public Administration"
                ],
                "Details": "N/A"
            },
            {
                "College": "Social Sciences",
                "FieldsOfStudy": [
                    "Anthropology",
                    "Economics",
                    "Finance",
                    "Political Sciences",
                    "Preschool Education",
                    "Sociology",
                    "Toxicology"
                ],
                "Details": "N/A"
            }
        ],
        "Degrees": {
            "Undergraduate": {
                "CertificateOrDiploma": [],
                "Bachelor'sDegree": [
                    "Arts and Humanities",
                    "Business Administration",
                    "Computer Science",
                    "Education",
                    "Media Studies",
                    "Natural Sciences",
                    "Public Administration",
                    "Social Sciences"
                ]
            },
            "Postgraduate": {
                "PostBachelor'sDiplomaOrCertificate": [],
                "Master'sDegree": [],
                "Doctor'sDegrees": [],
                "ResearchScholarship": [],
                "EducationSpecialistDegree": []
            }
        }
    },
    {
        "GeneralInformation": {
            "Address": {
                "Street": "310 W Kaahumanu Ave",
                "City": "Kahului",
                "Province": "Hawaii",
                "PostCode": "96732-1617",
                "Website": "https://maui.hawaii.edu",
                "college_name": "University of Hawai\u02bbi Maui College",
                "university_name": "(UHMC)"
            },
            "InstitutionFunding": "Public",
            "History": "Founded as Maui Vocational School established,1931. Became, Maui Technical School, 1958",
            "AcademicYear": "N/A",
            "AdmissionRequirements": [],
            "Languages": [
                "English"
            ],
            "StudentBody": "co-ed"
        },
        "Divisions": [
            {
                "College": "Accounting",
                "FieldsOfStudy": [
                    "Accountancy"
                ],
                "Details": "N/A"
            },
            {
                "College": "Administration of Justice",
                "FieldsOfStudy": [
                    "Justice Administration"
                ],
                "Details": "N/A"
            },
            {
                "College": "Agriculture and Natural Resources",
                "FieldsOfStudy": [
                    "Agriculture",
                    "Natural Resources"
                ],
                "Details": "N/A"
            },
            {
                "College": "Applied Business and Information Technology",
                "FieldsOfStudy": [
                    "Information Technology",
                    "Small Business"
                ],
                "Details": "N/A"
            },
            {
                "College": "Automotive Technology",
                "FieldsOfStudy": [
                    "Automotive Engineering"
                ],
                "Details": "N/A"
            },
            {
                "College": "Business Administration",
                "FieldsOfStudy": [
                    "Business Administration"
                ],
                "Details": "N/A"
            },
            {
                "College": "Business Technology",
                "FieldsOfStudy": [
                    "Technology"
                ],
                "Details": "N/A"
            },
            {
                "College": "Construction Technology",
                "FieldsOfStudy": [
                    "Construction Engineering"
                ],
                "Details": "N/A"
            },
            {
                "College": "Creative Media",
                "FieldsOfStudy": [
                    "Media Studies"
                ],
                "Details": "N/A"
            },
            {
                "College": "Culinary Arts",
                "FieldsOfStudy": [
                    "Cooking and Catering"
                ],
                "Details": "N/A"
            },
            {
                "College": "Dental Hygiene",
                "FieldsOfStudy": [
                    "Dental Hygiene"
                ],
                "Details": "N/A"
            },
            {
                "College": "Early Childhood Education",
                "FieldsOfStudy": [
                    "Preschool Education"
                ],
                "Details": "N/A"
            },
            {
                "College": "Electronic & Computer Engineering Technology",
                "FieldsOfStudy": [
                    "Computer Engineering",
                    "Electronic Engineering"
                ],
                "Details": "N/A"
            },
            {
                "College": "Environmental Management",
                "FieldsOfStudy": [
                    "Environmental Management",
                    "Environmental Studies"
                ],
                "Details": "N/A"
            },
            {
                "College": "Hawaiian Studies",
                "FieldsOfStudy": [
                    "Pacific Area Studies"
                ],
                "Details": "N/A"
            },
            {
                "College": "Health Sciences",
                "FieldsOfStudy": [
                    "Health Sciences"
                ],
                "Details": "N/A"
            },
            {
                "College": "Hospitality and Tourism",
                "FieldsOfStudy": [
                    "Tourism"
                ],
                "Details": "N/A"
            },
            {
                "College": "Human Services",
                "FieldsOfStudy": [
                    "Social Work"
                ],
                "Details": "N/A"
            },
            {
                "College": "Liberal Arts",
                "FieldsOfStudy": [
                    "Arts and Humanities"
                ],
                "Details": "N/A"
            },
            {
                "College": "Marine Science",
                "FieldsOfStudy": [
                    "Marine Science and Oceanography"
                ],
                "Details": "N/A"
            },
            {
                "College": "Natural Resources and Conservation",
                "FieldsOfStudy": [
                    "Natural Resources"
                ],
                "Details": "N/A"
            },
            {
                "College": "Natural Sciences",
                "FieldsOfStudy": [
                    "Natural Sciences"
                ],
                "Details": "N/A"
            },
            {
                "College": "Nursing",
                "FieldsOfStudy": [
                    "Nursing"
                ],
                "Details": "N/A"
            },
            {
                "College": "Visual Arts",
                "FieldsOfStudy": [
                    "Visual Arts"
                ],
                "Details": "N/A"
            }
        ],
        "Degrees": {
            "Undergraduate": {
                "CertificateOrDiploma": [],
                "Bachelor'sDegree": [
                    "Environmental Studies",
                    "Information Technology",
                    "Small Business"
                ]
            },
            "Postgraduate": {
                "PostBachelor'sDiplomaOrCertificate": [],
                "Master'sDegree": [],
                "Doctor'sDegrees": [],
                "ResearchScholarship": [],
                "EducationSpecialistDegree": []
            }
        }
    }
]