[
    {
        "GeneralInformation": {
            "Address": {
                "Street": "Avenida 8 de Octubre 2738",
                "City": "Montevideo",
                "Province": "N/A",
                "PostCode": "11600",
                "Website": "https://ucu.edu.uy",
                "college_name": "D\u00e1maso Antonio Larra\u00f1aga Catholic University of Uruguay",
                "university_name": "Universidad Cat\u00f3lica del Uruguay D\u00e1maso Antonio Larra\u00f1aga (UCU)"
            },
            "InstitutionFunding": "Private",
            "History": "Founded 1954 as Institute of Philosophy, Science and Letters, acquired present status and title 1985",
            "AcademicYear": "March to December (March-July; August-December)",
            "AdmissionRequirements": [
                "Secondary school certificate (Bachillerato)"
            ],
            "Languages": [
                "Spanish"
            ],
            "StudentBody": "co-ed"
        },
        "Divisions": [
            {
                "College": "Continuing Education",
                "FieldsOfStudy": "N/A",
                "Details": "N/A"
            },
            {
                "College": "Language",
                "FieldsOfStudy": [
                    "Modern Languages"
                ],
                "Details": "N/A"
            },
            {
                "College": "Writing",
                "FieldsOfStudy": [
                    "Writing"
                ],
                "Details": "N/A"
            },
            {
                "College": "Islam",
                "FieldsOfStudy": "N/A",
                "Details": "N/A"
            },
            {
                "College": "Judaism",
                "FieldsOfStudy": [
                    "Nisso Acher"
                ],
                "Details": "N/A"
            },
            {
                "College": "Logistics",
                "FieldsOfStudy": "N/A",
                "Details": "N/A"
            },
            {
                "College": "Travels and Ttravelers",
                "FieldsOfStudy": "N/A",
                "Details": "N/A"
            },
            {
                "College": "Mercosur-ASEAN",
                "FieldsOfStudy": "N/A",
                "Details": "N/A"
            },
            {
                "College": "Economic Situation Observatory",
                "FieldsOfStudy": "N/A",
                "Details": "N/A"
            },
            {
                "College": "Observatory of Energy and Sustainable Development",
                "FieldsOfStudy": "N/A",
                "Details": "N/A"
            },
            {
                "College": "Salto Economic Observatory",
                "FieldsOfStudy": "N/A",
                "Details": "N/A"
            },
            {
                "College": "Business Administration",
                "FieldsOfStudy": [
                    "Administration",
                    "Business Administration",
                    "Finance",
                    "International Business"
                ],
                "Details": "N/A"
            },
            {
                "College": "Engineering and Technologies",
                "FieldsOfStudy": [
                    "Computer Science",
                    "Engineering",
                    "Natural Sciences"
                ],
                "Details": "N/A"
            },
            {
                "College": "Health Sciences",
                "FieldsOfStudy": [
                    "Clinical Psychology",
                    "Dentistry",
                    "Educational Psychology",
                    "Health Sciences",
                    "Industrial and Organizational Psychology",
                    "Neurosciences",
                    "Nursing",
                    "Nutrition",
                    "Physical Therapy",
                    "Psychology",
                    "Social Psychology"
                ],
                "Details": "N/A"
            },
            {
                "College": "Law and Human Sciences",
                "FieldsOfStudy": [
                    "Arts and Humanities",
                    "Communication Studies",
                    "Education",
                    "Fine Arts",
                    "Law",
                    "Social Sciences"
                ],
                "Details": "Montevideo, Punta del Este (Maldonado)"
            },
            {
                "College": "Competitiveness",
                "FieldsOfStudy": [
                    "Economics"
                ],
                "Details": "N/A"
            },
            {
                "College": "History",
                "FieldsOfStudy": [
                    "History"
                ],
                "Details": "N/A"
            },
            {
                "College": "International Business",
                "FieldsOfStudy": "N/A",
                "Details": "N/A"
            },
            {
                "College": "Philosophy",
                "FieldsOfStudy": "N/A",
                "Details": "N/A"
            },
            {
                "College": "Society and Religion",
                "FieldsOfStudy": "N/A",
                "Details": "N/A"
            },
            {
                "College": "Wellness and Health",
                "FieldsOfStudy": "N/A",
                "Details": "N/A"
            },
            {
                "College": "Marketing and Tourism",
                "FieldsOfStudy": "N/A",
                "Details": "N/A"
            },
            {
                "College": "Business",
                "FieldsOfStudy": [
                    "Business Administration"
                ],
                "Details": "N/A"
            }
        ],
        "Degrees": {
            "Undergraduate": {
                "CertificateOrDiploma": [],
                "Bachelor'sDegree": []
            },
            "Postgraduate": {
                "PostBachelor'sDiplomaOrCertificate": [],
                "Master'sDegree": [],
                "Doctor'sDegrees": [
                    "Psychology"
                ],
                "ResearchScholarship": [],
                "EducationSpecialistDegree": []
            }
        }
    },
    {
        "GeneralInformation": {
            "Address": {
                "Street": "Cuareim 1451",
                "City": "Montevideo",
                "Province": "N/A",
                "PostCode": "11100",
                "Website": "https://www.ort.edu.uy",
                "college_name": "ORT University of Uruguay",
                "university_name": "Universidad ORT Uruguay"
            },
            "InstitutionFunding": "Private",
            "History": "Founded in 1943 as Instituto Tecnol\u00f3gico ORT, an institution oriented towards vocational-technical education. First university level programmes started in 1984. Acquired present status and title 1996 after reorganization under a new legal framework",
            "AcademicYear": "March to December (March-July; August-December)",
            "AdmissionRequirements": [
                "Secondary school certificate (bachillerato diversificado)"
            ],
            "Languages": [
                "Spanish"
            ],
            "StudentBody": "co-ed"
        },
        "Divisions": [
            {
                "College": "Administration and Social Sciences",
                "FieldsOfStudy": [
                    "Accountancy",
                    "Administration",
                    "Agricultural Business",
                    "Banking",
                    "Business Administration",
                    "Economics",
                    "Finance",
                    "Human Resources",
                    "International Studies",
                    "Management",
                    "Social Sciences",
                    "Tourism",
                    "Transport Management"
                ],
                "Details": "Pocitos Campus"
            },
            {
                "College": "Architecture",
                "FieldsOfStudy": [
                    "Architecture",
                    "Interior Design",
                    "Landscape Architecture",
                    "Management",
                    "Real Estate"
                ],
                "Details": "Pocitos Campus"
            },
            {
                "College": "Communication and Design",
                "FieldsOfStudy": [
                    "Advertising and Publicity",
                    "Business and Commerce",
                    "Design",
                    "Fashion Design",
                    "Graphic Design",
                    "Industrial Design",
                    "Interior Design",
                    "Journalism",
                    "Marketing",
                    "Mass Communication",
                    "Media Studies",
                    "Multimedia",
                    "Music",
                    "Public Relations"
                ],
                "Details": "N/A"
            },
            {
                "College": "Engineering",
                "FieldsOfStudy": [
                    "Artificial Intelligence",
                    "Biotechnology",
                    "Computer Science",
                    "Electrical and Electronic Engineering",
                    "Electronic Engineering",
                    "Engineering",
                    "Management Systems",
                    "Software Engineering",
                    "Telecommunications Engineering"
                ],
                "Details": "N/A"
            },
            {
                "College": "Education",
                "FieldsOfStudy": [
                    "Education",
                    "Educational Research",
                    "English",
                    "Foreign Languages Education",
                    "Higher Education",
                    "Secondary Education",
                    "Teacher Training"
                ],
                "Details": "N/A"
            }
        ],
        "Degrees": {
            "Undergraduate": {
                "CertificateOrDiploma": [],
                "Bachelor'sDegree": []
            },
            "Postgraduate": {
                "PostBachelor'sDiplomaOrCertificate": [],
                "Master'sDegree": [],
                "Doctor'sDegrees": [
                    "Education"
                ],
                "ResearchScholarship": [],
                "EducationSpecialistDegree": []
            }
        }
    },
    {
        "GeneralInformation": {
            "Address": {
                "Street": "Avenida 18 de Julio 1824",
                "City": "Montevideo",
                "Province": "N/A",
                "PostCode": "11200",
                "Website": "https://udelar.edu.uy",
                "college_name": "University of the Republic",
                "university_name": "Universidad de la Rep\u00fablica (UDELAR)"
            },
            "InstitutionFunding": "Public",
            "History": "Founded 1833 by law and inaugurated 1849 by decree as the Universidad de la Rep\u00fablica. An autonomous state institution financed by the central government",
            "AcademicYear": "March to December",
            "AdmissionRequirements": [
                "Secondary school certificate (bachillerato)"
            ],
            "Languages": [
                "Spanish"
            ],
            "StudentBody": "co-ed"
        },
        "Divisions": [
            {
                "College": "Eastern Regional Centre",
                "FieldsOfStudy": [
                    "Agriculture",
                    "Architectural and Environmental Design",
                    "Arts and Humanities",
                    "Earth Sciences",
                    "Ecology",
                    "Education",
                    "Landscape Architecture",
                    "Mathematics",
                    "Regional Planning",
                    "Social Sciences",
                    "Technology"
                ],
                "Details": "N/A"
            },
            {
                "College": "North Coast Regional Centre",
                "FieldsOfStudy": [
                    "Biological and Life Sciences",
                    "Biology",
                    "Forestry",
                    "Natural Resources",
                    "Nursing",
                    "Physical Education"
                ],
                "Details": "N/A"
            },
            {
                "College": "Northeastern Regional Centre",
                "FieldsOfStudy": [
                    "Accountancy",
                    "Agricultural Engineering",
                    "Bioengineering",
                    "Biology",
                    "Design",
                    "Diabetology",
                    "Laboratory Techniques",
                    "Law",
                    "Mathematics",
                    "Medical Technology",
                    "Medicine",
                    "Nursing",
                    "Physical Education",
                    "Physical Therapy",
                    "Psychology",
                    "Radiology",
                    "Rehabilitation and Therapy",
                    "Social Sciences",
                    "Social Work",
                    "Sociology",
                    "Tourism",
                    "Veterinary Science",
                    "Water Science",
                    "Writing"
                ],
                "Details": "N/A"
            },
            {
                "College": "Agronomy",
                "FieldsOfStudy": [
                    "Agronomy"
                ],
                "Details": "N/A"
            },
            {
                "College": "Architecture, Design and Urbanism",
                "FieldsOfStudy": [
                    "Architecture",
                    "Design",
                    "Town Planning"
                ],
                "Details": "N/A"
            },
            {
                "College": "Chemistry",
                "FieldsOfStudy": [
                    "Chemistry"
                ],
                "Details": "N/A"
            },
            {
                "College": "Dentistry",
                "FieldsOfStudy": [
                    "Dental Technology",
                    "Dentistry"
                ],
                "Details": "N/A"
            },
            {
                "College": "Economics and Administration",
                "FieldsOfStudy": [
                    "Accountancy",
                    "Administration",
                    "Economics"
                ],
                "Details": "N/A"
            },
            {
                "College": "Engineering",
                "FieldsOfStudy": [
                    "Civil Engineering",
                    "Computer Engineering",
                    "Electrical Engineering",
                    "Engineering",
                    "Industrial Engineering",
                    "Marine Engineering",
                    "Mechanical Engineering"
                ],
                "Details": "N/A"
            },
            {
                "College": "Humanities and Educational Sciences",
                "FieldsOfStudy": [
                    "Anthropology",
                    "Arts and Humanities",
                    "Educational Sciences",
                    "History",
                    "Linguistics",
                    "Literature",
                    "Philosophy",
                    "Tourism"
                ],
                "Details": "N/A"
            },
            {
                "College": "Information and Communication",
                "FieldsOfStudy": [
                    "Communication Studies",
                    "Information Sciences"
                ],
                "Details": "N/A"
            },
            {
                "College": "Law",
                "FieldsOfStudy": [
                    "Law"
                ],
                "Details": "N/A"
            },
            {
                "College": "Medicine",
                "FieldsOfStudy": [
                    "Medical Auxiliaries",
                    "Medicine"
                ],
                "Details": "N/A"
            },
            {
                "College": "Nursing",
                "FieldsOfStudy": [
                    "Nursing"
                ],
                "Details": "N/A"
            },
            {
                "College": "Psychology",
                "FieldsOfStudy": [
                    "Psychology"
                ],
                "Details": "N/A"
            },
            {
                "College": "Science",
                "FieldsOfStudy": [
                    "Astronomy and Space Science",
                    "Biochemistry",
                    "Biology",
                    "Geography",
                    "Geology",
                    "Mathematics",
                    "Meteorology",
                    "Natural Sciences",
                    "Physics"
                ],
                "Details": "N/A"
            },
            {
                "College": "Social Sciences",
                "FieldsOfStudy": [
                    "Political Sciences",
                    "Social Sciences",
                    "Social Work",
                    "Sociology"
                ],
                "Details": "N/A"
            },
            {
                "College": "Veterinary Science",
                "FieldsOfStudy": [
                    "Veterinary Science"
                ],
                "Details": "N/A"
            },
            {
                "College": "Fine Arts",
                "FieldsOfStudy": [
                    "Fine Arts"
                ],
                "Details": "Instituto Escuela Nacional de Bellas Artes"
            },
            {
                "College": "Hygiene",
                "FieldsOfStudy": [
                    "Hygiene"
                ],
                "Details": "N/A"
            },
            {
                "College": "Physical Education",
                "FieldsOfStudy": [
                    "Physical Education"
                ],
                "Details": "Instituto Superior de Educaci\u00f3n F\u00edsica"
            },
            {
                "College": "Design",
                "FieldsOfStudy": [
                    "Design"
                ],
                "Details": "N/A"
            },
            {
                "College": "Medical Technology",
                "FieldsOfStudy": [
                    "Medical Technology"
                ],
                "Details": "N/A"
            },
            {
                "College": "Midwifery",
                "FieldsOfStudy": [
                    "Midwifery"
                ],
                "Details": "N/A"
            },
            {
                "College": "Music",
                "FieldsOfStudy": [
                    "Music"
                ],
                "Details": "N/A"
            },
            {
                "College": "Nutrition",
                "FieldsOfStudy": [
                    "Nutrition"
                ],
                "Details": "N/A"
            }
        ],
        "Degrees": {
            "Undergraduate": {
                "CertificateOrDiploma": [],
                "Bachelor'sDegree": []
            },
            "Postgraduate": {
                "PostBachelor'sDiplomaOrCertificate": [],
                "Master'sDegree": [],
                "Doctor'sDegrees": [
                    "Agriculture",
                    "Animal Husbandry",
                    "Anthropology",
                    "Architecture",
                    "Biological and Life Sciences",
                    "Biomedicine",
                    "Biotechnology",
                    "Chemical Engineering",
                    "Chemistry",
                    "Civil Engineering",
                    "Computer Science",
                    "Demography and Population",
                    "Dentistry",
                    "Earth Sciences",
                    "Economic History",
                    "Economics",
                    "Education",
                    "Electrical Engineering",
                    "Energy Engineering",
                    "Environmental Engineering",
                    "Environmental Studies",
                    "Law",
                    "Mathematics",
                    "Mechanical Engineering",
                    "Philosophy",
                    "Physical Engineering",
                    "Physics",
                    "Political Sciences",
                    "Psychology",
                    "Science Education",
                    "Social Sciences",
                    "Social Work",
                    "Sociology",
                    "Veterinary Science"
                ],
                "ResearchScholarship": [],
                "EducationSpecialistDegree": []
            }
        }
    },
    {
        "GeneralInformation": {
            "Address": {
                "Street": "Soriano 959",
                "City": "Montevideo",
                "Province": "N/A",
                "PostCode": "N/A",
                "Website": "https://ude.edu.uy",
                "college_name": "Business University",
                "university_name": "Universidad de la Empresa (UDE)"
            },
            "InstitutionFunding": "Private",
            "History": "Founded 1995, acquired present status and title 1998",
            "AcademicYear": "March to December (March-July; August-December)",
            "AdmissionRequirements": [
                "Secondary school certificate (Bachillerato)"
            ],
            "Languages": [
                "Spanish"
            ],
            "StudentBody": "co-ed"
        },
        "Divisions": [
            {
                "College": "Agriculture",
                "FieldsOfStudy": [
                    "Agricultural Engineering",
                    "Agricultural Management",
                    "Agriculture",
                    "Forestry"
                ],
                "Details": "N/A"
            },
            {
                "College": "Business Administration",
                "FieldsOfStudy": [
                    "Accountancy",
                    "Business Administration",
                    "Business and Commerce",
                    "Economics",
                    "Finance",
                    "Human Resources",
                    "International Business",
                    "Management",
                    "Marketing"
                ],
                "Details": "N/A"
            },
            {
                "College": "Design and Communication",
                "FieldsOfStudy": [
                    "Design",
                    "Graphic Design",
                    "Industrial Design"
                ],
                "Details": "N/A"
            },
            {
                "College": "Educational Sciences",
                "FieldsOfStudy": [
                    "Education",
                    "Physical Education"
                ],
                "Details": "N/A"
            },
            {
                "College": "Engineering",
                "FieldsOfStudy": [
                    "Computer Engineering",
                    "Engineering",
                    "Information Technology"
                ],
                "Details": "N/A"
            },
            {
                "College": "Health Science",
                "FieldsOfStudy": [
                    "Health Sciences",
                    "Medical Technology",
                    "Physical Therapy"
                ],
                "Details": "N/A"
            },
            {
                "College": "Law",
                "FieldsOfStudy": [
                    "International Law",
                    "Law"
                ],
                "Details": "N/A"
            },
            {
                "College": "Business Developpment",
                "FieldsOfStudy": [
                    "Human Resources",
                    "International Business",
                    "Management",
                    "Marketing"
                ],
                "Details": "N/A"
            }
        ],
        "Degrees": {
            "Undergraduate": {
                "CertificateOrDiploma": [],
                "Bachelor'sDegree": []
            },
            "Postgraduate": {
                "PostBachelor'sDiplomaOrCertificate": [],
                "Master'sDegree": [],
                "Doctor'sDegrees": [],
                "ResearchScholarship": [],
                "EducationSpecialistDegree": []
            }
        }
    },
    {
        "GeneralInformation": {
            "Address": {
                "Street": "Casilla de Correo 5021\nZelmar Michelini 1220",
                "City": "Montevideo",
                "Province": "N/A",
                "PostCode": "11100",
                "Website": "https://universidad.claeh.edu.uy",
                "college_name": "CLAEH University",
                "university_name": "Universidad CLAEH \u2013 Universidad Centro Latinoamericano de Econom\u00eda Humana (CLAEH)"
            },
            "InstitutionFunding": "Private",
            "History": "Founded 1957. Acquired present status 1997",
            "AcademicYear": "N/A",
            "AdmissionRequirements": [],
            "Languages": [
                "Spanish"
            ],
            "StudentBody": "co-ed"
        },
        "Divisions": [
            {
                "College": "Cultural Studies",
                "FieldsOfStudy": [
                    "Art History",
                    "Art Management",
                    "Performing Arts",
                    "Sports Management"
                ],
                "Details": "N/A"
            },
            {
                "College": "Education",
                "FieldsOfStudy": [
                    "Education"
                ],
                "Details": "N/A"
            },
            {
                "College": "Health Administration",
                "FieldsOfStudy": [
                    "Health Administration"
                ],
                "Details": "N/A"
            },
            {
                "College": "Innovation and Development",
                "FieldsOfStudy": [
                    "Education",
                    "Environmental Studies",
                    "Meteorology",
                    "Welfare and Protective Services"
                ],
                "Details": "N/A"
            },
            {
                "College": "Law",
                "FieldsOfStudy": [
                    "Law"
                ],
                "Details": "N/A"
            },
            {
                "College": "Local Development",
                "FieldsOfStudy": [
                    "Development Studies"
                ],
                "Details": "N/A"
            },
            {
                "College": "Medicine",
                "FieldsOfStudy": [
                    "Medicine"
                ],
                "Details": "N/A"
            },
            {
                "College": "Technology and Education",
                "FieldsOfStudy": [
                    "Educational Technology"
                ],
                "Details": "N/A"
            }
        ],
        "Degrees": {
            "Undergraduate": {
                "CertificateOrDiploma": [],
                "Bachelor'sDegree": []
            },
            "Postgraduate": {
                "PostBachelor'sDiplomaOrCertificate": [],
                "Master'sDegree": [],
                "Doctor'sDegrees": [],
                "ResearchScholarship": [],
                "EducationSpecialistDegree": []
            }
        }
    },
    {
        "GeneralInformation": {
            "Address": {
                "Street": "Juan Ram\u00f3n Gomez 2706",
                "City": "Montevideo",
                "Province": "N/A",
                "PostCode": "11600",
                "Website": "https://www.universitariocrandon.edu.uy",
                "college_name": "Crandon University Institute",
                "university_name": "Instituto Universitario Crandon \u2013 Instituto Metodista Universitario Crandon (IMUC)"
            },
            "InstitutionFunding": "Private",
            "History": "Founded 1906",
            "AcademicYear": "N/A",
            "AdmissionRequirements": [],
            "Languages": [
                "Spanish"
            ],
            "StudentBody": "co-ed"
        },
        "Divisions": [
            {
                "College": "Business Administration",
                "FieldsOfStudy": [
                    "Business Administration"
                ],
                "Details": "N/A"
            },
            {
                "College": "English Language Translation",
                "FieldsOfStudy": [
                    "Translation and Interpretation"
                ],
                "Details": "N/A"
            },
            {
                "College": "Secretarial Studies",
                "FieldsOfStudy": [
                    "Secretarial Studies"
                ],
                "Details": "N/A"
            }
        ],
        "Degrees": {
            "Undergraduate": {
                "CertificateOrDiploma": [],
                "Bachelor'sDegree": []
            },
            "Postgraduate": {
                "PostBachelor'sDiplomaOrCertificate": [],
                "Master'sDegree": [],
                "Doctor'sDegrees": [],
                "ResearchScholarship": [],
                "EducationSpecialistDegree": []
            }
        }
    },
    {
        "GeneralInformation": {
            "Address": {
                "Street": "25 de Mayo 710 esquina Rom\u00e1n Guerra",
                "City": "Maldonado",
                "Province": "N/A",
                "PostCode": "20000",
                "Website": "https://www.unifa.edu.uy",
                "college_name": "Francisco de As\u00eds University Institute",
                "university_name": "Instituto Universitario Francisco de Asis (UNIFA)"
            },
            "InstitutionFunding": "Private",
            "History": "Founded 1988",
            "AcademicYear": "N/A",
            "AdmissionRequirements": [],
            "Languages": [
                "Spanish"
            ],
            "StudentBody": "co-ed"
        },
        "Divisions": [
            {
                "College": "Administration",
                "FieldsOfStudy": [
                    "Accountancy",
                    "Administration",
                    "Business Administration",
                    "Tourism"
                ],
                "Details": "N/A"
            },
            {
                "College": "Social Sciences",
                "FieldsOfStudy": [
                    "Psychology"
                ],
                "Details": "N/A"
            }
        ],
        "Degrees": {
            "Undergraduate": {
                "CertificateOrDiploma": [],
                "Bachelor'sDegree": []
            },
            "Postgraduate": {
                "PostBachelor'sDiplomaOrCertificate": [],
                "Master'sDegree": [],
                "Doctor'sDegrees": [],
                "ResearchScholarship": [],
                "EducationSpecialistDegree": []
            }
        }
    },
    {
        "GeneralInformation": {
            "Address": {
                "Street": "San Salvador 1674",
                "City": "Montevideo",
                "Province": "N/A",
                "PostCode": "11200",
                "Website": "https://www.utu.edu.uy",
                "college_name": "General Directorate of Vocational Technical Education - UTU",
                "university_name": "Direcci\u00f3n General de Educaci\u00f3n T\u00e9cnico Profesional - UTU \u2013 Universidad del Trabajo del Uruguay (DGETP-UTU)"
            },
            "InstitutionFunding": "Public",
            "History": "Founded 1878 as Escuela Nacional de Artes y Oficios, changed name into Direcci\u00f3n General de Ense\u00f1anza Industrial 1916, Universidad del Trabajo del Uruguay (UTU) 1942, Consejo de Educaci\u00f3n T\u00e9cnico-Profesional (CETP) 1985",
            "AcademicYear": "N/A",
            "AdmissionRequirements": [],
            "Languages": [
                "Spanish"
            ],
            "StudentBody": "co-ed"
        },
        "Divisions": [
            {
                "College": "Central",
                "FieldsOfStudy": [
                    "Agriculture",
                    "Technology"
                ],
                "Details": "N/A"
            },
            {
                "College": "Eastern",
                "FieldsOfStudy": [
                    "Agriculture",
                    "Technology"
                ],
                "Details": "N/A"
            },
            {
                "College": "Northeastern",
                "FieldsOfStudy": [
                    "Agriculture",
                    "Technology"
                ],
                "Details": "N/A"
            },
            {
                "College": "Northern Coast",
                "FieldsOfStudy": [
                    "Agriculture",
                    "Engineering",
                    "Technology"
                ],
                "Details": "N/A"
            },
            {
                "College": "Southern Coast",
                "FieldsOfStudy": [
                    "Agriculture",
                    "Technology"
                ],
                "Details": "N/A"
            },
            {
                "College": "Basic Education",
                "FieldsOfStudy": "N/A",
                "Details": "N/A"
            },
            {
                "College": "Tertiary Education",
                "FieldsOfStudy": "N/A",
                "Details": "N/A"
            },
            {
                "College": "Aeronautical Engineering",
                "FieldsOfStudy": "N/A",
                "Details": "N/A"
            },
            {
                "College": "Architecture",
                "FieldsOfStudy": [
                    "Architecture"
                ],
                "Details": "N/A"
            },
            {
                "College": "Maritime Engineering",
                "FieldsOfStudy": [
                    "Marine Engineering"
                ],
                "Details": "N/A"
            }
        ],
        "Degrees": {
            "Undergraduate": {
                "CertificateOrDiploma": [],
                "Bachelor'sDegree": []
            },
            "Postgraduate": {
                "PostBachelor'sDiplomaOrCertificate": [],
                "Master'sDegree": [],
                "Doctor'sDegrees": [],
                "ResearchScholarship": [],
                "EducationSpecialistDegree": []
            }
        }
    },
    {
        "GeneralInformation": {
            "Address": {
                "Street": "Casona de Gorlero\n18 de Julio y Treinta y Tres",
                "City": "Maldonado",
                "Province": "N/A",
                "PostCode": "20000",
                "Website": "http://www.politecnico.edu.uy",
                "college_name": "Polytechnic of Punta del Este",
                "university_name": "Instituto Universitario Polit\u00e9cnico de Punta del Este"
            },
            "InstitutionFunding": "Private",
            "History": "Founded 1997",
            "AcademicYear": "N/A",
            "AdmissionRequirements": [],
            "Languages": [
                "Spanish"
            ],
            "StudentBody": "co-ed"
        },
        "Divisions": [
            {
                "College": "Accountancy",
                "FieldsOfStudy": [
                    "Accountancy"
                ],
                "Details": "N/A"
            },
            {
                "College": "Business Administration",
                "FieldsOfStudy": [
                    "Business Administration"
                ],
                "Details": "MBA - Postgraduate"
            },
            {
                "College": "Economics and Finance",
                "FieldsOfStudy": [
                    "Economics",
                    "Finance"
                ],
                "Details": "N/A"
            },
            {
                "College": "Innovation Management",
                "FieldsOfStudy": [
                    "Design",
                    "Economics",
                    "Marketing"
                ],
                "Details": "Postgraduate"
            }
        ],
        "Degrees": {
            "Undergraduate": {
                "CertificateOrDiploma": [],
                "Bachelor'sDegree": []
            },
            "Postgraduate": {
                "PostBachelor'sDiplomaOrCertificate": [],
                "Master'sDegree": [],
                "Doctor'sDegrees": [],
                "ResearchScholarship": [],
                "EducationSpecialistDegree": []
            }
        }
    },
    {
        "GeneralInformation": {
            "Address": {
                "Street": "Av. Italia 6201, Edificio Los Talas",
                "City": "Montevideo",
                "Province": "N/A",
                "PostCode": "11500",
                "Website": "https://utec.edu.uy",
                "college_name": "Technological University of Uruguay",
                "university_name": "Universidad Tecnol\u00f3gica del Uruguay (UTEC)"
            },
            "InstitutionFunding": "Public",
            "History": "Founded 2012",
            "AcademicYear": "N/A",
            "AdmissionRequirements": [],
            "Languages": [
                "Spanish"
            ],
            "StudentBody": "co-ed"
        },
        "Divisions": [
            {
                "College": "Agri-environmental Engineering",
                "FieldsOfStudy": [
                    "Agricultural Engineering",
                    "Environmental Engineering"
                ],
                "Details": "N/A"
            },
            {
                "College": "Biomedical Engineering",
                "FieldsOfStudy": [
                    "Biomedical Engineering"
                ],
                "Details": "N/A"
            },
            {
                "College": "Computer Science",
                "FieldsOfStudy": [
                    "Computer Science"
                ],
                "Details": "N/A"
            },
            {
                "College": "Dairy Science and Technology",
                "FieldsOfStudy": [
                    "Dairy",
                    "Food Science",
                    "Food Technology"
                ],
                "Details": "N/A"
            },
            {
                "College": "Data Science",
                "FieldsOfStudy": [
                    "Data Processing"
                ],
                "Details": "Postgraduate"
            },
            {
                "College": "Engineering in Irrigation, Drainage and Effluent Management Systems",
                "FieldsOfStudy": [
                    "Hydraulic Engineering",
                    "Irrigation"
                ],
                "Details": "N/A"
            },
            {
                "College": "Food Analysis",
                "FieldsOfStudy": [
                    "Food Science"
                ],
                "Details": "N/A"
            },
            {
                "College": "Industrial Mechatronics",
                "FieldsOfStudy": [
                    "Electronics and Automation"
                ],
                "Details": "N/A"
            },
            {
                "College": "Information Technology",
                "FieldsOfStudy": [
                    "Information Technology"
                ],
                "Details": "N/A"
            },
            {
                "College": "Jazz and Creative Music",
                "FieldsOfStudy": [
                    "Jazz and Popular Music"
                ],
                "Details": "N/A"
            },
            {
                "College": "Logistics Engineering",
                "FieldsOfStudy": [
                    "Transport Management"
                ],
                "Details": "N/A"
            },
            {
                "College": "Management of Dairy Production System",
                "FieldsOfStudy": [
                    "Agricultural Management",
                    "Dairy"
                ],
                "Details": "N/A"
            },
            {
                "College": "Mechatronics",
                "FieldsOfStudy": [
                    "Electronics and Automation"
                ],
                "Details": "N/A"
            },
            {
                "College": "Renewable Energy Engineering",
                "FieldsOfStudy": [
                    "Energy Engineering"
                ],
                "Details": "N/A"
            },
            {
                "College": "Robotics and Artificial Intelligence",
                "FieldsOfStudy": [
                    "Artificial Intelligence",
                    "Robotics"
                ],
                "Details": "Postgraduate"
            },
            {
                "College": "Technician in Chemistry",
                "FieldsOfStudy": [
                    "Chemistry"
                ],
                "Details": "N/A"
            },
            {
                "College": "Technician in Mechanics",
                "FieldsOfStudy": [
                    "Mechanical Equipment and Maintenance"
                ],
                "Details": "N/A"
            },
            {
                "College": "Technician in Systems Analysis and Development",
                "FieldsOfStudy": [
                    "Systems Analysis"
                ],
                "Details": "N/A"
            },
            {
                "College": "Central-Southern Regional Technological Institutes (ITR)",
                "FieldsOfStudy": [
                    "Agricultural Engineering",
                    "Energy Engineering",
                    "Environmental Engineering",
                    "Hydraulic Engineering",
                    "Information Technology",
                    "Irrigation"
                ],
                "Details": "N/A"
            },
            {
                "College": "Northern Regional Technological Institutes (ITR)",
                "FieldsOfStudy": [
                    "Agricultural Management",
                    "Electronics and Automation",
                    "Robotics",
                    "Systems Analysis",
                    "Transport Management"
                ],
                "Details": "N/A"
            },
            {
                "College": "Southwestern Regional Technological Institutes (ITR)",
                "FieldsOfStudy": [
                    "Agricultural Management",
                    "Biomedical Engineering",
                    "Chemistry",
                    "Computer Science",
                    "Dairy",
                    "Electronics and Automation",
                    "Food Technology",
                    "Industrial Maintenance",
                    "Information Technology",
                    "Jazz and Popular Music",
                    "Mechanical Equipment and Maintenance",
                    "Transport Management"
                ],
                "Details": "N/A"
            }
        ],
        "Degrees": {
            "Undergraduate": {
                "CertificateOrDiploma": [],
                "Bachelor'sDegree": []
            },
            "Postgraduate": {
                "PostBachelor'sDiplomaOrCertificate": [],
                "Master'sDegree": [],
                "Doctor'sDegrees": [],
                "ResearchScholarship": [],
                "EducationSpecialistDegree": []
            }
        }
    },
    {
        "GeneralInformation": {
            "Address": {
                "Street": "Bv Espa\u00f1a 2433",
                "City": "Montevideo",
                "Province": "N/A",
                "PostCode": "N/A",
                "Website": "https://cediiap.edu.uy",
                "college_name": "University Institute CEDIIAP",
                "university_name": "Instituto Universitario Centro de Docencia, Investigaci\u00f3n e Informaci\u00f3n en Aprendizaje \u2013 Instituto Universitario CEDIIAP (CEDIIAP)"
            },
            "InstitutionFunding": "Private",
            "History": "Founded 1995. Acquired present status 2001",
            "AcademicYear": "N/A",
            "AdmissionRequirements": [],
            "Languages": [
                "Spanish"
            ],
            "StudentBody": "co-ed"
        },
        "Divisions": [
            {
                "College": "Art Therapy",
                "FieldsOfStudy": [
                    "Art Therapy"
                ],
                "Details": "N/A"
            },
            {
                "College": "Educational Psychology",
                "FieldsOfStudy": [
                    "Educational Psychology",
                    "Psychology"
                ],
                "Details": "N/A"
            },
            {
                "College": "Psychomotricity",
                "FieldsOfStudy": [
                    "Rehabilitation and Therapy"
                ],
                "Details": "N/A"
            }
        ],
        "Degrees": {
            "Undergraduate": {
                "CertificateOrDiploma": [],
                "Bachelor'sDegree": []
            },
            "Postgraduate": {
                "PostBachelor'sDiplomaOrCertificate": [],
                "Master'sDegree": [],
                "Doctor'sDegrees": [],
                "ResearchScholarship": [],
                "EducationSpecialistDegree": []
            }
        }
    },
    {
        "GeneralInformation": {
            "Address": {
                "Street": "Canelones 1571",
                "City": "Montevideo",
                "Province": "N/A",
                "PostCode": "N/A",
                "Website": "https://apuruguay.org",
                "college_name": "University Institute of Postgraduate Studies in Psychoanalysis",
                "university_name": "Instituto Universitario de Postgrado en Psicoan\u00e1lisis \u2013 Instituto Universitario de Posgrado en Psicoan\u00e1lisis de la Asociaci\u00f3n Psicoanal\u00edtica del Uruguay (IUPP)"
            },
            "InstitutionFunding": "Private",
            "History": "Founded 1955",
            "AcademicYear": "N/A",
            "AdmissionRequirements": [],
            "Languages": [
                "Spanish"
            ],
            "StudentBody": "co-ed"
        },
        "Divisions": [
            {
                "College": "Psychoanalysis",
                "FieldsOfStudy": [
                    "Psychoanalysis"
                ],
                "Details": "N/A"
            }
        ],
        "Degrees": {
            "Undergraduate": {
                "CertificateOrDiploma": [],
                "Bachelor'sDegree": []
            },
            "Postgraduate": {
                "PostBachelor'sDiplomaOrCertificate": [],
                "Master'sDegree": [],
                "Doctor'sDegrees": [],
                "ResearchScholarship": [],
                "EducationSpecialistDegree": []
            }
        }
    },
    {
        "GeneralInformation": {
            "Address": {
                "Street": "Canelones 2208",
                "City": "Montevideo",
                "Province": "N/A",
                "PostCode": "11200",
                "Website": "http://www.audepp.org",
                "college_name": "University Institute of Postgraduate Studies in Psychoanalysis \u2013 Postgraduate University Institute of AUDEPP",
                "university_name": "Instituto Universitario de Postgrado en Psicoan\u00e1lisis \u2013 Instituto Universitario de Postgrado de AUDEPP \u2013 Instituto Universitario de Asociaci\u00f3n Uruguaya de Psicoterapia Psicoanal\u00edtica (IUPA)"
            },
            "InstitutionFunding": "Private",
            "History": "Founded 1990",
            "AcademicYear": "N/A",
            "AdmissionRequirements": [],
            "Languages": [
                "Spanish"
            ],
            "StudentBody": "co-ed"
        },
        "Divisions": [
            {
                "College": "Psychoanalytic Psychotherapy",
                "FieldsOfStudy": [
                    "Psychoanalysis",
                    "Psychotherapy"
                ],
                "Details": "N/A"
            }
        ],
        "Degrees": {
            "Undergraduate": {
                "CertificateOrDiploma": [],
                "Bachelor'sDegree": []
            },
            "Postgraduate": {
                "PostBachelor'sDiplomaOrCertificate": [],
                "Master'sDegree": [],
                "Doctor'sDegrees": [],
                "ResearchScholarship": [],
                "EducationSpecialistDegree": []
            }
        }
    },
    {
        "GeneralInformation": {
            "Address": {
                "Street": "Prudencio de Pena 2440",
                "City": "Montevideo",
                "Province": "N/A",
                "PostCode": "11600",
                "Website": "https://um.edu.uy",
                "college_name": "University of Montevideo",
                "university_name": "Universidad de Montevideo (UM)"
            },
            "InstitutionFunding": "Private",
            "History": "Founded 1986, acquired present status and title 1997",
            "AcademicYear": "March to December (March-July; August-December)",
            "AdmissionRequirements": [
                "High school certificate or International Baccalaureate, and Spanish proficiency for foreign students"
            ],
            "Languages": [
                "Spanish"
            ],
            "StudentBody": "co-ed"
        },
        "Divisions": [
            {
                "College": "Biomedical Sciences",
                "FieldsOfStudy": [
                    "Biomedicine",
                    "Community Health",
                    "Orthopaedics",
                    "Pharmacology"
                ],
                "Details": "N/A"
            },
            {
                "College": "Business Administration and Economics",
                "FieldsOfStudy": [
                    "Business Administration",
                    "Economics"
                ],
                "Details": "N/A"
            },
            {
                "College": "Communication",
                "FieldsOfStudy": [
                    "Communication Studies"
                ],
                "Details": "N/A"
            },
            {
                "College": "Engineering",
                "FieldsOfStudy": [
                    "Engineering"
                ],
                "Details": "N/A"
            },
            {
                "College": "Humanities and Education",
                "FieldsOfStudy": [
                    "Arts and Humanities",
                    "Education"
                ],
                "Details": "N/A"
            },
            {
                "College": "Law",
                "FieldsOfStudy": [
                    "Law"
                ],
                "Details": "N/A"
            },
            {
                "College": "Business",
                "FieldsOfStudy": [
                    "Business Administration"
                ],
                "Details": "IEEM"
            },
            {
                "College": "Masters and Postgraduates in Economics",
                "FieldsOfStudy": [
                    "Business Administration",
                    "Economics"
                ],
                "Details": "UMPE"
            }
        ],
        "Degrees": {
            "Undergraduate": {
                "CertificateOrDiploma": [],
                "Bachelor'sDegree": []
            },
            "Postgraduate": {
                "PostBachelor'sDiplomaOrCertificate": [],
                "Master'sDegree": [],
                "Doctor'sDegrees": [],
                "ResearchScholarship": [],
                "EducationSpecialistDegree": []
            }
        }
    },
    {
        "GeneralInformation": {
            "Address": {
                "Street": "Juan M. Blanes 1060",
                "City": "Montevideo",
                "Province": "Montevideo",
                "PostCode": "11200",
                "Website": "https://iuceddu.com.uy",
                "college_name": "Uruguayan University Institute for the Study and Diagnosis of Malocclusions",
                "university_name": "Instituto Universitario Centro de Estudio y Diagn\u00f3stico de las Disgnacias del Uruguay \u2013 Uruguayan University Institute for the Study and Diagnosis of Malocclusions (IUCEDDU)"
            },
            "InstitutionFunding": "Private",
            "History": "Founded 1986. Acquired present status 2005",
            "AcademicYear": "N/A",
            "AdmissionRequirements": [
                "Doctor of Dental Surgery degree"
            ],
            "Languages": [
                "Spanish"
            ],
            "StudentBody": "co-ed"
        },
        "Divisions": [
            {
                "College": "Orthodontics",
                "FieldsOfStudy": [
                    "Dental Technology",
                    "Orthodontics"
                ],
                "Details": "N/A"
            },
            {
                "College": "Orthopedics",
                "FieldsOfStudy": [
                    "Orthopaedics",
                    "Physical Therapy"
                ],
                "Details": "N/A"
            },
            {
                "College": "Prevention",
                "FieldsOfStudy": [
                    "Social and Preventive Medicine"
                ],
                "Details": "N/A"
            }
        ],
        "Degrees": {
            "Undergraduate": {
                "CertificateOrDiploma": [],
                "Bachelor'sDegree": []
            },
            "Postgraduate": {
                "PostBachelor'sDiplomaOrCertificate": [],
                "Master'sDegree": [],
                "Doctor'sDegrees": [],
                "ResearchScholarship": [],
                "EducationSpecialistDegree": []
            }
        }
    },
    {
        "GeneralInformation": {
            "Address": {
                "Street": "Colonia 1870 piso 6",
                "City": "Montevideo",
                "Province": "N/A",
                "PostCode": "11200",
                "Website": "http://www.iuacj.edu.uy",
                "college_name": "YMCA University Institute",
                "university_name": "Instituto Universitario Asociaci\u00f3n Cristiana de J\u00f3venes (IUACJ)"
            },
            "InstitutionFunding": "Private",
            "History": "Founded 2000",
            "AcademicYear": "March to November",
            "AdmissionRequirements": [
                "Secondary school certificate"
            ],
            "Languages": [
                "Spanish"
            ],
            "StudentBody": "co-ed"
        },
        "Divisions": [
            {
                "College": "Physical Education and Sports",
                "FieldsOfStudy": [
                    "Parks and Recreation",
                    "Physical Education",
                    "Sports",
                    "Sports Management"
                ],
                "Details": "N/A"
            }
        ],
        "Degrees": {
            "Undergraduate": {
                "CertificateOrDiploma": [],
                "Bachelor'sDegree": []
            },
            "Postgraduate": {
                "PostBachelor'sDiplomaOrCertificate": [],
                "Master'sDegree": [],
                "Doctor'sDegrees": [],
                "ResearchScholarship": [],
                "EducationSpecialistDegree": []
            }
        }
    }
]