[
    {
        "GeneralInformation": {
            "Address": {
                "Street": "Av. Albert Einstein y Cll. Teotl",
                "City": "Antiguo Cuscatl\u00e1n",
                "Province": "La Libertad",
                "PostCode": "N/A",
                "Website": "https://www.uae.edu.sv",
                "college_name": "Albert Einstein University",
                "university_name": "Universidad Albert Einstein (UAE)"
            },
            "InstitutionFunding": "Private",
            "History": "Founded 1973, first students admitted 1977",
            "AcademicYear": "N/A",
            "AdmissionRequirements": [
                "Secondary school certificate (bachillerato) and entrance examination"
            ],
            "Languages": [
                "Spanish"
            ],
            "StudentBody": "N/A"
        },
        "Divisions": [
            {
                "College": "Architecture",
                "FieldsOfStudy": [
                    "Architectural and Environmental Design",
                    "Architecture"
                ],
                "Details": "N/A"
            },
            {
                "College": "Business Administration",
                "FieldsOfStudy": [
                    "Business Administration",
                    "Marketing"
                ],
                "Details": "N/A"
            },
            {
                "College": "Engineering",
                "FieldsOfStudy": [
                    "Civil Engineering",
                    "Computer Engineering",
                    "Electrical Engineering",
                    "Industrial Engineering",
                    "Mechanical Engineering"
                ],
                "Details": "N/A"
            }
        ],
        "Degrees": {
            "Undergraduate": {
                "CertificateOrDiploma": [],
                "Bachelor'sDegree": []
            },
            "Postgraduate": {
                "PostBachelor'sDiplomaOrCertificate": [],
                "Master'sDegree": [],
                "Doctor'sDegrees": [],
                "ResearchScholarship": [],
                "EducationSpecialistDegree": []
            }
        }
    },
    {
        "GeneralInformation": {
            "Address": {
                "Street": "19 Av. Nte. entre 3 a Calle Pte. y Alameda Juan Pablo II",
                "City": "San Salvador",
                "Province": "San Salvador",
                "PostCode": "N/A",
                "Website": "https://www.usam.edu.sv",
                "college_name": "Alberto Masferrer Salvadorean University",
                "university_name": "Universidad Salvadore\u00f1a Alberto Masferrer (USAM)"
            },
            "InstitutionFunding": "Private",
            "History": "Founded 1979. Received official authorization 1980",
            "AcademicYear": "February to December (February-June; July-December)",
            "AdmissionRequirements": [
                "Secondary school certificate (bachillerato) and entrance examination"
            ],
            "Languages": [
                "Spanish"
            ],
            "StudentBody": "co-ed"
        },
        "Divisions": [
            {
                "College": "Business Studies",
                "FieldsOfStudy": [
                    "Accountancy",
                    "Advertising and Publicity",
                    "Business Administration",
                    "Computer Science",
                    "Marketing"
                ],
                "Details": "N/A"
            },
            {
                "College": "Chemistry and Pharmacy",
                "FieldsOfStudy": [
                    "Chemistry",
                    "Pharmacology",
                    "Pharmacy"
                ],
                "Details": "N/A"
            },
            {
                "College": "Dental Surgery",
                "FieldsOfStudy": [
                    "Dentistry",
                    "Surgery"
                ],
                "Details": "N/A"
            },
            {
                "College": "Law and Social Sciences",
                "FieldsOfStudy": [
                    "Law",
                    "Social Sciences"
                ],
                "Details": "N/A"
            },
            {
                "College": "Medicine",
                "FieldsOfStudy": [
                    "Medicine",
                    "Nursing"
                ],
                "Details": "N/A"
            },
            {
                "College": "Veterinary Science and Zoology",
                "FieldsOfStudy": [
                    "Veterinary Science",
                    "Zoology"
                ],
                "Details": "N/A"
            },
            {
                "College": "Science and Technological Research",
                "FieldsOfStudy": [
                    "Natural Sciences",
                    "Technology"
                ],
                "Details": "N/A"
            }
        ],
        "Degrees": {
            "Undergraduate": {
                "CertificateOrDiploma": [],
                "Bachelor'sDegree": []
            },
            "Postgraduate": {
                "PostBachelor'sDiplomaOrCertificate": [],
                "Master'sDegree": [],
                "Doctor'sDegrees": [
                    "Dentistry",
                    "Medicine"
                ],
                "ResearchScholarship": [],
                "EducationSpecialistDegree": []
            }
        }
    },
    {
        "GeneralInformation": {
            "Address": {
                "Street": "Autopista Sur Poniente Km 63 \u00bd,\nCarretera panamericana",
                "City": "Santa Ana",
                "Province": "Santa Ana",
                "PostCode": "N/A",
                "Website": "http://www.unasa.edu.sv",
                "college_name": "Autonomous University of Santa Ana",
                "university_name": "Universidad Aut\u00f3noma de Santa Ana (UNASA)"
            },
            "InstitutionFunding": "Private",
            "History": "Founded 1982",
            "AcademicYear": "February to January (February-July; August-January)",
            "AdmissionRequirements": [
                "Secondary school certificate (bachillerato) and entrance examination"
            ],
            "Languages": [
                "Spanish"
            ],
            "StudentBody": "N/A"
        },
        "Divisions": [
            {
                "College": "Health Sciences",
                "FieldsOfStudy": [
                    "Dentistry",
                    "Laboratory Techniques",
                    "Medicine",
                    "Nursing",
                    "Nutrition",
                    "Physical Therapy"
                ],
                "Details": "N/A"
            },
            {
                "College": "Social Sciences",
                "FieldsOfStudy": [
                    "Communication Studies",
                    "Graphic Design",
                    "Multimedia"
                ],
                "Details": "N/A"
            }
        ],
        "Degrees": {
            "Undergraduate": {
                "CertificateOrDiploma": [],
                "Bachelor'sDegree": []
            },
            "Postgraduate": {
                "PostBachelor'sDiplomaOrCertificate": [],
                "Master'sDegree": [],
                "Doctor'sDegrees": [
                    "Dentistry",
                    "Medicine"
                ],
                "ResearchScholarship": [],
                "EducationSpecialistDegree": []
            }
        }
    },
    {
        "GeneralInformation": {
            "Address": {
                "Street": "Calle Las Flores y Avenida Las Magnolias Colonia Escol\u00e1n",
                "City": "San Miguel",
                "Province": "San Miguel",
                "PostCode": "N/A",
                "Website": "https://www.ugb.edu.sv",
                "college_name": "Captain General Gerardo Barrios University",
                "university_name": "Universidad Capit\u00e1n General Gerardo Barrios (UGB)"
            },
            "InstitutionFunding": "Private",
            "History": "Founded 1980",
            "AcademicYear": "January to December (January-June; July-December)",
            "AdmissionRequirements": [
                "Secondary school certificate"
            ],
            "Languages": [
                "Spanish"
            ],
            "StudentBody": "co-ed"
        },
        "Divisions": [
            {
                "College": "Business Administration",
                "FieldsOfStudy": [
                    "Accountancy",
                    "Business Administration",
                    "Marketing",
                    "Sales Techniques",
                    "Tourism"
                ],
                "Details": "N/A"
            },
            {
                "College": "Engineering and Architecture",
                "FieldsOfStudy": [
                    "Architecture",
                    "Civil Engineering",
                    "Construction Engineering",
                    "Industrial Engineering"
                ],
                "Details": "N/A"
            },
            {
                "College": "Health Sciences",
                "FieldsOfStudy": [
                    "Health Sciences"
                ],
                "Details": "N/A"
            },
            {
                "College": "Law and International Relations",
                "FieldsOfStudy": [
                    "International Relations and Diplomacy",
                    "Law"
                ],
                "Details": "N/A"
            },
            {
                "College": "Postgraduate Studies and Continuing Education",
                "FieldsOfStudy": [
                    "Business Administration",
                    "Child Care and Development",
                    "Clinical Psychology",
                    "Computer Engineering",
                    "Construction Engineering",
                    "Criminal Law",
                    "Private Law"
                ],
                "Details": "N/A"
            },
            {
                "College": "Science and Technology",
                "FieldsOfStudy": [
                    "Computer Engineering",
                    "Computer Networks",
                    "Computer Science",
                    "Electronic Engineering",
                    "Electronics and Automation",
                    "Systems Analysis",
                    "Telecommunications Engineering"
                ],
                "Details": "N/A"
            },
            {
                "College": "Sciences and Humanities",
                "FieldsOfStudy": [
                    "English",
                    "Foreign Languages Education",
                    "Humanities and Social Science Education",
                    "Journalism",
                    "Mass Communication",
                    "Mathematics",
                    "Mathematics Education",
                    "Primary Education",
                    "Psychology",
                    "Science Education",
                    "Secondary Education",
                    "Spanish",
                    "Teacher Training"
                ],
                "Details": "N/A"
            }
        ],
        "Degrees": {
            "Undergraduate": {
                "CertificateOrDiploma": [],
                "Bachelor'sDegree": []
            },
            "Postgraduate": {
                "PostBachelor'sDiplomaOrCertificate": [],
                "Master'sDegree": [],
                "Doctor'sDegrees": [],
                "ResearchScholarship": [],
                "EducationSpecialistDegree": []
            }
        }
    },
    {
        "GeneralInformation": {
            "Address": {
                "Street": "By pass Carretera a Metap\u00e1n y carretera antigua a San Salvador",
                "City": "Santa Ana",
                "Province": "Santa Ana",
                "PostCode": "N/A",
                "Website": "https://www.catolica.edu.sv",
                "college_name": "Catholic University of El Salvador",
                "university_name": "Universidad Cat\u00f3lica de El Salvador (UNICAES)"
            },
            "InstitutionFunding": "Private",
            "History": "Founded 1982 as Universidad Cat\u00f3lica del Occidente following the Episcopal Conference of El Salvador agreement. Acquired present status and title 2008",
            "AcademicYear": "January to November (January-June; July-November)",
            "AdmissionRequirements": [
                "Secondary school certificate (bachillerato)"
            ],
            "Languages": [
                "Spanish"
            ],
            "StudentBody": "N/A"
        },
        "Divisions": [
            {
                "College": "Multidisciplinary Faculty of Ilobasco",
                "FieldsOfStudy": [
                    "Business Administration",
                    "Computer Engineering",
                    "Educational Administration",
                    "Educational and Student Counselling",
                    "Foreign Languages Education",
                    "International Business",
                    "Marketing",
                    "Mathematics Education",
                    "Nursing",
                    "Teacher Training"
                ],
                "Details": "Ilobasco Regional Centre"
            },
            {
                "College": "Architecture and Engineering",
                "FieldsOfStudy": [
                    "Agricultural Engineering",
                    "Architecture",
                    "Civil Engineering",
                    "Computer Science",
                    "Environmental Engineering",
                    "Industrial Engineering"
                ],
                "Details": "N/A"
            },
            {
                "College": "Business Administration",
                "FieldsOfStudy": [
                    "Accountancy",
                    "Business Administration",
                    "Computer Science",
                    "International Business",
                    "Marketing",
                    "Tourism"
                ],
                "Details": "N/A"
            },
            {
                "College": "Health Sciences",
                "FieldsOfStudy": [
                    "Medicine",
                    "Nursing"
                ],
                "Details": "N/A"
            },
            {
                "College": "Science and Humanities",
                "FieldsOfStudy": [
                    "Educational Sciences",
                    "Educational Testing and Evaluation",
                    "Foreign Languages Education",
                    "Graphic Design",
                    "Humanities and Social Science Education",
                    "Law",
                    "Mass Communication",
                    "Mathematics Education",
                    "Native Language Education",
                    "Pedagogy",
                    "Physical Education",
                    "Preschool Education",
                    "Primary Education",
                    "Radio and Television Broadcasting",
                    "Religious Education",
                    "Secondary Education",
                    "Teacher Training"
                ],
                "Details": "N/A"
            }
        ],
        "Degrees": {
            "Undergraduate": {
                "CertificateOrDiploma": [],
                "Bachelor'sDegree": []
            },
            "Postgraduate": {
                "PostBachelor'sDiplomaOrCertificate": [],
                "Master'sDegree": [],
                "Doctor'sDegrees": [
                    "Medicine"
                ],
                "ResearchScholarship": [],
                "EducationSpecialistDegree": []
            }
        }
    },
    {
        "GeneralInformation": {
            "Address": {
                "Street": "27 calle Oriente N134, Barrio San Miguelito (entre Teatro de C\u00e1mara y La Cascada)",
                "City": "San Salvador",
                "Province": "San Salvador",
                "PostCode": "N/A",
                "Website": "http://www.ucad.edu.sv",
                "college_name": "Christian University of the Assemblies of God",
                "university_name": "Universidad Cristiana de las Asambleas de Dios (UCAD)"
            },
            "InstitutionFunding": "Private",
            "History": "Founded 1983",
            "AcademicYear": "February to November (February-June; August-November)",
            "AdmissionRequirements": [
                "Secondary school certificate (bachillerato)"
            ],
            "Languages": [
                "Spanish"
            ],
            "StudentBody": "N/A"
        },
        "Divisions": [
            {
                "College": "Economics",
                "FieldsOfStudy": [
                    "Accountancy",
                    "Business Administration",
                    "Computer Engineering"
                ],
                "Details": "N/A"
            },
            {
                "College": "Law",
                "FieldsOfStudy": [
                    "Law"
                ],
                "Details": "N/A"
            },
            {
                "College": "Sciences and Humanities",
                "FieldsOfStudy": [
                    "Communication Studies",
                    "Educational Sciences",
                    "English",
                    "Preschool Education"
                ],
                "Details": "N/A"
            },
            {
                "College": "Theology",
                "FieldsOfStudy": [
                    "Missionary Studies",
                    "Theology"
                ],
                "Details": "N/A"
            }
        ],
        "Degrees": {
            "Undergraduate": {
                "CertificateOrDiploma": [],
                "Bachelor'sDegree": []
            },
            "Postgraduate": {
                "PostBachelor'sDiplomaOrCertificate": [],
                "Master'sDegree": [],
                "Doctor'sDegrees": [],
                "ResearchScholarship": [],
                "EducationSpecialistDegree": []
            }
        }
    },
    {
        "GeneralInformation": {
            "Address": {
                "Street": "Ciudadela Don Bosco, Cant\u00f3n Venecia, Calle Plan del Pino Km 1 1/2",
                "City": "Soyapango",
                "Province": "San Salvador",
                "PostCode": "N/A",
                "Website": "https://www.udb.edu.sv",
                "college_name": "Don Bosco University",
                "university_name": "Universidad Don Bosco (UDB)"
            },
            "InstitutionFunding": "Private",
            "History": "Founded 1984. Follows the Salesian tradition and philosophy",
            "AcademicYear": "January to December (January-June; July-December)",
            "AdmissionRequirements": [
                "Secondary school certificate (bachillerato) and entrance examination"
            ],
            "Languages": [
                "Spanish",
                "English"
            ],
            "StudentBody": "co-ed"
        },
        "Divisions": [
            {
                "College": "Antiguo Cuscatl\u00e1n",
                "FieldsOfStudy": [
                    "Business Administration",
                    "Communication Studies",
                    "Design",
                    "Education",
                    "Engineering",
                    "Foreign Languages Education",
                    "Modern Languages",
                    "Social Sciences",
                    "Theology",
                    "Tourism"
                ],
                "Details": "N/A"
            },
            {
                "College": "Basic Sciences",
                "FieldsOfStudy": [
                    "Applied Physics",
                    "Chemistry",
                    "Mathematics",
                    "Physics"
                ],
                "Details": "N/A"
            },
            {
                "College": "Distance Education",
                "FieldsOfStudy": "N/A",
                "Details": "N/A"
            },
            {
                "College": "Entrepreneurship and Innovation",
                "FieldsOfStudy": [
                    "DEI"
                ],
                "Details": "N/A"
            },
            {
                "College": "Aeronautics",
                "FieldsOfStudy": [
                    "Aeronautical and Aerospace Engineering"
                ],
                "Details": "N/A"
            },
            {
                "College": "Economics",
                "FieldsOfStudy": [
                    "Accountancy",
                    "Business Administration",
                    "Economics",
                    "Marketing"
                ],
                "Details": "N/A"
            },
            {
                "College": "Engineering",
                "FieldsOfStudy": [
                    "Biomedical Engineering",
                    "Computer Engineering",
                    "Computer Science",
                    "Electrical and Electronic Engineering",
                    "Electrical Engineering",
                    "Electronics and Automation",
                    "Engineering",
                    "Industrial Engineering",
                    "Mechanical Engineering"
                ],
                "Details": "N/A"
            },
            {
                "College": "Rehabilitation Sciences",
                "FieldsOfStudy": [
                    "Rehabilitation and Therapy"
                ],
                "Details": "N/A"
            },
            {
                "College": "Science and Humanities",
                "FieldsOfStudy": [
                    "Communication Studies",
                    "Education",
                    "Educational Sciences",
                    "English",
                    "Graphic Design",
                    "Industrial Design",
                    "Modern Languages",
                    "Multimedia",
                    "Preschool Education",
                    "Primary Education",
                    "Secondary Education",
                    "Teacher Training",
                    "Theology",
                    "Tourism"
                ],
                "Details": "N/A"
            },
            {
                "College": "Research and Pedagogical Training",
                "FieldsOfStudy": [
                    "Education",
                    "Teacher Training"
                ],
                "Details": "N/A"
            },
            {
                "College": "Pedagogy and Salesian Spirituality",
                "FieldsOfStudy": "N/A",
                "Details": "N/A"
            }
        ],
        "Degrees": {
            "Undergraduate": {
                "CertificateOrDiploma": [],
                "Bachelor'sDegree": []
            },
            "Postgraduate": {
                "PostBachelor'sDiplomaOrCertificate": [],
                "Master'sDegree": [],
                "Doctor'sDegrees": [
                    "Education",
                    "Social Sciences",
                    "Theology"
                ],
                "ResearchScholarship": [],
                "EducationSpecialistDegree": []
            }
        }
    },
    {
        "GeneralInformation": {
            "Address": {
                "Street": "1a. Calle Poniente No. 2128, entre 39 y 41 Avenida Norte\nCol. Flor Blanca",
                "City": "San Salvador",
                "Province": "San Salvador",
                "PostCode": "N/A",
                "Website": "https://www.unab.edu.sv",
                "college_name": "Dr. Andr\u00e9s Bello University",
                "university_name": "Universidad Dr. Andr\u00e9s Bello (UNAB)"
            },
            "InstitutionFunding": "Private",
            "History": "Founded 1991",
            "AcademicYear": "N/A",
            "AdmissionRequirements": [],
            "Languages": [
                "Spanish"
            ],
            "StudentBody": "N/A"
        },
        "Divisions": [
            {
                "College": "Chalatenango",
                "FieldsOfStudy": [
                    "Accountancy",
                    "Business Administration",
                    "Computer Engineering",
                    "Computer Networks",
                    "Computer Science",
                    "Graphic Design",
                    "Law",
                    "Maintenance Technology",
                    "Marketing",
                    "Nursing",
                    "Nutrition",
                    "Public Relations",
                    "Social Work",
                    "Tourism"
                ],
                "Details": "N/A"
            },
            {
                "College": "San Miguel",
                "FieldsOfStudy": [
                    "Accountancy",
                    "Business Administration",
                    "Communication Studies",
                    "Computer Science",
                    "Laboratory Techniques",
                    "Law",
                    "Marketing",
                    "Nursing",
                    "Social Work",
                    "Tourism"
                ],
                "Details": "N/A"
            },
            {
                "College": "Sonsonate",
                "FieldsOfStudy": [
                    "Accountancy",
                    "Business Administration",
                    "Communication Studies",
                    "Computer Science",
                    "Maintenance Technology",
                    "Marketing",
                    "Nursing",
                    "Tourism"
                ],
                "Details": "N/A"
            },
            {
                "College": "Postgraduate Studies",
                "FieldsOfStudy": [
                    "Epidemiology",
                    "Finance",
                    "Health Administration",
                    "Higher Education Teacher Training",
                    "Human Rights",
                    "Marketing",
                    "Nursing",
                    "Social Problems"
                ],
                "Details": "N/A"
            },
            {
                "College": "Economics",
                "FieldsOfStudy": [
                    "Accountancy",
                    "Business Administration",
                    "Computer Engineering",
                    "Computer Science",
                    "Graphic Design",
                    "Marketing",
                    "Public Relations",
                    "Tourism"
                ],
                "Details": "N/A"
            },
            {
                "College": "Health Sciences",
                "FieldsOfStudy": [
                    "Laboratory Techniques",
                    "Nutrition",
                    "Optometry",
                    "Radiology"
                ],
                "Details": "N/A"
            },
            {
                "College": "Human Sciences",
                "FieldsOfStudy": [
                    "Communication Studies",
                    "English",
                    "Law",
                    "Social Work"
                ],
                "Details": "N/A"
            },
            {
                "College": "Nursing",
                "FieldsOfStudy": [
                    "Nursing"
                ],
                "Details": "N/A"
            }
        ],
        "Degrees": {
            "Undergraduate": {
                "CertificateOrDiploma": [],
                "Bachelor'sDegree": []
            },
            "Postgraduate": {
                "PostBachelor'sDiplomaOrCertificate": [],
                "Master'sDegree": [],
                "Doctor'sDegrees": [],
                "ResearchScholarship": [],
                "EducationSpecialistDegree": []
            }
        }
    },
    {
        "GeneralInformation": {
            "Address": {
                "Street": "Apartado postal 1849\nKm. 8 1/2 carretera a Santa Tecla",
                "City": "Antiguo Cuscatl\u00e1n",
                "Province": "La Libertad",
                "PostCode": "N/A",
                "Website": "https://www.ujmd.edu.sv",
                "college_name": "Dr. Jos\u00e9 Mat\u00edas Delgado University",
                "university_name": "Universidad Dr. Jos\u00e9 Mat\u00edas Delgado (UJMD)"
            },
            "InstitutionFunding": "Private",
            "History": "Founded 1977. Financed by student fees and private and Government grants",
            "AcademicYear": "January to December (January-June; July-December)",
            "AdmissionRequirements": [
                "Secondary school certificate (bachillerato) or foreign equivalent, and entrance examination",
                "Presentation of original work for School of Applied Arts"
            ],
            "Languages": [
                "Spanish"
            ],
            "StudentBody": "co-ed"
        },
        "Divisions": [
            {
                "College": "Agriculture and Agricultural Research",
                "FieldsOfStudy": [
                    "Agricultural Business",
                    "Agricultural Engineering",
                    "Agriculture",
                    "Environmental Engineering",
                    "Food Science"
                ],
                "Details": "N/A"
            },
            {
                "College": "Economics, Business and Commerce",
                "FieldsOfStudy": [
                    "Accountancy",
                    "Business Administration",
                    "Business and Commerce",
                    "Economics",
                    "Finance",
                    "Information Technology",
                    "Marketing",
                    "Tourism"
                ],
                "Details": "N/A"
            },
            {
                "College": "Engineering",
                "FieldsOfStudy": [
                    "Engineering",
                    "Industrial Engineering"
                ],
                "Details": "N/A"
            },
            {
                "College": "Health Sciences",
                "FieldsOfStudy": [
                    "Health Sciences"
                ],
                "Details": "N/A"
            },
            {
                "College": "Law and Social Sciences",
                "FieldsOfStudy": [
                    "Law",
                    "Social Sciences"
                ],
                "Details": "N/A"
            },
            {
                "College": "Postgraduate Studies and Continuing Education",
                "FieldsOfStudy": [
                    "Business Administration",
                    "Communication Studies",
                    "Law",
                    "Psychology"
                ],
                "Details": "N/A"
            },
            {
                "College": "Science and Arts",
                "FieldsOfStudy": [
                    "Architecture",
                    "Communication Studies",
                    "Design",
                    "Psychology"
                ],
                "Details": "Francisco Gavidia"
            },
            {
                "College": "Fine Arts",
                "FieldsOfStudy": [
                    "Fine Arts"
                ],
                "Details": "N/A"
            }
        ],
        "Degrees": {
            "Undergraduate": {
                "CertificateOrDiploma": [],
                "Bachelor'sDegree": []
            },
            "Postgraduate": {
                "PostBachelor'sDiplomaOrCertificate": [],
                "Master'sDegree": [],
                "Doctor'sDegrees": [
                    "Private Law"
                ],
                "ResearchScholarship": [],
                "EducationSpecialistDegree": []
            }
        }
    },
    {
        "GeneralInformation": {
            "Address": {
                "Street": "Prolongaci\u00f3n Alameda Juan Pablo II,\nCalle El Carmen, San Antonio Abad",
                "City": "San Salvador",
                "Province": "San Salvador",
                "PostCode": "N/A",
                "Website": "https://www.uees.edu.sv",
                "college_name": "Evangelical University of El Salvador",
                "university_name": "Universidad Evang\u00e9lica de El Salvador (UEES)"
            },
            "InstitutionFunding": "Private",
            "History": "Founded 1981",
            "AcademicYear": "February to November (February-June; August-November)",
            "AdmissionRequirements": [
                "Secondary school certificate (bachillerato) and entrance examination"
            ],
            "Languages": [
                "Spanish"
            ],
            "StudentBody": "co-ed"
        },
        "Divisions": [
            {
                "College": "Business Administration and Economics",
                "FieldsOfStudy": [
                    "Accountancy",
                    "Business Administration",
                    "Economics",
                    "Marketing",
                    "Public Relations",
                    "Tourism"
                ],
                "Details": "N/A"
            },
            {
                "College": "Dentistry",
                "FieldsOfStudy": [
                    "Dentistry"
                ],
                "Details": "N/A"
            },
            {
                "College": "Engineering",
                "FieldsOfStudy": [
                    "Computer Networks",
                    "Computer Science",
                    "Engineering"
                ],
                "Details": "N/A"
            },
            {
                "College": "Law",
                "FieldsOfStudy": [
                    "International Business",
                    "International Relations and Diplomacy",
                    "Law"
                ],
                "Details": "N/A"
            },
            {
                "College": "Medicine",
                "FieldsOfStudy": [
                    "Food Science",
                    "Medicine",
                    "Nursing",
                    "Nutrition"
                ],
                "Details": "N/A"
            },
            {
                "College": "Social Sciences",
                "FieldsOfStudy": [
                    "Preschool Education",
                    "Psychology",
                    "Social Sciences",
                    "Special Education",
                    "Theology",
                    "Translation and Interpretation"
                ],
                "Details": "N/A"
            },
            {
                "College": "Martin Eugenio Rodr\u00edguez",
                "FieldsOfStudy": [
                    "Development Studies",
                    "Service Trades"
                ],
                "Details": "N/A"
            },
            {
                "College": "Postgraduate Studies",
                "FieldsOfStudy": [
                    "Epidemiology",
                    "Human Resources",
                    "Law",
                    "Natural Sciences",
                    "Public Health"
                ],
                "Details": "N/A"
            }
        ],
        "Degrees": {
            "Undergraduate": {
                "CertificateOrDiploma": [],
                "Bachelor'sDegree": []
            },
            "Postgraduate": {
                "PostBachelor'sDiplomaOrCertificate": [],
                "Master'sDegree": [],
                "Doctor'sDegrees": [
                    "Dentistry",
                    "Medicine"
                ],
                "ResearchScholarship": [],
                "EducationSpecialistDegree": []
            }
        }
    },
    {
        "GeneralInformation": {
            "Address": {
                "Street": "Edificio de Rector\u00eda, Calle El Progreso No. 2748",
                "City": "San Salvador",
                "Province": "San Salvador",
                "PostCode": "N/A",
                "Website": "http://www.ufg.edu.sv",
                "college_name": "Francisco Gavidia University",
                "university_name": "Universidad Francisco Gavidia (UFG)"
            },
            "InstitutionFunding": "Private",
            "History": "Founded 1981",
            "AcademicYear": "January to December (January-June; July-December)",
            "AdmissionRequirements": [
                "Secondary school certificate (bachillerato) and entrance examination"
            ],
            "Languages": [
                "Spanish"
            ],
            "StudentBody": "co-ed"
        },
        "Divisions": [
            {
                "College": "Western Regional Centre",
                "FieldsOfStudy": [
                    "Advertising and Publicity",
                    "Business Administration",
                    "Communication Studies",
                    "Computer Science",
                    "International Relations and Diplomacy",
                    "Marketing",
                    "Public Relations",
                    "Tourism"
                ],
                "Details": "Santa Ana"
            },
            {
                "College": "Arts and Design",
                "FieldsOfStudy": [
                    "Architecture",
                    "Computer Graphics",
                    "Design",
                    "Fashion Design",
                    "Fine Arts",
                    "Graphic Design"
                ],
                "Details": "N/A"
            },
            {
                "College": "Economics",
                "FieldsOfStudy": [
                    "Accountancy",
                    "Advertising and Publicity",
                    "Business Administration",
                    "Communication Studies",
                    "Computer Science",
                    "Economics",
                    "Hotel and Restaurant",
                    "International Business",
                    "Marketing",
                    "Public Relations",
                    "Tourism"
                ],
                "Details": "N/A"
            },
            {
                "College": "Engineering and Systems",
                "FieldsOfStudy": [
                    "Computer Engineering",
                    "Electronic Engineering",
                    "Engineering",
                    "Industrial Engineering",
                    "Systems Analysis",
                    "Telecommunications Engineering"
                ],
                "Details": "N/A"
            },
            {
                "College": "Law",
                "FieldsOfStudy": [
                    "International Relations and Diplomacy",
                    "Law"
                ],
                "Details": "N/A"
            },
            {
                "College": "Social Sciences",
                "FieldsOfStudy": [
                    "English",
                    "Psychology"
                ],
                "Details": "N/A"
            }
        ],
        "Degrees": {
            "Undergraduate": {
                "CertificateOrDiploma": [],
                "Bachelor'sDegree": []
            },
            "Postgraduate": {
                "PostBachelor'sDiplomaOrCertificate": [],
                "Master'sDegree": [],
                "Doctor'sDegrees": [
                    "Business Administration",
                    "Public Administration"
                ],
                "ResearchScholarship": [],
                "EducationSpecialistDegree": []
            }
        }
    },
    {
        "GeneralInformation": {
            "Address": {
                "Street": "Urb. Jardines de Merliot, Avenida El Boqueron y calle Chiltiupan, pol\u00edgono O # 5",
                "City": "Ciudad Merliot",
                "Province": "La Libertad",
                "PostCode": "N/A",
                "Website": "https://www.ieeses.edu.sv",
                "college_name": "Holy Spirit Specialized Institute of Higher Education",
                "university_name": "Instituto Especializado de Educaci\u00f3n Superior El Esp\u00edritu Santo (IEESES)"
            },
            "InstitutionFunding": "Private",
            "History": "Founded 1995 as Instituto Tecnol\u00f3gico \u201cEl Esp\u00edritu Santo\u201d. Acquired present title 1996 and present status status 1999",
            "AcademicYear": "N/A",
            "AdmissionRequirements": [],
            "Languages": [
                "Spanish"
            ],
            "StudentBody": "N/A"
        },
        "Divisions": [
            {
                "College": "Educational Sciences",
                "FieldsOfStudy": [
                    "Educational Sciences",
                    "Primary Education",
                    "Secondary Education",
                    "Special Education"
                ],
                "Details": "N/A"
            },
            {
                "College": "Postgraduate Studies",
                "FieldsOfStudy": [
                    "Educational Testing and Evaluation",
                    "Technology Education",
                    "Vocational Education"
                ],
                "Details": "N/A"
            },
            {
                "College": "Teacher Training",
                "FieldsOfStudy": [
                    "Higher Education Teacher Training",
                    "Humanities and Social Science Education",
                    "Mathematics Education",
                    "Media Studies",
                    "Native Language Education",
                    "Physical Education",
                    "Primary Education",
                    "Special Education",
                    "Sports",
                    "Teacher Training"
                ],
                "Details": "N/A"
            }
        ],
        "Degrees": {
            "Undergraduate": {
                "CertificateOrDiploma": [],
                "Bachelor'sDegree": []
            },
            "Postgraduate": {
                "PostBachelor'sDiplomaOrCertificate": [],
                "Master'sDegree": [],
                "Doctor'sDegrees": [],
                "ResearchScholarship": [],
                "EducationSpecialistDegree": []
            }
        }
    },
    {
        "GeneralInformation": {
            "Address": {
                "Street": "Calle El Pedregal y calle de acceso a Escuela Militar, frente al Centro Comercial La Gran V\u00eda",
                "City": "Antiguo Cuscatl\u00e1n",
                "Province": "La Libertad",
                "PostCode": "N/A",
                "Website": "http://www.iseade.edu.sv",
                "college_name": "Institute of Economics and Business Administration",
                "university_name": "Instituto Superior de Econom\u00eda y Administraci\u00f3n de Empresas (ISEADE)"
            },
            "InstitutionFunding": "Private",
            "History": "Founded 1997",
            "AcademicYear": "N/A",
            "AdmissionRequirements": [],
            "Languages": [
                "Spanish"
            ],
            "StudentBody": "N/A"
        },
        "Divisions": [
            {
                "College": "Business Administration",
                "FieldsOfStudy": [
                    "Business Administration"
                ],
                "Details": "N/A"
            },
            {
                "College": "Specialized Postgraduate Studies",
                "FieldsOfStudy": [
                    "Business Administration",
                    "Commercial Law",
                    "Design",
                    "Finance",
                    "Human Resources",
                    "International Business",
                    "International Economics",
                    "International Law",
                    "Marketing",
                    "Transport Management"
                ],
                "Details": "N/A"
            }
        ],
        "Degrees": {
            "Undergraduate": {
                "CertificateOrDiploma": [],
                "Bachelor'sDegree": []
            },
            "Postgraduate": {
                "PostBachelor'sDiplomaOrCertificate": [],
                "Master'sDegree": [],
                "Doctor'sDegrees": [],
                "ResearchScholarship": [],
                "EducationSpecialistDegree": []
            }
        }
    },
    {
        "GeneralInformation": {
            "Address": {
                "Street": "Km. 11 Carretera a Santa Tecla",
                "City": "Santa Tecla",
                "Province": "La Libertad",
                "PostCode": "N/A",
                "Website": "https://www.itca.edu.sv",
                "college_name": "ITCA-FEPADE Specialized Engineering School",
                "university_name": "Escuela Especializada en Ingenier\u00eda ITCA-FEPADE (ITCA)"
            },
            "InstitutionFunding": "Public",
            "History": "Founded 1969 as Instituto Tecnol\u00f3gico Centroamericano (Central-American Technological Institute). Acquired current title 2008",
            "AcademicYear": "N/A",
            "AdmissionRequirements": [],
            "Languages": [
                "Spanish"
            ],
            "StudentBody": "N/A"
        },
        "Divisions": [
            {
                "College": "La Uni\u00f3n",
                "FieldsOfStudy": [
                    "Aquaculture",
                    "Computer Engineering",
                    "Cooking and Catering",
                    "Fishery",
                    "Hotel Management",
                    "Marine Transport",
                    "Tourism",
                    "Transport Management"
                ],
                "Details": "Regional"
            },
            {
                "College": "San Miguel",
                "FieldsOfStudy": [
                    "Civil Engineering",
                    "Computer Engineering",
                    "Computer Networks",
                    "Electrical Engineering"
                ],
                "Details": "Regional"
            },
            {
                "College": "Santa Ana",
                "FieldsOfStudy": [
                    "Computer Engineering",
                    "Electrical Engineering",
                    "Heritage Preservation"
                ],
                "Details": "Regional"
            },
            {
                "College": "Zacatecoluca",
                "FieldsOfStudy": [
                    "Computer Engineering",
                    "Electronic Engineering",
                    "Transport Management"
                ],
                "Details": "Regional"
            },
            {
                "College": "Automotive Engineering",
                "FieldsOfStudy": [
                    "Automotive Engineering"
                ],
                "Details": "N/A"
            },
            {
                "College": "Basic Sciences",
                "FieldsOfStudy": [
                    "Natural Sciences"
                ],
                "Details": "N/A"
            },
            {
                "College": "Chemical Engineering",
                "FieldsOfStudy": [
                    "Chemical Engineering"
                ],
                "Details": "N/A"
            },
            {
                "College": "Civil Engineering and Architecture",
                "FieldsOfStudy": [
                    "Architecture",
                    "Civil Engineering"
                ],
                "Details": "N/A"
            },
            {
                "College": "Computer Engineering",
                "FieldsOfStudy": [
                    "Computer Engineering"
                ],
                "Details": "N/A"
            },
            {
                "College": "Dual Education",
                "FieldsOfStudy": [
                    "Electronic Engineering",
                    "Industrial Chemistry",
                    "Industrial Maintenance",
                    "Mechanical Engineering",
                    "Transport Engineering"
                ],
                "Details": "N/A"
            },
            {
                "College": "Electrical and Electronic Engineering",
                "FieldsOfStudy": [
                    "Electrical and Electronic Engineering"
                ],
                "Details": "N/A"
            },
            {
                "College": "Food Technology",
                "FieldsOfStudy": [
                    "Food Technology"
                ],
                "Details": "N/A"
            },
            {
                "College": "Mechatronic Engineering",
                "FieldsOfStudy": [
                    "Electronic Engineering",
                    "Mechanical Engineering"
                ],
                "Details": "N/A"
            }
        ],
        "Degrees": {
            "Undergraduate": {
                "CertificateOrDiploma": [],
                "Bachelor'sDegree": []
            },
            "Postgraduate": {
                "PostBachelor'sDiplomaOrCertificate": [],
                "Master'sDegree": [],
                "Doctor'sDegrees": [],
                "ResearchScholarship": [],
                "EducationSpecialistDegree": []
            }
        }
    },
    {
        "GeneralInformation": {
            "Address": {
                "Street": "Direcci\u00f3n de Comunicaciones\nBulevar Los Pr\u00f3ceres",
                "City": "Antiguo Cuscatl\u00e1n",
                "Province": "La Libertad",
                "PostCode": "N/A",
                "Website": "https://uca.edu.sv",
                "college_name": "Jos\u00e9 Sime\u00f3n Ca\u00f1as Central American University",
                "university_name": "Universidad Centroamericana Jos\u00e9 Sime\u00f3n Ca\u00f1as (UCA)"
            },
            "InstitutionFunding": "Private",
            "History": "Founded 1965, first students admitted 1966",
            "AcademicYear": "March to December (March-July; August-December)",
            "AdmissionRequirements": [
                "Secondary school certificate (bachillerato) or equivalent, and entrance examination"
            ],
            "Languages": [
                "Spanish"
            ],
            "StudentBody": "co-ed"
        },
        "Divisions": [
            {
                "College": "Business and Economic Sciences",
                "FieldsOfStudy": [
                    "Accountancy",
                    "Business Administration",
                    "Economics",
                    "Finance",
                    "Marketing"
                ],
                "Details": "N/A"
            },
            {
                "College": "Communications and Marketing",
                "FieldsOfStudy": [
                    "Marketing",
                    "Mass Communication",
                    "Multimedia"
                ],
                "Details": "N/A"
            },
            {
                "College": "Education",
                "FieldsOfStudy": [
                    "Foreign Languages Education",
                    "Religious Education"
                ],
                "Details": "N/A"
            },
            {
                "College": "Engineering and Architecture",
                "FieldsOfStudy": [
                    "Architecture",
                    "Chemical Engineering",
                    "Civil Engineering",
                    "Computer Engineering",
                    "Computer Science",
                    "Electrical Engineering",
                    "Energy Engineering",
                    "Food Technology",
                    "Industrial Design",
                    "Industrial Engineering",
                    "Industrial Maintenance",
                    "Mechanical Engineering",
                    "Production Engineering",
                    "Statistics"
                ],
                "Details": "N/A"
            },
            {
                "College": "Law",
                "FieldsOfStudy": [
                    "Law"
                ],
                "Details": "N/A"
            },
            {
                "College": "Social Sciences and Humanities",
                "FieldsOfStudy": [
                    "Educational Sciences",
                    "English",
                    "Philosophy",
                    "Psychology",
                    "Public Administration",
                    "Social Sciences",
                    "Social Work",
                    "Theology"
                ],
                "Details": "N/A"
            }
        ],
        "Degrees": {
            "Undergraduate": {
                "CertificateOrDiploma": [],
                "Bachelor'sDegree": []
            },
            "Postgraduate": {
                "PostBachelor'sDiplomaOrCertificate": [],
                "Master'sDegree": [],
                "Doctor'sDegrees": [],
                "ResearchScholarship": [],
                "EducationSpecialistDegree": []
            }
        }
    },
    {
        "GeneralInformation": {
            "Address": {
                "Street": "3a avenida norte y 7a calle oriente 4-5",
                "City": "Santa Tecla",
                "Province": "La Libertad",
                "PostCode": "N/A",
                "Website": "http://www.utla.edu.sv",
                "college_name": "Latin American Technical University",
                "university_name": "Universidad T\u00e9cnica Latinoamericana (UTLA)"
            },
            "InstitutionFunding": "Private",
            "History": "Founded 1981",
            "AcademicYear": "February to November (February-June; July-November)",
            "AdmissionRequirements": [
                "Secondary school certificate (bachillerato) and entrance examination"
            ],
            "Languages": [
                "Spanish"
            ],
            "StudentBody": "co-ed"
        },
        "Divisions": [
            {
                "College": "Economics",
                "FieldsOfStudy": [
                    "Accountancy",
                    "Business Administration",
                    "Economics"
                ],
                "Details": "N/A"
            },
            {
                "College": "Engineering",
                "FieldsOfStudy": [
                    "Agricultural Engineering",
                    "Civil Engineering",
                    "Electrical Engineering",
                    "Electronic Engineering",
                    "Engineering",
                    "Industrial Engineering",
                    "Mechanical Engineering"
                ],
                "Details": "N/A"
            }
        ],
        "Degrees": {
            "Undergraduate": {
                "CertificateOrDiploma": [],
                "Bachelor'sDegree": []
            },
            "Postgraduate": {
                "PostBachelor'sDiplomaOrCertificate": [],
                "Master'sDegree": [],
                "Doctor'sDegrees": [],
                "ResearchScholarship": [],
                "EducationSpecialistDegree": []
            }
        }
    },
    {
        "GeneralInformation": {
            "Address": {
                "Street": "Apdo Postal 3039-3057\nIntersecci\u00f3n NorOriente Carretera a Los Planes de Renderos Km. No.3. y Autopista a Comalapa\nBo. San Jacinto",
                "City": "San Salvador",
                "Province": "San Salvador",
                "PostCode": "N/A",
                "Website": "https://uls.edu.sv",
                "college_name": "Lutheran Salvadorean University",
                "university_name": "Universidad Luterana Salvadore\u00f1a (ULS)"
            },
            "InstitutionFunding": "Private",
            "History": "Founded 1991",
            "AcademicYear": "February to June; August to September",
            "AdmissionRequirements": [
                "Secondary school certificate"
            ],
            "Languages": [
                "Spanish"
            ],
            "StudentBody": "co-ed"
        },
        "Divisions": [
            {
                "College": "Human and Natural Sciences",
                "FieldsOfStudy": [
                    "Accountancy",
                    "Agriculture",
                    "Business Administration",
                    "Computer Science",
                    "Ecology",
                    "Law"
                ],
                "Details": "N/A"
            },
            {
                "College": "Theology and Humanities",
                "FieldsOfStudy": [
                    "Social Work",
                    "Theology"
                ],
                "Details": "N/A"
            }
        ],
        "Degrees": {
            "Undergraduate": {
                "CertificateOrDiploma": [],
                "Bachelor'sDegree": []
            },
            "Postgraduate": {
                "PostBachelor'sDiplomaOrCertificate": [],
                "Master'sDegree": [],
                "Doctor'sDegrees": [],
                "ResearchScholarship": [],
                "EducationSpecialistDegree": []
            }
        }
    },
    {
        "GeneralInformation": {
            "Address": {
                "Street": "Av. Manuel Gallardo 3-3",
                "City": "Santa Tecla",
                "Province": "La Libertad",
                "PostCode": "25076500",
                "Website": "https://monicaherrera.edu.sv",
                "college_name": "M\u00f3nica Herrera School of Communication Studies",
                "university_name": "Escuela de Comunicaci\u00f3n M\u00f3nica Herrera (ECMH)"
            },
            "InstitutionFunding": "Private",
            "History": "Founded 1995",
            "AcademicYear": "N/A",
            "AdmissionRequirements": [],
            "Languages": [
                "Spanish"
            ],
            "StudentBody": "N/A"
        },
        "Divisions": [
            {
                "College": "Communication and Digital Strategy",
                "FieldsOfStudy": [
                    "Communication Studies",
                    "Multimedia"
                ],
                "Details": "N/A"
            },
            {
                "College": "Integrated Marketing Communications",
                "FieldsOfStudy": [
                    "Communication Studies",
                    "Marketing"
                ],
                "Details": "N/A"
            },
            {
                "College": "Strategic Design",
                "FieldsOfStudy": [
                    "Design"
                ],
                "Details": "N/A"
            }
        ],
        "Degrees": {
            "Undergraduate": {
                "CertificateOrDiploma": [],
                "Bachelor'sDegree": []
            },
            "Postgraduate": {
                "PostBachelor'sDiplomaOrCertificate": [],
                "Master'sDegree": [],
                "Doctor'sDegrees": [],
                "ResearchScholarship": [],
                "EducationSpecialistDegree": []
            }
        }
    },
    {
        "GeneralInformation": {
            "Address": {
                "Street": "Km. 53 Cant\u00f3n Aldeita, Tejutla",
                "City": "Chalatenango",
                "Province": "Chalatenango",
                "PostCode": "N/A",
                "Website": "http://www.umoar.edu.sv",
                "college_name": "Monse\u00f1or Oscar Arnulfo Romero University",
                "university_name": "Universidad Monse\u00f1or Oscar Arnulfo Romero (UMOAR)"
            },
            "InstitutionFunding": "Private",
            "History": "Founded 1993",
            "AcademicYear": "N/A",
            "AdmissionRequirements": [
                "Secondary school certificate"
            ],
            "Languages": [
                "Spanish"
            ],
            "StudentBody": "co-ed"
        },
        "Divisions": [
            {
                "College": "Agriculture and Forestry",
                "FieldsOfStudy": [
                    "Agricultural Engineering",
                    "Agriculture",
                    "Forestry"
                ],
                "Details": "N/A"
            },
            {
                "College": "Economics and Business Sciences",
                "FieldsOfStudy": [
                    "Accountancy",
                    "Business Administration",
                    "Computer Science"
                ],
                "Details": "N/A"
            },
            {
                "College": "Law and Social Sciences",
                "FieldsOfStudy": [
                    "Law",
                    "Social Sciences"
                ],
                "Details": "N/A"
            },
            {
                "College": "Science and Humanities",
                "FieldsOfStudy": [
                    "Arts and Humanities",
                    "Computer Science",
                    "Education",
                    "Natural Sciences"
                ],
                "Details": "N/A"
            }
        ],
        "Degrees": {
            "Undergraduate": {
                "CertificateOrDiploma": [],
                "Bachelor'sDegree": []
            },
            "Postgraduate": {
                "PostBachelor'sDiplomaOrCertificate": [],
                "Master'sDegree": [],
                "Doctor'sDegrees": [],
                "ResearchScholarship": [],
                "EducationSpecialistDegree": []
            }
        }
    },
    {
        "GeneralInformation": {
            "Address": {
                "Street": "Alameda Roosevelt y 41 Av. Sur",
                "City": "San Salvador",
                "Province": "San Salvador",
                "PostCode": "N/A",
                "Website": "http://www.unssa.edu.sv",
                "college_name": "New University San Salvador",
                "university_name": "Universidad Nueva San Salvador (UNSSA)"
            },
            "InstitutionFunding": "Private",
            "History": "Founded 1981",
            "AcademicYear": "January to October (January-May; June-October)",
            "AdmissionRequirements": [
                "Secondary school certificate (bachillerato) and entrance examination"
            ],
            "Languages": [
                "Spanish"
            ],
            "StudentBody": "co-ed"
        },
        "Divisions": [
            {
                "College": "Economics",
                "FieldsOfStudy": [
                    "Accountancy",
                    "Business Administration",
                    "Economics"
                ],
                "Details": "N/A"
            },
            {
                "College": "Health Sciences",
                "FieldsOfStudy": [
                    "Chemistry",
                    "Dentistry",
                    "Health Sciences",
                    "Medicine",
                    "Pharmacy"
                ],
                "Details": "N/A"
            },
            {
                "College": "Law and Social Sciences",
                "FieldsOfStudy": [
                    "Advertising and Publicity",
                    "Law",
                    "Political Sciences",
                    "Public Relations",
                    "Social Sciences",
                    "Social Work"
                ],
                "Details": "N/A"
            }
        ],
        "Degrees": {
            "Undergraduate": {
                "CertificateOrDiploma": [],
                "Bachelor'sDegree": []
            },
            "Postgraduate": {
                "PostBachelor'sDiplomaOrCertificate": [],
                "Master'sDegree": [],
                "Doctor'sDegrees": [
                    "Dentistry",
                    "Medicine"
                ],
                "ResearchScholarship": [],
                "EducationSpecialistDegree": []
            }
        }
    },
    {
        "GeneralInformation": {
            "Address": {
                "Street": "1\u00b0 Calle Poniente No. 2817",
                "City": "San Salvador",
                "Province": "San Salvador",
                "PostCode": "N/A",
                "Website": "https://www.uma.edu.sv",
                "college_name": "Open University of San Salvador",
                "university_name": "Universidad Modular Abierta (UMA)"
            },
            "InstitutionFunding": "Private",
            "History": "Founded 1982",
            "AcademicYear": "N/A",
            "AdmissionRequirements": [],
            "Languages": [
                "Spanish"
            ],
            "StudentBody": "co-ed"
        },
        "Divisions": [
            {
                "College": "Economics",
                "FieldsOfStudy": [
                    "Accountancy",
                    "Business Administration",
                    "Computer Science",
                    "Economics",
                    "Human Resources",
                    "Marketing",
                    "Software Engineering"
                ],
                "Details": "N/A"
            },
            {
                "College": "Law",
                "FieldsOfStudy": [
                    "Law"
                ],
                "Details": "N/A"
            },
            {
                "College": "Science and Humanities",
                "FieldsOfStudy": [
                    "Arts and Humanities",
                    "Education",
                    "English",
                    "Literature",
                    "Natural Sciences",
                    "Preschool Education",
                    "Primary Education",
                    "Psychology",
                    "Social Sciences"
                ],
                "Details": "N/A"
            }
        ],
        "Degrees": {
            "Undergraduate": {
                "CertificateOrDiploma": [],
                "Bachelor'sDegree": []
            },
            "Postgraduate": {
                "PostBachelor'sDiplomaOrCertificate": [],
                "Master'sDegree": [],
                "Doctor'sDegrees": [],
                "ResearchScholarship": [],
                "EducationSpecialistDegree": []
            }
        }
    },
    {
        "GeneralInformation": {
            "Address": {
                "Street": "Calle Progreso #234\na 60 metros de Avenida Bernal\nColonia Miramonte Poniente",
                "City": "San Salvador",
                "Province": "San Salvador",
                "PostCode": "N/A",
                "Website": "http://www.upan.edu.sv",
                "college_name": "Panamerican University",
                "university_name": "Universidad Panamericana (UPAN)"
            },
            "InstitutionFunding": "Private",
            "History": "Founded 1990",
            "AcademicYear": "January to December (January-June; July-December)",
            "AdmissionRequirements": [
                "Secondary school certificate"
            ],
            "Languages": [
                "Spanish"
            ],
            "StudentBody": "co-ed"
        },
        "Divisions": [
            {
                "College": "Economics",
                "FieldsOfStudy": [
                    "Accountancy",
                    "Business Administration",
                    "Development Studies",
                    "Marketing",
                    "Sustainable Development",
                    "Tourism"
                ],
                "Details": "N/A"
            },
            {
                "College": "Law",
                "FieldsOfStudy": [
                    "Law"
                ],
                "Details": "N/A"
            },
            {
                "College": "Science and Humanities",
                "FieldsOfStudy": [
                    "Educational Sciences",
                    "Humanities and Social Science Education",
                    "Library Science",
                    "Social Work"
                ],
                "Details": "N/A"
            }
        ],
        "Degrees": {
            "Undergraduate": {
                "CertificateOrDiploma": [],
                "Bachelor'sDegree": []
            },
            "Postgraduate": {
                "PostBachelor'sDiplomaOrCertificate": [],
                "Master'sDegree": [],
                "Doctor'sDegrees": [],
                "ResearchScholarship": [],
                "EducationSpecialistDegree": []
            }
        }
    },
    {
        "GeneralInformation": {
            "Address": {
                "Street": "Diagonal Dr. Arturo Romero y\n25 Avenida Norte San Salvador",
                "City": "Colonia M\u00e9dica",
                "Province": "Colonia M\u00e9dica",
                "PostCode": "N/A",
                "Website": "http://www.pedagogica.edu.sv",
                "college_name": "Pedagogical University of El Salvador",
                "university_name": "Universidad Pedag\u00f3gica de El Salvador (UPED)"
            },
            "InstitutionFunding": "Private",
            "History": "Founded 1982",
            "AcademicYear": "January to December (January-July; August-December)",
            "AdmissionRequirements": [
                "Secondary school certificate (bachillerato) and entrance examination"
            ],
            "Languages": [
                "Spanish"
            ],
            "StudentBody": "co-ed"
        },
        "Divisions": [
            {
                "College": "Postgraduate Studies",
                "FieldsOfStudy": [
                    "Educational Administration",
                    "Human Resources"
                ],
                "Details": "N/A"
            },
            {
                "College": "Economics",
                "FieldsOfStudy": [
                    "Accountancy",
                    "Business and Commerce",
                    "Communication Studies",
                    "Computer Science",
                    "Marketing"
                ],
                "Details": "N/A"
            },
            {
                "College": "Education",
                "FieldsOfStudy": [
                    "Education",
                    "Educational Sciences",
                    "English",
                    "Literature",
                    "Mathematics Education",
                    "Physical Education",
                    "Preschool Education",
                    "Primary Education",
                    "Science Education",
                    "Secondary Education",
                    "Social Sciences",
                    "Social Work"
                ],
                "Details": "N/A"
            },
            {
                "College": "Engineering",
                "FieldsOfStudy": [
                    "Engineering"
                ],
                "Details": "N/A"
            },
            {
                "College": "Law",
                "FieldsOfStudy": [
                    "Law"
                ],
                "Details": "N/A"
            }
        ],
        "Degrees": {
            "Undergraduate": {
                "CertificateOrDiploma": [],
                "Bachelor'sDegree": []
            },
            "Postgraduate": {
                "PostBachelor'sDiplomaOrCertificate": [],
                "Master'sDegree": [],
                "Doctor'sDegrees": [],
                "ResearchScholarship": [],
                "EducationSpecialistDegree": []
            }
        }
    },
    {
        "GeneralInformation": {
            "Address": {
                "Street": "Boulevard Tutunichapa y 5ta Avenida Norte, Frente a redondel Jose Mart\u00ed (Don Rua)",
                "City": "San Salvador",
                "Province": "San Salvador",
                "PostCode": "N/A",
                "Website": "http://www.upes.edu.sv",
                "college_name": "Polytechnic University of El Salvador",
                "university_name": "Universidad Polit\u00e9cnica de El Salvador (UPES)"
            },
            "InstitutionFunding": "Private",
            "History": "Founded 1979",
            "AcademicYear": "January to December (January-June; July-December)",
            "AdmissionRequirements": [
                "Secondary school certificate (bachillerato)"
            ],
            "Languages": [
                "Spanish"
            ],
            "StudentBody": "co-ed"
        },
        "Divisions": [
            {
                "College": "Economics",
                "FieldsOfStudy": [
                    "Accountancy",
                    "Business Administration",
                    "Economics",
                    "Marketing"
                ],
                "Details": "N/A"
            },
            {
                "College": "Engineering and Architecture",
                "FieldsOfStudy": [
                    "Architecture",
                    "Civil Engineering",
                    "Computer Engineering",
                    "Electrical Engineering",
                    "Engineering",
                    "Industrial Engineering",
                    "Systems Analysis"
                ],
                "Details": "N/A"
            },
            {
                "College": "Law and Social Sciences",
                "FieldsOfStudy": [
                    "Law"
                ],
                "Details": "N/A"
            }
        ],
        "Degrees": {
            "Undergraduate": {
                "CertificateOrDiploma": [],
                "Bachelor'sDegree": []
            },
            "Postgraduate": {
                "PostBachelor'sDiplomaOrCertificate": [],
                "Master'sDegree": [],
                "Doctor'sDegrees": [],
                "ResearchScholarship": [],
                "EducationSpecialistDegree": []
            }
        }
    },
    {
        "GeneralInformation": {
            "Address": {
                "Street": "Ave. Masferrer norte #738 Colonia Escal\u00f3n",
                "City": "San Salvador",
                "Province": "San Salvador",
                "PostCode": "N/A",
                "Website": "https://www.iensccsa.edu.sv",
                "college_name": "Salvadoran American Cultural Centre",
                "university_name": "Instituto Especializado de Nivel Superior Centro Cultural Salvadore\u00f1o Americano (IENSCCSA)"
            },
            "InstitutionFunding": "Private",
            "History": "Founded 1955",
            "AcademicYear": "N/A",
            "AdmissionRequirements": [],
            "Languages": [
                "Spanish"
            ],
            "StudentBody": "N/A"
        },
        "Divisions": [
            {
                "College": "Applied Linguistics",
                "FieldsOfStudy": [
                    "Applied Linguistics",
                    "English"
                ],
                "Details": "N/A"
            },
            {
                "College": "English Language Teachers Training",
                "FieldsOfStudy": [
                    "Foreign Languages Education"
                ],
                "Details": "N/A"
            },
            {
                "College": "English-Spanish Translation",
                "FieldsOfStudy": [
                    "Translation and Interpretation"
                ],
                "Details": "N/A"
            }
        ],
        "Degrees": {
            "Undergraduate": {
                "CertificateOrDiploma": [],
                "Bachelor'sDegree": []
            },
            "Postgraduate": {
                "PostBachelor'sDiplomaOrCertificate": [],
                "Master'sDegree": [],
                "Doctor'sDegrees": [],
                "ResearchScholarship": [],
                "EducationSpecialistDegree": []
            }
        }
    },
    {
        "GeneralInformation": {
            "Address": {
                "Street": "Km. 12.5 carretera al Puerto de La Libertad, calle nueva a Comasagua",
                "City": "Santa Tecla",
                "Province": "La Libertad",
                "PostCode": "N/A",
                "Website": "https://www.esen.edu.sv",
                "college_name": "School of Economics and Commerce",
                "university_name": "Escuela Superior de Econom\u00eda y Negocios (ESEN)"
            },
            "InstitutionFunding": "Private",
            "History": "Founded 1994",
            "AcademicYear": "N/A",
            "AdmissionRequirements": [],
            "Languages": [
                "Spanish"
            ],
            "StudentBody": "N/A"
        },
        "Divisions": [
            {
                "College": "Business Engineering",
                "FieldsOfStudy": [
                    "Business Administration",
                    "Engineering"
                ],
                "Details": "N/A"
            },
            {
                "College": "Economics and Business",
                "FieldsOfStudy": [
                    "Business and Commerce",
                    "Economics"
                ],
                "Details": "N/A"
            },
            {
                "College": "Juridical Sciences",
                "FieldsOfStudy": [
                    "Law"
                ],
                "Details": "N/A"
            }
        ],
        "Degrees": {
            "Undergraduate": {
                "CertificateOrDiploma": [],
                "Bachelor'sDegree": []
            },
            "Postgraduate": {
                "PostBachelor'sDiplomaOrCertificate": [],
                "Master'sDegree": [],
                "Doctor'sDegrees": [],
                "ResearchScholarship": [],
                "EducationSpecialistDegree": []
            }
        }
    },
    {
        "GeneralInformation": {
            "Address": {
                "Street": "37 Avenida Sur y 12 Calle Poniente, No. 566\nColonia Flor Blanca",
                "City": "San Salvador",
                "Province": "San Salvador",
                "PostCode": "N/A",
                "Website": "https://www.ieproes.edu.sv",
                "college_name": "Specialized Institute of Health Professionals",
                "university_name": "Instituto Especializado de Profesionales de la Salud \u2013 Instituto Especializado de Profesionales de la Salud, IEPROES (IEPROES)"
            },
            "InstitutionFunding": "Private",
            "History": "Founded 1996 as a permanent, public utility, non-profit educational corporation based in the Department of San Salvador, on the basis of the National Schools of Nursing, created 1929 under the responsibility of the Ministry of Health (MINSAL)",
            "AcademicYear": "January to June; July to December",
            "AdmissionRequirements": [],
            "Languages": [
                "Spanish"
            ],
            "StudentBody": "co-ed"
        },
        "Divisions": [
            {
                "College": "Environmental Health",
                "FieldsOfStudy": [
                    "Health Sciences"
                ],
                "Details": "N/A"
            },
            {
                "College": "Health Psychology",
                "FieldsOfStudy": [
                    "Psychology"
                ],
                "Details": "N/A"
            },
            {
                "College": "Nursing",
                "FieldsOfStudy": [
                    "Nursing"
                ],
                "Details": "Nursing"
            }
        ],
        "Degrees": {
            "Undergraduate": {
                "CertificateOrDiploma": [],
                "Bachelor'sDegree": []
            },
            "Postgraduate": {
                "PostBachelor'sDiplomaOrCertificate": [],
                "Master'sDegree": [],
                "Doctor'sDegrees": [],
                "ResearchScholarship": [],
                "EducationSpecialistDegree": []
            }
        }
    },
    {
        "GeneralInformation": {
            "Address": {
                "Street": "Edificio 2, Nivel 4 del Ministerio de Relaciones Exteriores\nCalle El Pedregal, Blvd. Canciller\u00eda. Ciudad Merliot",
                "City": "Antiguo Cuscatl\u00e1n",
                "Province": "La Libertad",
                "PostCode": "N/A",
                "Website": "https://ieesford.edu.sv",
                "college_name": "Specialized Institute of Higher Education for Diplomatic Training",
                "university_name": "Instituto Especializado de Educaci\u00f3n Superior para la Formaci\u00f3n Diplom\u00e1tica (IEESFORD)"
            },
            "InstitutionFunding": "Public",
            "History": "Founded 2010",
            "AcademicYear": "N/A",
            "AdmissionRequirements": [
                "Public competition for admission; Licenciado degree or equivalent; Advanced knowledge of English"
            ],
            "Languages": [
                "Spanish"
            ],
            "StudentBody": "N/A"
        },
        "Divisions": [
            {
                "College": "Consular Management",
                "FieldsOfStudy": [
                    "Management"
                ],
                "Details": "N/A"
            },
            {
                "College": "Diplomacy",
                "FieldsOfStudy": [
                    "International Relations and Diplomacy"
                ],
                "Details": "N/A"
            },
            {
                "College": "Languages",
                "FieldsOfStudy": [
                    "Modern Languages"
                ],
                "Details": "N/A"
            }
        ],
        "Degrees": {
            "Undergraduate": {
                "CertificateOrDiploma": [],
                "Bachelor'sDegree": []
            },
            "Postgraduate": {
                "PostBachelor'sDiplomaOrCertificate": [],
                "Master'sDegree": [],
                "Doctor'sDegrees": [],
                "ResearchScholarship": [],
                "EducationSpecialistDegree": []
            }
        }
    },
    {
        "GeneralInformation": {
            "Address": {
                "Street": "Ciudad Universitaria \"Dr. Fabio Castillo Figueroa\"\nFinal de Av.M\u00e1rtires y H\u00e9roes del 30 julio",
                "City": "San Salvador",
                "Province": "San Salvador",
                "PostCode": "N/A",
                "Website": "https://www.ues.edu.sv",
                "college_name": "University of El Salvador",
                "university_name": "Universidad de El Salvador (UES)"
            },
            "InstitutionFunding": "Public",
            "History": "Founded 1841, became University 1847. Acquired autonomous status 1950",
            "AcademicYear": "May to March (May-October; October-March)",
            "AdmissionRequirements": [
                "Secondary school certificate (bachillerato) and entrance examination"
            ],
            "Languages": [
                "Spanish"
            ],
            "StudentBody": "co-ed"
        },
        "Divisions": [
            {
                "College": "Agronomy",
                "FieldsOfStudy": [
                    "Agricultural Engineering",
                    "Agriculture",
                    "Veterinary Science",
                    "Zoology"
                ],
                "Details": "N/A"
            },
            {
                "College": "Chemistry and Pharmacy",
                "FieldsOfStudy": [
                    "Chemistry",
                    "Pharmacy"
                ],
                "Details": "N/A"
            },
            {
                "College": "Dentistry",
                "FieldsOfStudy": [
                    "Dentistry",
                    "Stomatology"
                ],
                "Details": "N/A"
            },
            {
                "College": "Economics",
                "FieldsOfStudy": [
                    "Accountancy",
                    "Business Administration",
                    "Economics",
                    "International Business",
                    "Marketing"
                ],
                "Details": "N/A"
            },
            {
                "College": "Engineering and Architecture",
                "FieldsOfStudy": [
                    "Architecture",
                    "Chemical Engineering",
                    "Civil Engineering",
                    "Electrical Engineering",
                    "Engineering",
                    "Food Technology",
                    "Industrial Engineering",
                    "Mechanical Engineering",
                    "Systems Analysis"
                ],
                "Details": "N/A"
            },
            {
                "College": "Law and Social Sciences",
                "FieldsOfStudy": [
                    "International Relations and Diplomacy",
                    "Law",
                    "Social Sciences"
                ],
                "Details": "N/A"
            },
            {
                "College": "Medicine",
                "FieldsOfStudy": [
                    "Anaesthesiology",
                    "Child Care and Development",
                    "Clinical Psychology",
                    "Medical Technology",
                    "Medicine",
                    "Nursing",
                    "Nutrition",
                    "Occupational Therapy",
                    "Physical Therapy",
                    "Radiology"
                ],
                "Details": "N/A"
            },
            {
                "College": "Multidisciplinary Studies of the East",
                "FieldsOfStudy": [
                    "Agronomy",
                    "Architecture",
                    "Arts and Humanities",
                    "Biology",
                    "Chemistry",
                    "Dentistry",
                    "Economics",
                    "Engineering",
                    "Law",
                    "Mathematics",
                    "Medicine",
                    "Natural Sciences",
                    "Pharmacy"
                ],
                "Details": "N/A"
            },
            {
                "College": "Multidisciplinary Studies of the West",
                "FieldsOfStudy": [
                    "Biology",
                    "Chemistry",
                    "Economics",
                    "Engineering",
                    "Law",
                    "Mathematics",
                    "Medicine",
                    "Modern Languages",
                    "Physics",
                    "Social Sciences"
                ],
                "Details": "N/A"
            },
            {
                "College": "Natural Sciences and Mathematics",
                "FieldsOfStudy": [
                    "Biology",
                    "Chemistry",
                    "Mathematics",
                    "Natural Sciences",
                    "Physics"
                ],
                "Details": "N/A"
            },
            {
                "College": "Paracentral Multidisciplinary Studies",
                "FieldsOfStudy": [
                    "Agronomy",
                    "Computer Science",
                    "Economics",
                    "Education"
                ],
                "Details": "N/A"
            },
            {
                "College": "Sciences and Humanities",
                "FieldsOfStudy": [
                    "Arts and Humanities",
                    "Education",
                    "Fine Arts",
                    "Journalism",
                    "Literature",
                    "Modern Languages",
                    "Natural Sciences",
                    "Philosophy",
                    "Psychology",
                    "Social Sciences"
                ],
                "Details": "N/A"
            }
        ],
        "Degrees": {
            "Undergraduate": {
                "CertificateOrDiploma": [],
                "Bachelor'sDegree": []
            },
            "Postgraduate": {
                "PostBachelor'sDiplomaOrCertificate": [],
                "Master'sDegree": [],
                "Doctor'sDegrees": [
                    "Dentistry",
                    "Medicine"
                ],
                "ResearchScholarship": [],
                "EducationSpecialistDegree": []
            }
        }
    },
    {
        "GeneralInformation": {
            "Address": {
                "Street": "Calle Ing. Jes\u00fas Adalberto D\u00edaz Pineda y Avenida Central Final Colonia 14 de Diciembre",
                "City": "Sonsonate",
                "Province": "Sonsonate",
                "PostCode": "N/A",
                "Website": "https://www.usonsonate.edu.sv",
                "college_name": "University of Sonsonate",
                "university_name": "Universidad de Sonsonate (USO)"
            },
            "InstitutionFunding": "Private",
            "History": "Founded 1982",
            "AcademicYear": "February to December (February-July; August-December)",
            "AdmissionRequirements": [
                "Secondary school certificate (bachillerato)"
            ],
            "Languages": [
                "Spanish"
            ],
            "StudentBody": "co-ed"
        },
        "Divisions": [
            {
                "College": "Economics and Social Sciences",
                "FieldsOfStudy": [
                    "Accountancy",
                    "Business Administration",
                    "Economics",
                    "Education",
                    "Social Sciences"
                ],
                "Details": "N/A"
            },
            {
                "College": "Engineering and Natural Sciences",
                "FieldsOfStudy": [
                    "Agricultural Business",
                    "Computer Engineering",
                    "Electrical Engineering",
                    "Engineering",
                    "Industrial Engineering",
                    "Natural Sciences"
                ],
                "Details": "N/A"
            },
            {
                "College": "Law",
                "FieldsOfStudy": [
                    "Law"
                ],
                "Details": "N/A"
            }
        ],
        "Degrees": {
            "Undergraduate": {
                "CertificateOrDiploma": [],
                "Bachelor'sDegree": []
            },
            "Postgraduate": {
                "PostBachelor'sDiplomaOrCertificate": [],
                "Master'sDegree": [],
                "Doctor'sDegrees": [],
                "ResearchScholarship": [],
                "EducationSpecialistDegree": []
            }
        }
    },
    {
        "GeneralInformation": {
            "Address": {
                "Street": "Calle Arce No. 1120",
                "City": "San Salvador",
                "Province": "San Salvador",
                "PostCode": "N/A",
                "Website": "https://www.utec.edu.sv",
                "college_name": "University of Technology of El Salvador",
                "university_name": "Universidad Tecnol\u00f3gica de El Salvador (UTEC)"
            },
            "InstitutionFunding": "Private",
            "History": "Founded 1980",
            "AcademicYear": "January to December (January-June; August-December)",
            "AdmissionRequirements": [
                "Secondary school certificate (bachillerato) and entrance examination"
            ],
            "Languages": [
                "Spanish"
            ],
            "StudentBody": "co-ed"
        },
        "Divisions": [
            {
                "College": "Business Administration",
                "FieldsOfStudy": [
                    "Accountancy",
                    "Administration",
                    "Business Administration",
                    "Finance",
                    "Marketing",
                    "Tourism"
                ],
                "Details": "N/A"
            },
            {
                "College": "Computer and Applied Sciences",
                "FieldsOfStudy": [
                    "Computer Science",
                    "Engineering"
                ],
                "Details": "N/A"
            },
            {
                "College": "Law",
                "FieldsOfStudy": [
                    "Law"
                ],
                "Details": "N/A"
            },
            {
                "College": "Postgraduate Studies",
                "FieldsOfStudy": [
                    "Banking",
                    "Business Administration",
                    "Finance",
                    "Marketing"
                ],
                "Details": "N/A"
            },
            {
                "College": "Social Sciences",
                "FieldsOfStudy": [
                    "Anthropology",
                    "Communication Studies",
                    "Modern Languages",
                    "Psychology"
                ],
                "Details": "N/A"
            }
        ],
        "Degrees": {
            "Undergraduate": {
                "CertificateOrDiploma": [],
                "Bachelor'sDegree": []
            },
            "Postgraduate": {
                "PostBachelor'sDiplomaOrCertificate": [],
                "Master'sDegree": [],
                "Doctor'sDegrees": [],
                "ResearchScholarship": [],
                "EducationSpecialistDegree": []
            }
        }
    },
    {
        "GeneralInformation": {
            "Address": {
                "Street": "4ta. Calle Poniente 705",
                "City": "San Miguel",
                "Province": "San Miguel",
                "PostCode": "N/A",
                "Website": "https://www.univo.edu.sv",
                "college_name": "University of the East",
                "university_name": "Universidad de Oriente (UNIVO)"
            },
            "InstitutionFunding": "Private",
            "History": "Founded 1982",
            "AcademicYear": "N/A",
            "AdmissionRequirements": [
                "Secondary school certificate"
            ],
            "Languages": [
                "Spanish"
            ],
            "StudentBody": "co-ed"
        },
        "Divisions": [
            {
                "College": "Agronomy",
                "FieldsOfStudy": [
                    "Agronomy",
                    "Veterinary Science"
                ],
                "Details": "N/A"
            },
            {
                "College": "Economics",
                "FieldsOfStudy": [
                    "Accountancy",
                    "Business Administration",
                    "Computer Science",
                    "Marketing"
                ],
                "Details": "N/A"
            },
            {
                "College": "Engineering and Architecture",
                "FieldsOfStudy": [
                    "Architecture",
                    "Civil Engineering",
                    "Engineering",
                    "Industrial Engineering",
                    "Systems Analysis"
                ],
                "Details": "N/A"
            },
            {
                "College": "Health Siences",
                "FieldsOfStudy": [
                    "Health Sciences",
                    "Nursing"
                ],
                "Details": "N/A"
            },
            {
                "College": "Law",
                "FieldsOfStudy": [
                    "Law"
                ],
                "Details": "N/A"
            },
            {
                "College": "Sciences and Humanities",
                "FieldsOfStudy": [
                    "Art Education",
                    "Arts and Humanities",
                    "Communication Studies",
                    "English",
                    "Mathematics Education",
                    "Physical Education",
                    "Preschool Education",
                    "Psychology",
                    "Science Education"
                ],
                "Details": "N/A"
            }
        ],
        "Degrees": {
            "Undergraduate": {
                "CertificateOrDiploma": [],
                "Bachelor'sDegree": []
            },
            "Postgraduate": {
                "PostBachelor'sDiplomaOrCertificate": [],
                "Master'sDegree": [],
                "Doctor'sDegrees": [
                    "Medicine"
                ],
                "ResearchScholarship": [],
                "EducationSpecialistDegree": []
            }
        }
    }
]