[
    {
        "GeneralInformation": {
            "Address": {
                "Street": "PO Box 046, Old Medical Block\nJDWNRH",
                "City": "Thimphu",
                "Province": "N/A",
                "PostCode": "N/A",
                "Website": "http://www.kgumsb.edu.bt",
                "college_name": "Khesar Gyalpo University of Medical Sciences of Bhutan",
                "university_name": "(KGUMSB)"
            },
            "InstitutionFunding": "Public",
            "History": "Created in 2012 as University of Medical Sciences Bhutan (UMSB). Acquired current title and status 2015.",
            "AcademicYear": "N/A",
            "AdmissionRequirements": [],
            "Languages": [],
            "StudentBody": "N/A"
        },
        "Divisions": [
            {
                "College": "Health Sciences",
                "FieldsOfStudy": [
                    "Midwifery",
                    "Nursing"
                ],
                "Details": "Reldri"
            },
            {
                "College": "Nursing and Public Health",
                "FieldsOfStudy": [
                    "Clinical Psychology",
                    "Community Health",
                    "Dental Hygiene",
                    "Dental Technology",
                    "Medical Technology",
                    "Midwifery",
                    "Nursing",
                    "Pharmacy",
                    "Physical Therapy",
                    "Public Health"
                ],
                "Details": "N/A"
            },
            {
                "College": "Postgraduate Medicine",
                "FieldsOfStudy": [
                    "Anaesthesiology",
                    "Medicine",
                    "Obstetrics and Gynaecology",
                    "Ophthalmology",
                    "Orthopaedics",
                    "Paediatrics",
                    "Surgery"
                ],
                "Details": "N/A"
            },
            {
                "College": "Traditional Medicine",
                "FieldsOfStudy": [
                    "Traditional Eastern Medicine"
                ],
                "Details": "N/A"
            }
        ],
        "Degrees": {
            "Undergraduate": {
                "CertificateOrDiploma": [
                    "Community Health",
                    "Dental Hygiene",
                    "Dental Technology",
                    "Medical Technology",
                    "Nursing",
                    "Pharmacy",
                    "Physical Therapy",
                    "Traditional Eastern Medicine"
                ],
                "Bachelor'sDegree": [
                    "Clinical Psychology",
                    "Medicine",
                    "Midwifery",
                    "Nursing",
                    "Public Health",
                    "Traditional Eastern Medicine"
                ]
            },
            "Postgraduate": {
                "PostBachelor'sDiplomaOrCertificate": [],
                "Master'sDegree": [],
                "Doctor'sDegrees": [
                    "Anaesthesiology",
                    "Medicine",
                    "Obstetrics and Gynaecology",
                    "Ophthalmology",
                    "Orthopaedics",
                    "Paediatrics",
                    "Surgery"
                ],
                "ResearchScholarship": [],
                "EducationSpecialistDegree": []
            }
        }
    },
    {
        "GeneralInformation": {
            "Address": {
                "Street": "Post Box No. 416",
                "City": "Thimphu",
                "Province": "N/A",
                "PostCode": "11001",
                "Website": "http://www.rim.edu.bt",
                "college_name": "Royal Institute of Management",
                "university_name": ""
            },
            "InstitutionFunding": "Private",
            "History": "Created in 1986 and incorporated as an autonomous institute in 1990 under the Royal Charter with a Board of Directors as its governing authority.",
            "AcademicYear": "N/A",
            "AdmissionRequirements": [],
            "Languages": [],
            "StudentBody": "N/A"
        },
        "Divisions": [
            {
                "College": "Business Administration",
                "FieldsOfStudy": [
                    "Business Administration"
                ],
                "Details": "N/A"
            },
            {
                "College": "Financial Management",
                "FieldsOfStudy": [
                    "Finance"
                ],
                "Details": "N/A"
            },
            {
                "College": "National Law",
                "FieldsOfStudy": [
                    "Law"
                ],
                "Details": "N/A"
            },
            {
                "College": "Public Administration",
                "FieldsOfStudy": [
                    "Public Administration"
                ],
                "Details": "N/A"
            }
        ],
        "Degrees": {
            "Undergraduate": {
                "CertificateOrDiploma": [],
                "Bachelor'sDegree": []
            },
            "Postgraduate": {
                "PostBachelor'sDiplomaOrCertificate": [
                    "Finance",
                    "Law",
                    "Public Administration"
                ],
                "Master'sDegree": [
                    "Business Administration"
                ],
                "Doctor'sDegrees": [],
                "ResearchScholarship": [],
                "EducationSpecialistDegree": []
            }
        }
    },
    {
        "GeneralInformation": {
            "Address": {
                "Street": "PO Box 708, Lower Motithang\nSemtokha",
                "City": "Thimphu",
                "Province": "N/A",
                "PostCode": "N/A",
                "Website": "http://www.rub.edu.bt",
                "college_name": "Royal University of Bhutan",
                "university_name": "(RUB)"
            },
            "InstitutionFunding": "Public",
            "History": "Founded 2003 by Royal Decree. A federated organization of nine constituent colleges and two private affiliated colleges.",
            "AcademicYear": "July to June or February to December, depending on each college or institute.",
            "AdmissionRequirements": [
                "Secondary School Certificate"
            ],
            "Languages": [
                "English"
            ],
            "StudentBody": "co-ed"
        },
        "Divisions": [
            {
                "College": "Gaeddu College of Business Studies",
                "FieldsOfStudy": [
                    "Business Administration",
                    "Business and Commerce"
                ],
                "Details": "N/A"
            },
            {
                "College": "Gyalpozhing College of Information Technology",
                "FieldsOfStudy": [
                    "Computer Science"
                ],
                "Details": "N/A"
            },
            {
                "College": "Jigme Namgyel Engineering College",
                "FieldsOfStudy": [
                    "Civil Engineering",
                    "Electrical and Electronic Engineering",
                    "Power Engineering",
                    "Surveying and Mapping"
                ],
                "Details": "N/A"
            },
            {
                "College": "Language and Cultural Studies",
                "FieldsOfStudy": [
                    "Cultural Studies",
                    "Native Language"
                ],
                "Details": "N/A"
            },
            {
                "College": "Natural Resources",
                "FieldsOfStudy": [
                    "Agriculture",
                    "Animal Husbandry",
                    "Environmental Management",
                    "Food Science",
                    "Forestry",
                    "Natural Resources"
                ],
                "Details": "N/A"
            },
            {
                "College": "Norbuling Rigter College",
                "FieldsOfStudy": [
                    "Business Administration",
                    "Business and Commerce"
                ],
                "Details": "N/A"
            },
            {
                "College": "Paro College of Education",
                "FieldsOfStudy": [
                    "Education",
                    "Educational Administration",
                    "Native Language Education",
                    "Primary Education",
                    "Secondary Education",
                    "Teacher Training"
                ],
                "Details": "N/A"
            },
            {
                "College": "Royal Thimphu College",
                "FieldsOfStudy": [
                    "Anthropology",
                    "Business and Commerce",
                    "Economics",
                    "English",
                    "Environmental Management",
                    "History",
                    "Mass Communication",
                    "Nursing",
                    "Political Sciences"
                ],
                "Details": "N/A"
            },
            {
                "College": "Samtse College of Education",
                "FieldsOfStudy": [
                    "Education",
                    "Educational Psychology",
                    "Higher Education",
                    "Library Science",
                    "Primary Education",
                    "Science Education",
                    "Secondary Education"
                ],
                "Details": "N/A"
            },
            {
                "College": "Science and Technology",
                "FieldsOfStudy": [
                    "Architecture",
                    "Civil Engineering",
                    "Electrical Engineering",
                    "Information Technology",
                    "Telecommunications Engineering"
                ],
                "Details": "N/A"
            },
            {
                "College": "Sherubtse College",
                "FieldsOfStudy": [
                    "Biological and Life Sciences",
                    "Chemistry",
                    "Computer Science",
                    "Demography and Population",
                    "Economics",
                    "English",
                    "Environmental Studies",
                    "Geography",
                    "Mathematics",
                    "Media Studies",
                    "Native Language",
                    "Physics",
                    "Political Sciences",
                    "Sociology",
                    "South and Southeast Asian Languages"
                ],
                "Details": "N/A"
            }
        ],
        "Degrees": {
            "Undergraduate": {
                "CertificateOrDiploma": [
                    "Civil Engineering",
                    "Communication Arts",
                    "Computer Networks",
                    "Electrical Engineering",
                    "Library Science",
                    "Mechanical Engineering",
                    "Physical Education",
                    "Preschool Education",
                    "Surveying and Mapping",
                    "Telecommunications Engineering"
                ],
                "Bachelor'sDegree": [
                    "Agriculture",
                    "Animal Husbandry",
                    "Architecture",
                    "Business Administration",
                    "Business and Commerce",
                    "Civil Engineering",
                    "Computer Science",
                    "Electrical Engineering",
                    "Environmental Studies",
                    "Food Science",
                    "Forestry",
                    "Information Technology",
                    "Modern Languages",
                    "Native Language",
                    "Native Language Education",
                    "Power Engineering",
                    "Primary Education",
                    "Secondary Education",
                    "Telecommunications Engineering"
                ]
            },
            "Postgraduate": {
                "PostBachelor'sDiplomaOrCertificate": [
                    "Education",
                    "Educational Psychology",
                    "Higher Education",
                    "Native Language Education"
                ],
                "Master'sDegree": [
                    "Business Administration",
                    "Development Studies",
                    "Educational Administration",
                    "Educational Psychology",
                    "Energy Engineering",
                    "Native Language Education",
                    "Natural Resources",
                    "Science Education"
                ],
                "Doctor'sDegrees": [],
                "ResearchScholarship": [],
                "EducationSpecialistDegree": []
            }
        }
    }
]