[
    {
        "GeneralInformation": {
            "Address": {
                "Street": "Avenida Canossa, Haslaran Delta Comoro",
                "City": "Dili",
                "Province": "N/A",
                "PostCode": "N/A",
                "Website": "N/A",
                "college_name": "Canossa Professional Institute",
                "university_name": "Instituto Profissional de Canossa (IPDC)"
            },
            "InstitutionFunding": "Private",
            "History": "N/A",
            "AcademicYear": "N/A",
            "AdmissionRequirements": [],
            "Languages": [
                "Portuguese",
                "Tetum"
            ],
            "StudentBody": "N/A"
        },
        "Divisions": [
            {
                "College": "Computer Engineering",
                "FieldsOfStudy": [
                    "Computer Science"
                ],
                "Details": "N/A"
            },
            {
                "College": "Informatics Engineering",
                "FieldsOfStudy": [
                    "Computer Engineering"
                ],
                "Details": "N/A"
            },
            {
                "College": "Office Management",
                "FieldsOfStudy": [
                    "Management"
                ],
                "Details": "N/A"
            }
        ],
        "Degrees": {
            "Undergraduate": {
                "CertificateOrDiploma": [],
                "Bachelor'sDegree": []
            },
            "Postgraduate": {
                "PostBachelor'sDiplomaOrCertificate": [],
                "Master'sDegree": [],
                "Doctor'sDegrees": [],
                "ResearchScholarship": [],
                "EducationSpecialistDegree": []
            }
        }
    },
    {
        "GeneralInformation": {
            "Address": {
                "Street": "Rua Central-Bahu-Vila Antiga",
                "City": "Baucau",
                "Province": "N/A",
                "PostCode": "N/A",
                "Website": "http://icfpmarista.edu.tl",
                "college_name": "Catholic Institute for Teachers Training",
                "university_name": "Instituto Cat\u00f3lico para Forma\u00e7\u00e3o de Professores (ICFP)"
            },
            "InstitutionFunding": "Private",
            "History": "N/A",
            "AcademicYear": "N/A",
            "AdmissionRequirements": [],
            "Languages": [
                "Tetum"
            ],
            "StudentBody": "N/A"
        },
        "Divisions": [
            {
                "College": "Education",
                "FieldsOfStudy": [
                    "Teacher Training"
                ],
                "Details": "N/A"
            }
        ],
        "Degrees": {
            "Undergraduate": {
                "CertificateOrDiploma": [],
                "Bachelor'sDegree": []
            },
            "Postgraduate": {
                "PostBachelor'sDiplomaOrCertificate": [],
                "Master'sDegree": [],
                "Doctor'sDegrees": [],
                "ResearchScholarship": [],
                "EducationSpecialistDegree": []
            }
        }
    },
    {
        "GeneralInformation": {
            "Address": {
                "Street": "Rua DIT Ai-Mutin",
                "City": "Dili",
                "Province": "N/A",
                "PostCode": "N/A",
                "Website": "http://dit.edu.tl",
                "college_name": "Dili Institute of Technology",
                "university_name": "(DIT)"
            },
            "InstitutionFunding": "Private",
            "History": "N/A",
            "AcademicYear": "N/A",
            "AdmissionRequirements": [],
            "Languages": [
                "Tetum"
            ],
            "StudentBody": "N/A"
        },
        "Divisions": [
            {
                "College": "Business and Management",
                "FieldsOfStudy": [
                    "Agricultural Business",
                    "Finance",
                    "Human Resources",
                    "Management",
                    "Marketing"
                ],
                "Details": "N/A"
            },
            {
                "College": "Engineering and Sciences",
                "FieldsOfStudy": [
                    "Civil Engineering",
                    "Computer Science",
                    "Mechanical Engineering"
                ],
                "Details": "N/A"
            },
            {
                "College": "Petroleum Studies",
                "FieldsOfStudy": [
                    "Engineering Management",
                    "Petroleum and Gas Engineering"
                ],
                "Details": "N/A"
            },
            {
                "College": "Tourism and Management",
                "FieldsOfStudy": [
                    "Hotel and Restaurant",
                    "Hotel Management",
                    "Tourism"
                ],
                "Details": "N/A"
            }
        ],
        "Degrees": {
            "Undergraduate": {
                "CertificateOrDiploma": [],
                "Bachelor'sDegree": []
            },
            "Postgraduate": {
                "PostBachelor'sDiplomaOrCertificate": [],
                "Master'sDegree": [],
                "Doctor'sDegrees": [],
                "ResearchScholarship": [],
                "EducationSpecialistDegree": []
            }
        }
    },
    {
        "GeneralInformation": {
            "Address": {
                "Street": "Av. Presidente Xavier do Amaral\nMascarenhas",
                "City": "Dili",
                "Province": "N/A",
                "PostCode": "N/A",
                "Website": "https://www.undil.tl",
                "college_name": "Dili University",
                "university_name": "Universidade Dili (UNDIL)"
            },
            "InstitutionFunding": "Private",
            "History": "N/A",
            "AcademicYear": "N/A",
            "AdmissionRequirements": [],
            "Languages": [
                "Portuguese",
                "Tetum"
            ],
            "StudentBody": "N/A"
        },
        "Divisions": [
            {
                "College": "Economy",
                "FieldsOfStudy": [
                    "Accountancy",
                    "Management"
                ],
                "Details": "N/A"
            },
            {
                "College": "Educational Sciences",
                "FieldsOfStudy": [
                    "Foreign Languages Education"
                ],
                "Details": "N/A"
            },
            {
                "College": "Engineering",
                "FieldsOfStudy": [
                    "Industrial Engineering",
                    "Petroleum and Gas Engineering"
                ],
                "Details": "N/A"
            },
            {
                "College": "Law",
                "FieldsOfStudy": [
                    "Law"
                ],
                "Details": "N/A"
            },
            {
                "College": "Political Sciences",
                "FieldsOfStudy": [
                    "International Relations and Diplomacy"
                ],
                "Details": "N/A"
            },
            {
                "College": "Public Health",
                "FieldsOfStudy": [
                    "Dentistry",
                    "Nursing",
                    "Public Health"
                ],
                "Details": "N/A"
            }
        ],
        "Degrees": {
            "Undergraduate": {
                "CertificateOrDiploma": [],
                "Bachelor'sDegree": []
            },
            "Postgraduate": {
                "PostBachelor'sDiplomaOrCertificate": [],
                "Master'sDegree": [],
                "Doctor'sDegrees": [],
                "ResearchScholarship": [],
                "EducationSpecialistDegree": []
            }
        }
    },
    {
        "GeneralInformation": {
            "Address": {
                "Street": "Praia dos Coqueiro Comoro",
                "City": "Dili",
                "Province": "N/A",
                "PostCode": "N/A",
                "Website": "http://www.iob-tl.com",
                "college_name": "Institute of Business",
                "university_name": "(IOB)"
            },
            "InstitutionFunding": "Private",
            "History": "N/A",
            "AcademicYear": "N/A",
            "AdmissionRequirements": [],
            "Languages": [
                "Tetum"
            ],
            "StudentBody": "N/A"
        },
        "Divisions": [
            {
                "College": "Postgraduate",
                "FieldsOfStudy": [
                    "Accountancy",
                    "Business Administration",
                    "Management"
                ],
                "Details": "N/A"
            },
            {
                "College": "Economics and Business",
                "FieldsOfStudy": [
                    "Accountancy",
                    "Development Studies",
                    "Economics",
                    "Finance",
                    "Management"
                ],
                "Details": "N/A"
            },
            {
                "College": "Hospitality and Tourism",
                "FieldsOfStudy": [
                    "Hotel and Restaurant",
                    "Hotel Management",
                    "Tourism"
                ],
                "Details": "N/A"
            },
            {
                "College": "Information Communication and Technology",
                "FieldsOfStudy": [
                    "Accountancy",
                    "Business Computing",
                    "Computer Engineering",
                    "Computer Science",
                    "Information Management"
                ],
                "Details": "N/A"
            }
        ],
        "Degrees": {
            "Undergraduate": {
                "CertificateOrDiploma": [],
                "Bachelor'sDegree": []
            },
            "Postgraduate": {
                "PostBachelor'sDiplomaOrCertificate": [],
                "Master'sDegree": [],
                "Doctor'sDegrees": [],
                "ResearchScholarship": [],
                "EducationSpecialistDegree": []
            }
        }
    },
    {
        "GeneralInformation": {
            "Address": {
                "Street": "Estrada de Balide",
                "City": "Dili",
                "Province": "N/A",
                "PostCode": "N/A",
                "Website": "http://www.isc-tl.com",
                "college_name": "Instituto Superior Cristal",
                "university_name": ""
            },
            "InstitutionFunding": "Private",
            "History": "N/A",
            "AcademicYear": "N/A",
            "AdmissionRequirements": [],
            "Languages": [
                "Portuguese"
            ],
            "StudentBody": "N/A"
        },
        "Divisions": [
            {
                "College": "Health Sciences Education",
                "FieldsOfStudy": [
                    "Nursing"
                ],
                "Details": "N/A"
            },
            {
                "College": "Teacher Training and Education",
                "FieldsOfStudy": [
                    "Educational Psychology",
                    "Foreign Languages Education",
                    "Humanities and Social Science Education",
                    "Mathematics Education",
                    "Native Language Education",
                    "Science Education",
                    "Technology Education"
                ],
                "Details": "N/A"
            }
        ],
        "Degrees": {
            "Undergraduate": {
                "CertificateOrDiploma": [],
                "Bachelor'sDegree": []
            },
            "Postgraduate": {
                "PostBachelor'sDiplomaOrCertificate": [],
                "Master'sDegree": [],
                "Doctor'sDegrees": [],
                "ResearchScholarship": [],
                "EducationSpecialistDegree": []
            }
        }
    },
    {
        "GeneralInformation": {
            "Address": {
                "Street": "Avenida Cidade de Lisboa",
                "City": "Dili",
                "Province": "N/A",
                "PostCode": "N/A",
                "Website": "https://untl.edu.tl/pt",
                "college_name": "National University of Timor Leste",
                "university_name": "Universidade Nacional Timor Lorosa\u2019e (UNTL)"
            },
            "InstitutionFunding": "Public",
            "History": "Founded 1988 as East Timor University Dili, Timor Leste. Acquired present status and title 2000 after merger of Timor University Dili and Dili Polytechnic which operated in Indonesia until 1999.",
            "AcademicYear": "September to February",
            "AdmissionRequirements": [
                "Secondary school certificate (Ensino Secundario Diploma)"
            ],
            "Languages": [
                "Portuguese",
                "Tetum"
            ],
            "StudentBody": "N/A"
        },
        "Divisions": [
            {
                "College": "Agriculture",
                "FieldsOfStudy": [
                    "Agricultural Economics",
                    "Agriculture",
                    "Agronomy",
                    "Animal Husbandry",
                    "Environmental Management",
                    "Veterinary Science"
                ],
                "Details": "N/A"
            },
            {
                "College": "Economics and Management",
                "FieldsOfStudy": [
                    "Accountancy",
                    "Development Studies",
                    "Economics",
                    "Management",
                    "Tourism"
                ],
                "Details": "N/A"
            },
            {
                "College": "Education, Arts and Humanities",
                "FieldsOfStudy": [
                    "Educational Administration",
                    "Educational Sciences",
                    "Foreign Languages Education",
                    "Mathematics Education",
                    "Native Language Education",
                    "Physical Education",
                    "Primary Education",
                    "Science Education"
                ],
                "Details": "N/A"
            },
            {
                "College": "Engineering, Science and Technology",
                "FieldsOfStudy": [
                    "Civil Engineering",
                    "Computer Engineering",
                    "Electronic Engineering",
                    "Geological Engineering",
                    "Information Technology",
                    "Mechanical Engineering",
                    "Petroleum and Gas Engineering"
                ],
                "Details": "N/A"
            },
            {
                "College": "Law",
                "FieldsOfStudy": [
                    "Law"
                ],
                "Details": "N/A"
            },
            {
                "College": "Medicine and Health Sciences",
                "FieldsOfStudy": [
                    "Biomedicine",
                    "Dietetics",
                    "Laboratory Techniques",
                    "Medicine",
                    "Midwifery",
                    "Nursing",
                    "Nutrition",
                    "Pharmacy",
                    "Tropical Medicine"
                ],
                "Details": "N/A"
            },
            {
                "College": "Natural Sciences",
                "FieldsOfStudy": [
                    "Chemistry",
                    "Mathematics",
                    "Physics"
                ],
                "Details": "N/A"
            },
            {
                "College": "Philosophy",
                "FieldsOfStudy": [
                    "Philosophy"
                ],
                "Details": "N/A"
            },
            {
                "College": "Social Sciences",
                "FieldsOfStudy": [
                    "Communication Studies",
                    "International Relations and Diplomacy",
                    "Peace and Disarmament",
                    "Political Sciences",
                    "Public Administration",
                    "Social and Community Services",
                    "Social Policy",
                    "Social Sciences"
                ],
                "Details": "N/A"
            }
        ],
        "Degrees": {
            "Undergraduate": {
                "CertificateOrDiploma": [],
                "Bachelor'sDegree": []
            },
            "Postgraduate": {
                "PostBachelor'sDiplomaOrCertificate": [],
                "Master'sDegree": [],
                "Doctor'sDegrees": [],
                "ResearchScholarship": [],
                "EducationSpecialistDegree": []
            }
        }
    },
    {
        "GeneralInformation": {
            "Address": {
                "Street": "Becora Street",
                "City": "Dili",
                "Province": "N/A",
                "PostCode": "N/A",
                "Website": "https://unital.edu.tl",
                "college_name": "Oriental University of Timor Leste",
                "university_name": "Universidade Ori\u00eantal Timor Lorosa\u2019e (UNITAL)"
            },
            "InstitutionFunding": "Private",
            "History": "Created 2002",
            "AcademicYear": "N/A",
            "AdmissionRequirements": [],
            "Languages": [
                "Portuguese",
                "Tetum"
            ],
            "StudentBody": "N/A"
        },
        "Divisions": [
            {
                "College": "Agriculture",
                "FieldsOfStudy": [
                    "Agricultural Management",
                    "Agronomy",
                    "Fishery",
                    "Forestry",
                    "Veterinary Science"
                ],
                "Details": "N/A"
            },
            {
                "College": "Economics",
                "FieldsOfStudy": [
                    "Accountancy",
                    "Banking",
                    "Development Studies",
                    "Management",
                    "Statistics",
                    "Taxation",
                    "Tourism"
                ],
                "Details": "N/A"
            },
            {
                "College": "Educational Sciences",
                "FieldsOfStudy": [
                    "Educational Sciences",
                    "Foreign Languages Education",
                    "Humanities and Social Science Education",
                    "Mathematics Education",
                    "Native Language Education",
                    "Science Education"
                ],
                "Details": "N/A"
            },
            {
                "College": "Engineering",
                "FieldsOfStudy": [
                    "Architecture",
                    "Chemical Engineering",
                    "Civil Engineering",
                    "Electronic Engineering",
                    "Industrial Engineering",
                    "Information Technology",
                    "Mechanical Engineering"
                ],
                "Details": "N/A"
            },
            {
                "College": "Health and Sciences",
                "FieldsOfStudy": [
                    "Nursing",
                    "Nutrition",
                    "Public Health"
                ],
                "Details": "N/A"
            },
            {
                "College": "Law",
                "FieldsOfStudy": [
                    "Constitutional Law",
                    "International Law",
                    "Law"
                ],
                "Details": "N/A"
            },
            {
                "College": "Natural Resources and Mineral",
                "FieldsOfStudy": [
                    "Environmental Engineering",
                    "Geological Engineering",
                    "Measurement and Precision Engineering",
                    "Mining Engineering",
                    "Petroleum and Gas Engineering"
                ],
                "Details": "N/A"
            },
            {
                "College": "Social and Politics",
                "FieldsOfStudy": [
                    "Comparative Politics",
                    "Development Studies",
                    "Government",
                    "International Relations and Diplomacy",
                    "Political Sciences",
                    "Public Administration",
                    "Public Relations"
                ],
                "Details": "N/A"
            }
        ],
        "Degrees": {
            "Undergraduate": {
                "CertificateOrDiploma": [],
                "Bachelor'sDegree": []
            },
            "Postgraduate": {
                "PostBachelor'sDiplomaOrCertificate": [],
                "Master'sDegree": [],
                "Doctor'sDegrees": [],
                "ResearchScholarship": [],
                "EducationSpecialistDegree": []
            }
        }
    },
    {
        "GeneralInformation": {
            "Address": {
                "Street": "Col\u00e9gio Bispo Madeiros-Lahane,",
                "City": "Dili",
                "Province": "N/A",
                "PostCode": "N/A",
                "Website": "N/A",
                "college_name": "S\u00e3o T\u00f3mas de Aquino Religious Sciences Institute",
                "university_name": "Instituto de Ci\u00eancias Religiosas \"S\u00e3o T\u00f3mas de Aquino\" (ICR)"
            },
            "InstitutionFunding": "Private",
            "History": "N/A",
            "AcademicYear": "N/A",
            "AdmissionRequirements": [],
            "Languages": [
                "Portuguese",
                "Tetum"
            ],
            "StudentBody": "N/A"
        },
        "Divisions": [
            {
                "College": "Teacher Training",
                "FieldsOfStudy": [
                    "Religion",
                    "Religious Education",
                    "Social Work"
                ],
                "Details": "N/A"
            }
        ],
        "Degrees": {
            "Undergraduate": {
                "CertificateOrDiploma": [],
                "Bachelor'sDegree": []
            },
            "Postgraduate": {
                "PostBachelor'sDiplomaOrCertificate": [],
                "Master'sDegree": [],
                "Doctor'sDegrees": [],
                "ResearchScholarship": [],
                "EducationSpecialistDegree": []
            }
        }
    },
    {
        "GeneralInformation": {
            "Address": {
                "Street": "Osindo I Manleuana",
                "City": "Dili",
                "Province": "N/A",
                "PostCode": "N/A",
                "Website": "https://unpaztoday.wordpress.com",
                "college_name": "University of Peace",
                "university_name": "Universidade da Paz (UNPAZ)"
            },
            "InstitutionFunding": "Private",
            "History": "N/A",
            "AcademicYear": "N/A",
            "AdmissionRequirements": [],
            "Languages": [
                "Portuguese"
            ],
            "StudentBody": "N/A"
        },
        "Divisions": [
            {
                "College": "Master Degree",
                "FieldsOfStudy": [
                    "Banking",
                    "International Relations and Diplomacy",
                    "Law",
                    "Public Administration"
                ],
                "Details": "N/A"
            },
            {
                "College": "Agriculture Technology",
                "FieldsOfStudy": [
                    "Agricultural Engineering",
                    "Agricultural Equipment"
                ],
                "Details": "N/A"
            },
            {
                "College": "Economics",
                "FieldsOfStudy": [
                    "Accountancy",
                    "Banking",
                    "Economics",
                    "Management"
                ],
                "Details": "N/A"
            },
            {
                "College": "Engineering",
                "FieldsOfStudy": [
                    "Architecture",
                    "Civil Engineering",
                    "Engineering",
                    "Industrial Engineering"
                ],
                "Details": "N/A"
            },
            {
                "College": "Law",
                "FieldsOfStudy": [
                    "Civil Law",
                    "Law"
                ],
                "Details": "N/A"
            },
            {
                "College": "Public Health",
                "FieldsOfStudy": [
                    "Public Health"
                ],
                "Details": "N/A"
            },
            {
                "College": "Social Sciences and Humanities",
                "FieldsOfStudy": [
                    "Development Studies",
                    "International Relations and Diplomacy",
                    "Peace and Disarmament"
                ],
                "Details": "N/A"
            }
        ],
        "Degrees": {
            "Undergraduate": {
                "CertificateOrDiploma": [],
                "Bachelor'sDegree": []
            },
            "Postgraduate": {
                "PostBachelor'sDiplomaOrCertificate": [],
                "Master'sDegree": [],
                "Doctor'sDegrees": [],
                "ResearchScholarship": [],
                "EducationSpecialistDegree": []
            }
        }
    }
]