[
    {
        "GeneralInformation": {
            "Address": {
                "Street": "BP 510. Elig-Effa",
                "City": "Yaound\u00e9",
                "Province": "Centre",
                "PostCode": "510",
                "Website": "http://www.enstp.cm",
                "college_name": "National School of Public Works",
                "university_name": "Ecole nationale sup\u00e9rieure des Travaux publics (ENSTP)"
            },
            "InstitutionFunding": "Public",
            "History": "Founded 1970 as Ecole Nationale de Technologie (ENAT). Acquired present title and status 1982",
            "AcademicYear": "Oct to March; April to Sept",
            "AdmissionRequirements": [
                "Baccalaur\u00e9ats scientifiques et techniques/Secondary school certificate (GCE Advanced Level)"
            ],
            "Languages": [
                "French",
                "English"
            ],
            "StudentBody": "co-ed"
        },
        "Divisions": [
            {
                "College": "Civil Engineering",
                "FieldsOfStudy": [
                    "Civil Engineering"
                ],
                "Details": "N/A"
            },
            {
                "College": "Rural Engineering",
                "FieldsOfStudy": [
                    "Rural Planning"
                ],
                "Details": "N/A"
            },
            {
                "College": "Surveying",
                "FieldsOfStudy": [
                    "Surveying and Mapping"
                ],
                "Details": "N/A"
            },
            {
                "College": "Urban Planning",
                "FieldsOfStudy": [
                    "Town Planning"
                ],
                "Details": "N/A"
            }
        ],
        "Degrees": {
            "Undergraduate": {
                "CertificateOrDiploma": [],
                "Bachelor'sDegree": []
            },
            "Postgraduate": {
                "PostBachelor'sDiplomaOrCertificate": [],
                "Master'sDegree": [
                    "Civil Engineering",
                    "Sanitary Engineering",
                    "Surveying and Mapping",
                    "Transport Engineering"
                ],
                "Doctor'sDegrees": [],
                "ResearchScholarship": [],
                "EducationSpecialistDegree": []
            }
        }
    },
    {
        "GeneralInformation": {
            "Address": {
                "Street": "BP 113",
                "City": "Ngaound\u00e9r\u00e9",
                "Province": "N/A",
                "PostCode": "N/A",
                "Website": "N/A",
                "college_name": "CEMAC School of Tourism and Hotel Management",
                "university_name": "Ecole d\u2019H\u00f4tellerie et de tourisme de la CEMAC (EHT-CEMAC)"
            },
            "InstitutionFunding": "Public",
            "History": "Founded as Ecole d\u2019H\u00f4tellerie et du Tourisme, 1987. CEMAC institution: Upgraded as EHT-CEMAC (Communaut\u00e9 \u00c9conomique et Mon\u00e9taire de l\u2019Afrique Centrale).",
            "AcademicYear": "N/A",
            "AdmissionRequirements": [],
            "Languages": [
                "French"
            ],
            "StudentBody": "co-ed"
        },
        "Divisions": [
            {
                "College": "Hotel Management",
                "FieldsOfStudy": [
                    "Hotel and Restaurant",
                    "Hotel Management"
                ],
                "Details": "N/A"
            }
        ],
        "Degrees": {
            "Undergraduate": {
                "CertificateOrDiploma": [],
                "Bachelor'sDegree": [
                    "Hotel Management",
                    "Tourism"
                ]
            },
            "Postgraduate": {
                "PostBachelor'sDiplomaOrCertificate": [],
                "Master'sDegree": [
                    "Hotel and Restaurant",
                    "Hotel Management",
                    "Tourism"
                ],
                "Doctor'sDegrees": [
                    "Hotel and Restaurant",
                    "Hotel Management",
                    "Tourism"
                ],
                "ResearchScholarship": [],
                "EducationSpecialistDegree": []
            }
        }
    },
    {
        "GeneralInformation": {
            "Address": {
                "Street": "BP 294",
                "City": "Yaound\u00e9",
                "Province": "Centre",
                "PostCode": "N/A",
                "Website": "http://www.issea-cemac.org",
                "college_name": "Institute of Statistics and Applied Economics",
                "university_name": "Institut sous-r\u00e9gional de Statistique et d'Economie appliqu\u00e9e (ISSEA)"
            },
            "InstitutionFunding": "Public",
            "History": "Founded 1961. Acquired present status 1984.",
            "AcademicYear": "October to June",
            "AdmissionRequirements": [
                "First and second cycles, Secondary school leaving certificate with scientific major (Baccalaur\u00e9at scientifique); 3rd cycle, Licence"
            ],
            "Languages": [
                "French"
            ],
            "StudentBody": "co-ed"
        },
        "Divisions": [
            {
                "College": "Applied Statistics and Economics",
                "FieldsOfStudy": [
                    "Economics",
                    "Statistics"
                ],
                "Details": "N/A"
            }
        ],
        "Degrees": {
            "Undergraduate": {
                "CertificateOrDiploma": [],
                "Bachelor'sDegree": []
            },
            "Postgraduate": {
                "PostBachelor'sDiplomaOrCertificate": [],
                "Master'sDegree": [],
                "Doctor'sDegrees": [],
                "ResearchScholarship": [],
                "EducationSpecialistDegree": []
            }
        }
    },
    {
        "GeneralInformation": {
            "Address": {
                "Street": "BP 1575",
                "City": "Yaound\u00e9",
                "Province": "Centre",
                "PostCode": "N/A",
                "Website": "http://www.iiayaounde.com",
                "college_name": "International Institute of Insurance",
                "university_name": "Institut International des Assurances (IIA)"
            },
            "InstitutionFunding": "Public",
            "History": "Founded 1972. Acquired present status 1992.",
            "AcademicYear": "December to November",
            "AdmissionRequirements": [
                "DEUG for cycle II, MSTA; Master for cycle III, DESSA"
            ],
            "Languages": [
                "French"
            ],
            "StudentBody": "co-ed"
        },
        "Divisions": [
            {
                "College": "Insurance Management and Studies",
                "FieldsOfStudy": [
                    "Insurance"
                ],
                "Details": "International"
            }
        ],
        "Degrees": {
            "Undergraduate": {
                "CertificateOrDiploma": [],
                "Bachelor'sDegree": []
            },
            "Postgraduate": {
                "PostBachelor'sDiplomaOrCertificate": [],
                "Master'sDegree": [
                    "Insurance",
                    "Management"
                ],
                "Doctor'sDegrees": [],
                "ResearchScholarship": [],
                "EducationSpecialistDegree": []
            }
        }
    },
    {
        "GeneralInformation": {
            "Address": {
                "Street": "route Joseph Tchooungui Akoa",
                "City": "Yaound\u00e9",
                "Province": "Centre",
                "PostCode": "N/A",
                "Website": "http://enspt.cm",
                "college_name": "National Advanced School of Post and Telecommunications",
                "university_name": "Ecole nationale sup\u00e9rieure des Postes et T\u00e9l\u00e9communications (ENSPT)"
            },
            "InstitutionFunding": "Public",
            "History": "Founded 1969 as Ecole F\u00e9d\u00e9rale des Postes et T\u00e9l\u00e9communications. Acquired present status and title 1982.",
            "AcademicYear": "N/A",
            "AdmissionRequirements": [],
            "Languages": [
                "French"
            ],
            "StudentBody": "co-ed"
        },
        "Divisions": [
            {
                "College": "Communications",
                "FieldsOfStudy": [
                    "Communication Studies"
                ],
                "Details": "N/A"
            },
            {
                "College": "Electronics, Computer Science and Telematics",
                "FieldsOfStudy": [
                    "Computer Science",
                    "Electronic Engineering"
                ],
                "Details": "N/A"
            },
            {
                "College": "Finance and Accountancy Services",
                "FieldsOfStudy": [
                    "Accountancy",
                    "Finance"
                ],
                "Details": "N/A"
            },
            {
                "College": "Local Networks",
                "FieldsOfStudy": [
                    "Telecommunications Engineering"
                ],
                "Details": "N/A"
            },
            {
                "College": "Post Management",
                "FieldsOfStudy": [
                    "Postal Services"
                ],
                "Details": "N/A"
            },
            {
                "College": "Technology and Electronics",
                "FieldsOfStudy": [
                    "Electronic Engineering",
                    "Technology"
                ],
                "Details": "N/A"
            },
            {
                "College": "Telecommunications",
                "FieldsOfStudy": [
                    "Telecommunications Engineering"
                ],
                "Details": "N/A"
            },
            {
                "College": "Transmissions and Radio Communications",
                "FieldsOfStudy": [
                    "Radio and Television Broadcasting"
                ],
                "Details": "N/A"
            }
        ],
        "Degrees": {
            "Undergraduate": {
                "CertificateOrDiploma": [],
                "Bachelor'sDegree": []
            },
            "Postgraduate": {
                "PostBachelor'sDiplomaOrCertificate": [],
                "Master'sDegree": [
                    "Telecommunications Engineering"
                ],
                "Doctor'sDegrees": [],
                "ResearchScholarship": [],
                "EducationSpecialistDegree": []
            }
        }
    },
    {
        "GeneralInformation": {
            "Address": {
                "Street": "BP 1016",
                "City": "Yaound\u00e9",
                "Province": "Centre",
                "PostCode": "N/A",
                "Website": "https://injs-yaounde.com",
                "college_name": "National Institute of Youth and Sport",
                "university_name": "Institut national de la Jeunesse et des Sports (INJS)"
            },
            "InstitutionFunding": "Public",
            "History": "Founded 1960",
            "AcademicYear": "N/A",
            "AdmissionRequirements": [],
            "Languages": [
                "French",
                "English"
            ],
            "StudentBody": "co-ed"
        },
        "Divisions": [
            {
                "College": "Andragogy",
                "FieldsOfStudy": [
                    "Adult Education"
                ],
                "Details": "N/A"
            },
            {
                "College": "Educational Technology",
                "FieldsOfStudy": [
                    "Educational Technology"
                ],
                "Details": "N/A"
            },
            {
                "College": "Physical Education",
                "FieldsOfStudy": [
                    "Physical Education"
                ],
                "Details": "N/A"
            },
            {
                "College": "Psychopedagogy",
                "FieldsOfStudy": [
                    "Pedagogy",
                    "Psychology"
                ],
                "Details": "N/A"
            },
            {
                "College": "Recreation",
                "FieldsOfStudy": [
                    "Leisure Studies",
                    "Sports Management"
                ],
                "Details": "N/A"
            },
            {
                "College": "Sports Education",
                "FieldsOfStudy": [
                    "Sports"
                ],
                "Details": "N/A"
            }
        ],
        "Degrees": {
            "Undergraduate": {
                "CertificateOrDiploma": [],
                "Bachelor'sDegree": []
            },
            "Postgraduate": {
                "PostBachelor'sDiplomaOrCertificate": [],
                "Master'sDegree": [
                    "Physical Education"
                ],
                "Doctor'sDegrees": [
                    "Physical Education"
                ],
                "ResearchScholarship": [],
                "EducationSpecialistDegree": []
            }
        }
    },
    {
        "GeneralInformation": {
            "Address": {
                "Street": "BP 39\nBambili",
                "City": "Bamenda",
                "Province": "N/A",
                "PostCode": "N/A",
                "Website": "http://uniba-edu.cm",
                "college_name": "University of Bamenda",
                "university_name": "Universit\u00e9 de Bamenda (UBa)"
            },
            "InstitutionFunding": "Public",
            "History": "Founded 2010.",
            "AcademicYear": "N/A",
            "AdmissionRequirements": [],
            "Languages": [
                "English"
            ],
            "StudentBody": "co-ed"
        },
        "Divisions": [
            {
                "College": "Higher Teachers Training",
                "FieldsOfStudy": [
                    "Teacher Training"
                ],
                "Details": "N/A"
            },
            {
                "College": "Higher Technical Teachers Training",
                "FieldsOfStudy": [
                    "Teacher Training",
                    "Technology Education"
                ],
                "Details": "N/A"
            },
            {
                "College": "Technology",
                "FieldsOfStudy": [
                    "Engineering",
                    "Technology"
                ],
                "Details": "N/A"
            },
            {
                "College": "Arts",
                "FieldsOfStudy": [
                    "Arts and Humanities",
                    "Communication Studies",
                    "Development Studies",
                    "Geography",
                    "History"
                ],
                "Details": "N/A"
            },
            {
                "College": "Economics and Management Science",
                "FieldsOfStudy": [
                    "Accountancy",
                    "Economics",
                    "Management"
                ],
                "Details": "N/A"
            },
            {
                "College": "Education",
                "FieldsOfStudy": [
                    "Education"
                ],
                "Details": "N/A"
            },
            {
                "College": "Health Sciences",
                "FieldsOfStudy": [
                    "Health Sciences",
                    "Medical Technology",
                    "Midwifery",
                    "Nursing"
                ],
                "Details": "N/A"
            },
            {
                "College": "Law and Political Science",
                "FieldsOfStudy": [
                    "Law",
                    "Political Sciences",
                    "Private Law",
                    "Public Law"
                ],
                "Details": "N/A"
            },
            {
                "College": "Science",
                "FieldsOfStudy": [
                    "Biochemistry",
                    "Geology",
                    "Mathematics",
                    "Natural Sciences",
                    "Physics"
                ],
                "Details": "N/A"
            },
            {
                "College": "Commerce and Management",
                "FieldsOfStudy": [
                    "Business and Commerce",
                    "Management"
                ],
                "Details": "N/A"
            },
            {
                "College": "Transportation and Logistics",
                "FieldsOfStudy": [
                    "Transport Management"
                ],
                "Details": "N/A"
            }
        ],
        "Degrees": {
            "Undergraduate": {
                "CertificateOrDiploma": [],
                "Bachelor'sDegree": "N/A"
            },
            "Postgraduate": {
                "PostBachelor'sDiplomaOrCertificate": [],
                "Master'sDegree": [
                    "Arts and Humanities",
                    "Business Administration",
                    "Education",
                    "Natural Sciences"
                ],
                "Doctor'sDegrees": "N/A",
                "ResearchScholarship": [],
                "EducationSpecialistDegree": []
            }
        }
    },
    {
        "GeneralInformation": {
            "Address": {
                "Street": "P.O. Box 63",
                "City": "Bu\u00e9a",
                "Province": "South West Province",
                "PostCode": "N/A",
                "Website": "http://www.ubuea.cm",
                "college_name": "University of Buea",
                "university_name": "(UB)"
            },
            "InstitutionFunding": "Public",
            "History": "Founded 1985 as University Centre of Buea. Acquired present status and title 1993.",
            "AcademicYear": "October to July (October-February; March-July)",
            "AdmissionRequirements": [
                "Secondary school certificate and competitive entrance examination",
                "Bachelor's Degree or recognized equivalent for School of Translation and Interpretation"
            ],
            "Languages": [
                "English"
            ],
            "StudentBody": "co-ed"
        },
        "Divisions": [
            {
                "College": "Higher Technical Teachers\u2019 Training",
                "FieldsOfStudy": [
                    "Teacher Training"
                ],
                "Details": "N/A"
            },
            {
                "College": "Technology",
                "FieldsOfStudy": [
                    "Technology"
                ],
                "Details": "N/A"
            },
            {
                "College": "Agriculture and Veterinary Medicine",
                "FieldsOfStudy": [
                    "Agriculture",
                    "Animal Husbandry",
                    "Crop Production",
                    "Veterinary Science"
                ],
                "Details": "N/A"
            },
            {
                "College": "Arts",
                "FieldsOfStudy": [
                    "English",
                    "French",
                    "History",
                    "Linguistics",
                    "Performing Arts"
                ],
                "Details": "N/A"
            },
            {
                "College": "Education",
                "FieldsOfStudy": [
                    "Curriculum",
                    "Education",
                    "Educational Administration",
                    "Educational Psychology"
                ],
                "Details": "N/A"
            },
            {
                "College": "Engineering and Technology",
                "FieldsOfStudy": [
                    "Engineering",
                    "Technology"
                ],
                "Details": "N/A"
            },
            {
                "College": "Health Sciences",
                "FieldsOfStudy": [
                    "Health Sciences",
                    "Laboratory Techniques",
                    "Medicine",
                    "Nursing",
                    "Surgery"
                ],
                "Details": "N/A"
            },
            {
                "College": "Science",
                "FieldsOfStudy": [
                    "Biochemistry",
                    "Botany",
                    "Chemistry",
                    "Environmental Studies",
                    "Geology",
                    "Mathematics",
                    "Microbiology",
                    "Physics",
                    "Zoology"
                ],
                "Details": "N/A"
            },
            {
                "College": "Social and Management Sciences",
                "FieldsOfStudy": [
                    "Accountancy",
                    "Anthropology",
                    "Banking",
                    "Economics",
                    "Finance",
                    "Gender Studies",
                    "Geography",
                    "Journalism",
                    "Law",
                    "Management",
                    "Mass Communication",
                    "Political Sciences",
                    "Sociology",
                    "Women's Studies"
                ],
                "Details": "N/A"
            },
            {
                "College": "Translation and Interpretation",
                "FieldsOfStudy": [
                    "Translation and Interpretation"
                ],
                "Details": "ASTI"
            }
        ],
        "Degrees": {
            "Undergraduate": {
                "CertificateOrDiploma": [],
                "Bachelor'sDegree": "N/A"
            },
            "Postgraduate": {
                "PostBachelor'sDiplomaOrCertificate": [],
                "Master'sDegree": [
                    "African Languages",
                    "Literature",
                    "Nursing"
                ],
                "Doctor'sDegrees": [
                    "Botany",
                    "Economics",
                    "Law",
                    "Linguistics",
                    "Physics"
                ],
                "ResearchScholarship": [],
                "EducationSpecialistDegree": []
            }
        }
    },
    {
        "GeneralInformation": {
            "Address": {
                "Street": "BP 2701",
                "City": "Douala",
                "Province": "Littoral",
                "PostCode": "N/A",
                "Website": "https://www.univ-douala.cm",
                "college_name": "University of Douala",
                "university_name": "Universit\u00e9 de Douala (UDLA)"
            },
            "InstitutionFunding": "Public",
            "History": "Founded 1977 as Centre Universitaire. Previously part of the University of Yaound\u00e9. Acquired present status and title 1993.",
            "AcademicYear": "October to July (October-December; January-March; April-July)",
            "AdmissionRequirements": [
                "Competitive entrance examination following secondary school certificate (baccalaur\u00e9at)"
            ],
            "Languages": [
                "French",
                "English"
            ],
            "StudentBody": "co-ed"
        },
        "Divisions": [
            {
                "College": "Internet",
                "FieldsOfStudy": [
                    "Information Technology"
                ],
                "Details": "N/A"
            },
            {
                "College": "Atomic and Molecular Physics",
                "FieldsOfStudy": [
                    "Atomic and Molecular Physics"
                ],
                "Details": "N/A"
            },
            {
                "College": "Arts and Humanities",
                "FieldsOfStudy": [
                    "African Languages",
                    "African Studies",
                    "Anthropology",
                    "Arts and Humanities",
                    "Bilingual and Bicultural Education",
                    "Communication Studies",
                    "Educational Psychology",
                    "Educational Sciences",
                    "English",
                    "French",
                    "Geography",
                    "German",
                    "History",
                    "Human Resources",
                    "Literature",
                    "Philosophy",
                    "Political Sciences",
                    "Psychology",
                    "Social Sciences",
                    "Sociology",
                    "Spanish",
                    "Translation and Interpretation"
                ],
                "Details": "FLSH"
            },
            {
                "College": "Economics and Applied Management",
                "FieldsOfStudy": [
                    "Econometrics",
                    "Economic and Finance Policy",
                    "Economics",
                    "Finance",
                    "Management",
                    "Marketing",
                    "Mathematics"
                ],
                "Details": "FSEGA"
            },
            {
                "College": "Industrial Engineering",
                "FieldsOfStudy": [
                    "Industrial Engineering"
                ],
                "Details": "FGI"
            },
            {
                "College": "Law and Political Science",
                "FieldsOfStudy": [
                    "Law",
                    "Political Sciences",
                    "Private Law",
                    "Public Law"
                ],
                "Details": "FSJP"
            },
            {
                "College": "Medicine and Pharmacy",
                "FieldsOfStudy": [
                    "Biochemistry",
                    "Biology",
                    "Medicine",
                    "Pharmacy",
                    "Sports"
                ],
                "Details": "FMSP"
            },
            {
                "College": "Science",
                "FieldsOfStudy": [
                    "Biochemistry",
                    "Biology",
                    "Chemistry",
                    "Computer Science",
                    "Ecology",
                    "Environmental Studies",
                    "Food Technology",
                    "Mathematics",
                    "Natural Sciences",
                    "Nutrition",
                    "Physics",
                    "Zoology"
                ],
                "Details": "FS"
            },
            {
                "College": "Fine Arts",
                "FieldsOfStudy": [
                    "Architecture",
                    "Art History",
                    "Cinema and Television",
                    "Fine Arts",
                    "Museum Studies",
                    "Musicology",
                    "Restoration of Works of Art",
                    "Theatre",
                    "Town Planning"
                ],
                "Details": "IBA"
            },
            {
                "College": "Fisheries Science",
                "FieldsOfStudy": [
                    "Fishery"
                ],
                "Details": "ISH"
            },
            {
                "College": "Technology",
                "FieldsOfStudy": [
                    "Accountancy",
                    "Biology",
                    "Business Administration",
                    "Business and Commerce",
                    "Civil Engineering",
                    "Computer Science",
                    "Electrical and Electronic Engineering",
                    "Industrial Engineering",
                    "Secretarial Studies",
                    "Telecommunications Engineering"
                ],
                "Details": "IUT"
            },
            {
                "College": "Economics and Commerce - ESSEC",
                "FieldsOfStudy": [
                    "Business and Commerce",
                    "Economics"
                ],
                "Details": "Advanced Studies"
            },
            {
                "College": "Polytechnic - ENSPD",
                "FieldsOfStudy": [
                    "Automotive Engineering",
                    "Civil Engineering",
                    "Computer Engineering",
                    "Electrical Engineering",
                    "Energy Engineering",
                    "Environmental Engineering",
                    "Marine Engineering",
                    "Mechanical Engineering",
                    "Physical Engineering",
                    "Telecommunications Engineering"
                ],
                "Details": "N/A"
            },
            {
                "College": "Teacher Training in Technical Education - ENSET",
                "FieldsOfStudy": [
                    "Teacher Trainers Education",
                    "Technology Education"
                ],
                "Details": "N/A"
            }
        ],
        "Degrees": {
            "Undergraduate": {
                "CertificateOrDiploma": [],
                "Bachelor'sDegree": "N/A"
            },
            "Postgraduate": {
                "PostBachelor'sDiplomaOrCertificate": [],
                "Master'sDegree": [
                    "Economics",
                    "Fine Arts",
                    "Law",
                    "Management",
                    "Political Sciences"
                ],
                "Doctor'sDegrees": [
                    "Administration",
                    "African Languages",
                    "Anthropology",
                    "Applied Mathematics",
                    "Biochemistry",
                    "Bioengineering",
                    "Chemistry",
                    "Communication Studies",
                    "Comparative Literature",
                    "Computer Science",
                    "Economics",
                    "Engineering",
                    "English",
                    "Environmental Studies",
                    "Finance",
                    "French",
                    "Geography",
                    "German",
                    "Health Sciences",
                    "History",
                    "Human Resources",
                    "Industrial Engineering",
                    "Linguistics",
                    "Literature",
                    "Management",
                    "Marketing",
                    "Mathematics",
                    "Modern Languages",
                    "Philosophy",
                    "Physics",
                    "Political Sciences",
                    "Private Law",
                    "Psychology",
                    "Public Law",
                    "Sociology",
                    "Spanish"
                ],
                "ResearchScholarship": [],
                "EducationSpecialistDegree": []
            }
        }
    },
    {
        "GeneralInformation": {
            "Address": {
                "Street": "BP 96",
                "City": "Dschang",
                "Province": "West",
                "PostCode": "N/A",
                "Website": "http://www.univ-dschang.org",
                "college_name": "University of Dschang",
                "university_name": "Universit\u00e9 de Dschang (UDS)"
            },
            "InstitutionFunding": "Public",
            "History": "Founded 1977 as Centre Universitaire. Previously part of the University of Yaound\u00e9. Acquired present status and title 1993.",
            "AcademicYear": "October to July (October-March; March-July)",
            "AdmissionRequirements": [
                "Secondary school certificate (baccalaur\u00e9at), or foreign equivalent at Advanced 'A' level",
                "General Certificate of Education"
            ],
            "Languages": [
                "French",
                "English"
            ],
            "StudentBody": "co-ed"
        },
        "Divisions": [
            {
                "College": "Agronomy and Agricultural Sciences",
                "FieldsOfStudy": [
                    "Agricultural Engineering",
                    "Agriculture",
                    "Animal Husbandry",
                    "Biotechnology",
                    "Forestry",
                    "Rural Studies",
                    "Soil Science",
                    "Veterinary Science",
                    "Water Management",
                    "Water Science"
                ],
                "Details": "FASA"
            },
            {
                "College": "Arts and Humanities",
                "FieldsOfStudy": [
                    "African Studies",
                    "Arts and Humanities",
                    "French",
                    "Geography (Human)",
                    "German",
                    "History",
                    "Italian",
                    "Linguistics",
                    "Philosophy",
                    "Psychology",
                    "Sociology",
                    "Spanish"
                ],
                "Details": "FLSH"
            },
            {
                "College": "Economics and Management",
                "FieldsOfStudy": [
                    "Agricultural Business",
                    "Economic and Finance Policy",
                    "Economics",
                    "Management"
                ],
                "Details": "FSEG"
            },
            {
                "College": "Law and Political Science",
                "FieldsOfStudy": [
                    "Human Rights",
                    "Law",
                    "Political Sciences",
                    "Private Law",
                    "Public Law"
                ],
                "Details": "FSJP"
            },
            {
                "College": "Science",
                "FieldsOfStudy": [
                    "Biochemistry",
                    "Chemistry",
                    "Earth Sciences",
                    "Geology",
                    "Mathematics and Computer Science",
                    "Natural Sciences",
                    "Physics"
                ],
                "Details": "FS"
            },
            {
                "College": "Fine Arts",
                "FieldsOfStudy": [
                    "Fine Arts"
                ],
                "Details": "Foumban"
            },
            {
                "College": "Technology",
                "FieldsOfStudy": [
                    "Business and Commerce",
                    "Civil Engineering",
                    "Computer Engineering",
                    "Electrical and Electronic Engineering",
                    "Secretarial Studies",
                    "Technology"
                ],
                "Details": "IUT Fotso Victor de Bandjoun"
            }
        ],
        "Degrees": {
            "Undergraduate": {
                "CertificateOrDiploma": [],
                "Bachelor'sDegree": "N/A"
            },
            "Postgraduate": {
                "PostBachelor'sDiplomaOrCertificate": [],
                "Master'sDegree": [
                    "African Languages",
                    "African Studies",
                    "Economics",
                    "English",
                    "Geography",
                    "German",
                    "History",
                    "Italian",
                    "Law",
                    "Linguistics",
                    "Literature",
                    "Philosophy",
                    "Sociology",
                    "Spanish",
                    "Surveying and Mapping",
                    "Translation and Interpretation"
                ],
                "Doctor'sDegrees": [
                    "African Languages",
                    "African Studies",
                    "Agronomy",
                    "English",
                    "French",
                    "German",
                    "History",
                    "Italian",
                    "Linguistics",
                    "Literature",
                    "Philosophy",
                    "Sociology",
                    "Spanish"
                ],
                "ResearchScholarship": [],
                "EducationSpecialistDegree": []
            }
        }
    },
    {
        "GeneralInformation": {
            "Address": {
                "Street": "46 Maroua",
                "City": "Maroua",
                "Province": "Extr\u00e8me-Nord",
                "PostCode": "N/A",
                "Website": "http://www.univ-maroua.cm",
                "college_name": "University of Maroua",
                "university_name": "Universit\u00e9 de Maroua (UMa)"
            },
            "InstitutionFunding": "Public",
            "History": "Founded 2008.",
            "AcademicYear": "N/A",
            "AdmissionRequirements": [],
            "Languages": [
                "French",
                "English"
            ],
            "StudentBody": "co-ed"
        },
        "Divisions": [
            {
                "College": "Arts and Humanities",
                "FieldsOfStudy": [
                    "Anthropology",
                    "Arabic",
                    "Arts and Humanities",
                    "Chinese",
                    "English",
                    "French",
                    "German",
                    "History",
                    "Literature",
                    "Philosophy",
                    "Sociology",
                    "Spanish"
                ],
                "Details": "N/A"
            },
            {
                "College": "Economics and Management",
                "FieldsOfStudy": [
                    "Accountancy",
                    "Economics",
                    "Management",
                    "Marketing"
                ],
                "Details": "N/A"
            },
            {
                "College": "Law and Political Sciences",
                "FieldsOfStudy": [
                    "Law",
                    "Political Sciences"
                ],
                "Details": "N/A"
            },
            {
                "College": "Science",
                "FieldsOfStudy": [
                    "Biology",
                    "Chemistry",
                    "Computer Networks",
                    "Computer Science",
                    "Information Technology",
                    "Mathematics",
                    "Mathematics and Computer Science",
                    "Natural Sciences",
                    "Physics"
                ],
                "Details": "N/A"
            },
            {
                "College": "Mining and Petroleum Engineering",
                "FieldsOfStudy": [
                    "Mining Engineering",
                    "Petroleum and Gas Engineering"
                ],
                "Details": "N/A"
            },
            {
                "College": "Sahel - ISS",
                "FieldsOfStudy": [
                    "Architecture",
                    "Building Technologies",
                    "Cattle Breeding",
                    "Computer Networks",
                    "Energy Engineering",
                    "Environmental Studies",
                    "Fine Arts",
                    "Heritage Preservation",
                    "Social Sciences",
                    "Textile Technology",
                    "Water Management"
                ],
                "Details": "N/A"
            },
            {
                "College": "Teacher Training - ENS",
                "FieldsOfStudy": [
                    "Educational and Student Counselling",
                    "Educational Sciences",
                    "Primary Education"
                ],
                "Details": "N/A"
            }
        ],
        "Degrees": {
            "Undergraduate": {
                "CertificateOrDiploma": [],
                "Bachelor'sDegree": "N/A"
            },
            "Postgraduate": {
                "PostBachelor'sDiplomaOrCertificate": [],
                "Master'sDegree": [
                    "Accountancy",
                    "Administration",
                    "Agriculture",
                    "Chemistry",
                    "Commercial Law",
                    "Computer Networks",
                    "Computer Science",
                    "Economics",
                    "Education",
                    "Educational Administration",
                    "Educational Testing and Evaluation",
                    "Engineering",
                    "English",
                    "Finance",
                    "Human Resources",
                    "Law",
                    "Management",
                    "Marketing",
                    "Mathematics",
                    "Philosophy",
                    "Physics",
                    "Political Sciences",
                    "Private Law",
                    "Public Law",
                    "Sociology",
                    "Teacher Training"
                ],
                "Doctor'sDegrees": [
                    "Economics",
                    "Law",
                    "Management",
                    "Political Sciences",
                    "Teacher Training"
                ],
                "ResearchScholarship": [],
                "EducationSpecialistDegree": []
            }
        }
    },
    {
        "GeneralInformation": {
            "Address": {
                "Street": "BP 454",
                "City": "Ngaound\u00e9r\u00e9",
                "Province": "Adamaoua",
                "PostCode": "N/A",
                "Website": "http://www.univ-ndere.cm",
                "college_name": "University of Ngaound\u00e9r\u00e9",
                "university_name": "Universit\u00e9 de Ngaound\u00e9r\u00e9 (UNDERE)"
            },
            "InstitutionFunding": "Public",
            "History": "Founded 1977 as Centre Universitaire, acquired present status and title 1993. A State Institution.",
            "AcademicYear": "October to July (October-February; March-July)",
            "AdmissionRequirements": [
                "Secondary school certificate (baccalaur\u00e9at), or foreign equivalent at Advanced ('A') level"
            ],
            "Languages": [
                "French",
                "English"
            ],
            "StudentBody": "co-ed"
        },
        "Divisions": [
            {
                "College": "Information and Communications Technologies",
                "FieldsOfStudy": [
                    "Communication Studies",
                    "Information Technology"
                ],
                "Details": "N/A"
            },
            {
                "College": "Arts and Humanities",
                "FieldsOfStudy": [
                    "African Studies",
                    "Anthropology",
                    "Arts and Humanities",
                    "Cultural Studies",
                    "Demography and Population",
                    "Development Studies",
                    "Environmental Studies",
                    "Geography (Human)",
                    "History",
                    "International Relations and Diplomacy",
                    "Literature",
                    "Modern Languages",
                    "Museum Studies",
                    "Psychology",
                    "Regional Planning",
                    "Social Sciences",
                    "Social Studies",
                    "Sociology",
                    "Tourism",
                    "Town Planning",
                    "Translation and Interpretation"
                ],
                "Details": "FALSH"
            },
            {
                "College": "Economics and Management",
                "FieldsOfStudy": [
                    "Accountancy",
                    "Banking",
                    "Economics",
                    "Finance",
                    "Human Resources",
                    "Insurance",
                    "International Economics",
                    "Management",
                    "Marketing"
                ],
                "Details": "FSEG"
            },
            {
                "College": "Law and Political Science",
                "FieldsOfStudy": [
                    "Commercial Law",
                    "Economic and Finance Policy",
                    "Finance",
                    "International Law",
                    "International Relations and Diplomacy",
                    "Law",
                    "Political Sciences",
                    "Private Law",
                    "Public Law"
                ],
                "Details": "FSJP"
            },
            {
                "College": "Science",
                "FieldsOfStudy": [
                    "Biological and Life Sciences",
                    "Biology",
                    "Biomedicine",
                    "Chemistry",
                    "Civil Engineering",
                    "Earth Sciences",
                    "Electrical Engineering",
                    "Environmental Studies",
                    "Food Science",
                    "Geology",
                    "Mathematics and Computer Science",
                    "Mechanical Engineering",
                    "Medicine",
                    "Mining Engineering",
                    "Natural Sciences",
                    "Nutrition",
                    "Pharmacy",
                    "Physics"
                ],
                "Details": "FS"
            },
            {
                "College": "Technology",
                "FieldsOfStudy": [
                    "Computer Engineering",
                    "Computer Science",
                    "Electrical Engineering",
                    "Energy Engineering",
                    "Food Technology",
                    "Heating and Refrigeration",
                    "Maintenance Technology",
                    "Mechanical Engineering",
                    "Technology"
                ],
                "Details": "IUT"
            },
            {
                "College": "Agro-Industry",
                "FieldsOfStudy": [
                    "Agronomy",
                    "Applied Chemistry",
                    "Electrical Engineering",
                    "Electronics and Automation",
                    "Energy Engineering",
                    "Food Science",
                    "Food Technology",
                    "Industrial Chemistry",
                    "Mathematics and Computer Science",
                    "Mechanical Engineering",
                    "Nutrition",
                    "Production Engineering"
                ],
                "Details": "ESAI"
            },
            {
                "College": "Geology and Mining Engineering",
                "FieldsOfStudy": [
                    "Geology",
                    "Mining Engineering",
                    "Petroleum and Gas Engineering"
                ],
                "Details": "EGEM"
            },
            {
                "College": "Veterinary Medicine and Animal Science",
                "FieldsOfStudy": [
                    "Anatomy",
                    "Animal Husbandry",
                    "Histology",
                    "Microbiology",
                    "Parasitology",
                    "Pathology",
                    "Pharmacy",
                    "Physiology",
                    "Veterinary Science"
                ],
                "Details": "ESMV"
            }
        ],
        "Degrees": {
            "Undergraduate": {
                "CertificateOrDiploma": [],
                "Bachelor'sDegree": "N/A"
            },
            "Postgraduate": {
                "PostBachelor'sDiplomaOrCertificate": [],
                "Master'sDegree": [
                    "Accountancy",
                    "Agricultural Engineering",
                    "Anthropology",
                    "Arabic",
                    "Arts and Humanities",
                    "Banking",
                    "Biology",
                    "Business Administration",
                    "Chemistry",
                    "Earth Sciences",
                    "Economics",
                    "Electrical and Electronic Engineering",
                    "Electronics and Automation",
                    "Environmental Management",
                    "Environmental Studies",
                    "Finance",
                    "Food Science",
                    "French",
                    "Geography",
                    "Heating and Refrigeration",
                    "History",
                    "Industrial Chemistry",
                    "Inorganic Chemistry",
                    "Law",
                    "Literature",
                    "Management",
                    "Marketing",
                    "Materials Engineering",
                    "Mechanical Engineering",
                    "Nutrition",
                    "Organic Chemistry",
                    "Political Sciences",
                    "Private Law",
                    "Production Engineering",
                    "Public Law",
                    "Sociology",
                    "Software Engineering",
                    "Transport Management"
                ],
                "Doctor'sDegrees": [
                    "Agricultural Engineering",
                    "Arts and Humanities",
                    "Economics",
                    "Law",
                    "Management",
                    "Natural Sciences",
                    "Political Sciences"
                ],
                "ResearchScholarship": [],
                "EducationSpecialistDegree": []
            }
        }
    },
    {
        "GeneralInformation": {
            "Address": {
                "Street": "BP 337",
                "City": "Yaound\u00e9",
                "Province": "Centre",
                "PostCode": "N/A",
                "Website": "http://www.uy1.uninet.cm",
                "college_name": "University of Yaound\u00e9 I",
                "university_name": "Universit\u00e9 de Yaound\u00e9 I (UY I)"
            },
            "InstitutionFunding": "Public",
            "History": "Founded 1962, replacing the Institut national d'Etudes sup\u00e9rieures, founded 1961. Acquired present status and title 1993. A State institution.",
            "AcademicYear": "October to August (October-February; March-August)",
            "AdmissionRequirements": [
                "Secondary school certificate (baccalaur\u00e9at) or foreign equivalent, and entrance examination (for Teacher Training, Medicine and Engineering)"
            ],
            "Languages": [
                "French",
                "English"
            ],
            "StudentBody": "co-ed"
        },
        "Divisions": [
            {
                "College": "Biotechnology",
                "FieldsOfStudy": [
                    "Biotechnology"
                ],
                "Details": "N/A"
            },
            {
                "College": "Information Technology",
                "FieldsOfStudy": [
                    "Information Technology"
                ],
                "Details": "N/A"
            },
            {
                "College": "Arts, Letters and Social Sciences",
                "FieldsOfStudy": [
                    "African Languages",
                    "African Studies",
                    "Anthropology",
                    "Archaeology",
                    "Art History",
                    "Arts and Humanities",
                    "Behavioural Sciences",
                    "English",
                    "Fine Arts",
                    "French",
                    "Geography (Human)",
                    "German",
                    "History",
                    "Hotel and Restaurant",
                    "Italian",
                    "Linguistics",
                    "Performing Arts",
                    "Philosophy",
                    "Psychology",
                    "Sociology",
                    "Spanish",
                    "Tourism"
                ],
                "Details": "FALSH"
            },
            {
                "College": "Education",
                "FieldsOfStudy": [
                    "Curriculum",
                    "Education",
                    "Educational Administration",
                    "Educational and Student Counselling",
                    "Educational Sciences",
                    "Educational Testing and Evaluation",
                    "Special Education"
                ],
                "Details": "N/A"
            },
            {
                "College": "Medicines and Biomedical Studies",
                "FieldsOfStudy": [
                    "Anaesthesiology",
                    "Anatomy",
                    "Biochemistry",
                    "Biology",
                    "Biomedicine",
                    "Cardiology",
                    "Dentistry",
                    "Dermatology",
                    "Diabetology",
                    "Endocrinology",
                    "Epidemiology",
                    "Forensic Medicine and Dentistry",
                    "Gastroenterology",
                    "Gerontology",
                    "Haematology",
                    "Health Administration",
                    "Hepatology",
                    "Medical Auxiliaries",
                    "Medical Parasitology",
                    "Medical Technology",
                    "Medicine",
                    "Microbiology",
                    "Midwifery",
                    "Nephrology",
                    "Neurology",
                    "Obstetrics and Gynaecology",
                    "Oncology",
                    "Ophthalmology",
                    "Optometry",
                    "Orthopaedics",
                    "Otorhinolaryngology",
                    "Paediatrics",
                    "Parasitology",
                    "Pathology",
                    "Pharmacology",
                    "Pharmacy",
                    "Physiology",
                    "Plastic Surgery",
                    "Pneumology",
                    "Podiatry",
                    "Psychiatry and Mental Health",
                    "Public Health",
                    "Radiology",
                    "Rehabilitation and Therapy",
                    "Rheumatology",
                    "Surgery",
                    "Traditional and Complementary Medicine and Therapy",
                    "Tropical Medicine",
                    "Urology",
                    "Venereology",
                    "Virology"
                ],
                "Details": "FSMB"
            },
            {
                "College": "Science",
                "FieldsOfStudy": [
                    "Agrobiology",
                    "Applied Chemistry",
                    "Applied Physics",
                    "Biochemistry",
                    "Biology",
                    "Botany",
                    "Computer Science",
                    "Earth Sciences",
                    "Ecology",
                    "Environmental Management",
                    "Geology",
                    "Inorganic Chemistry",
                    "Mathematics",
                    "Multimedia",
                    "Natural Resources",
                    "Natural Sciences",
                    "Organic Chemistry",
                    "Parasitology",
                    "Pest Management",
                    "Petrology",
                    "Physics",
                    "Physiology",
                    "Plant and Crop Protection",
                    "Seismology",
                    "Statistics",
                    "Waste Management",
                    "Wildlife",
                    "Zoology"
                ],
                "Details": "FS"
            },
            {
                "College": "Wood Technology",
                "FieldsOfStudy": [
                    "Wood Technology"
                ],
                "Details": "IUT"
            },
            {
                "College": "Polytechnic",
                "FieldsOfStudy": [
                    "Chemistry",
                    "Civil Engineering",
                    "Computer Engineering",
                    "Electrical Engineering",
                    "Engineering",
                    "Industrial Engineering",
                    "Mathematics",
                    "Mechanical Engineering",
                    "Technology",
                    "Telecommunications Engineering",
                    "Urban Studies"
                ],
                "Details": "Ecole Nationale Sup\u00e9rieure Polytechnique (ENSP)"
            },
            {
                "College": "Teacher Training",
                "FieldsOfStudy": [
                    "Biology",
                    "Chemistry",
                    "Economics",
                    "Education",
                    "Educational Sciences",
                    "English",
                    "Foreign Languages Education",
                    "French",
                    "Geography",
                    "Geology",
                    "History",
                    "Mathematics Education",
                    "Philosophy",
                    "Physics",
                    "Secondary Education",
                    "Teacher Training"
                ],
                "Details": "Ecole normale sup\u00e9rieure (ENS)"
            }
        ],
        "Degrees": {
            "Undergraduate": {
                "CertificateOrDiploma": [],
                "Bachelor'sDegree": "N/A"
            },
            "Postgraduate": {
                "PostBachelor'sDiplomaOrCertificate": [],
                "Master'sDegree": [
                    "African Languages",
                    "Anthropology",
                    "Biochemistry",
                    "Biology",
                    "Computer Science",
                    "Earth Sciences",
                    "English",
                    "French",
                    "Geography",
                    "German",
                    "History",
                    "Hotel Management",
                    "Inorganic Chemistry",
                    "Linguistics",
                    "Mathematics",
                    "Microbiology",
                    "Organic Chemistry",
                    "Physics",
                    "Psychology",
                    "Sociology",
                    "Spanish",
                    "Tourism"
                ],
                "Doctor'sDegrees": [
                    "African Languages",
                    "African Studies",
                    "Anthropology",
                    "Biochemistry",
                    "Biological and Life Sciences",
                    "Chemistry",
                    "Computer Science",
                    "Engineering",
                    "English",
                    "Environmental Studies",
                    "French",
                    "Geography",
                    "German",
                    "Health Sciences",
                    "Hotel Management",
                    "Inorganic Chemistry",
                    "Linguistics",
                    "Literature",
                    "Mathematics",
                    "Mathematics and Computer Science",
                    "Microbiology",
                    "Organic Chemistry",
                    "Philosophy",
                    "Physics",
                    "Physiology",
                    "Psychology",
                    "Spanish",
                    "Tourism"
                ],
                "ResearchScholarship": [],
                "EducationSpecialistDegree": []
            }
        }
    },
    {
        "GeneralInformation": {
            "Address": {
                "Street": "BP 1365",
                "City": "Yaound\u00e9",
                "Province": "Centre",
                "PostCode": "N/A",
                "Website": "https://www.univ-yaounde2.org",
                "college_name": "University of Yaound\u00e9 II",
                "university_name": "Universit\u00e9 de Yaound\u00e9 II \u2013 Universit\u00e9 de Yaound\u00e9 II-Soa (UY II)"
            },
            "InstitutionFunding": "Public",
            "History": "Founded 1993",
            "AcademicYear": "October to July (October-December; January-March; April-July)",
            "AdmissionRequirements": [
                "Secondary school certificate (baccalaur\u00e9at) or foreign equivalent, and entrance examination"
            ],
            "Languages": [
                "French",
                "English"
            ],
            "StudentBody": "co-ed"
        },
        "Divisions": [
            {
                "College": "Economics and Management",
                "FieldsOfStudy": [
                    "Banking",
                    "Economics",
                    "International Economics",
                    "Management"
                ],
                "Details": "FSEG"
            },
            {
                "College": "Law and Political Science",
                "FieldsOfStudy": [
                    "Law",
                    "Political Sciences"
                ],
                "Details": "FSJP"
            },
            {
                "College": "Confucius",
                "FieldsOfStudy": [
                    "Chinese"
                ],
                "Details": "N/A"
            },
            {
                "College": "Demographic Training and Research",
                "FieldsOfStudy": [
                    "Demography and Population"
                ],
                "Details": "IFORD"
            },
            {
                "College": "International Relations",
                "FieldsOfStudy": [
                    "Banking",
                    "Finance",
                    "International Economics",
                    "International Relations and Diplomacy",
                    "Law",
                    "Marketing"
                ],
                "Details": "IRIC"
            },
            {
                "College": "Information and Communication Technologies",
                "FieldsOfStudy": [
                    "Information Sciences",
                    "Journalism",
                    "Mass Communication",
                    "Radio and Television Broadcasting"
                ],
                "Details": "ESSTIC"
            }
        ],
        "Degrees": {
            "Undergraduate": {
                "CertificateOrDiploma": [],
                "Bachelor'sDegree": "N/A"
            },
            "Postgraduate": {
                "PostBachelor'sDiplomaOrCertificate": [],
                "Master'sDegree": [
                    "Banking",
                    "Commercial Law",
                    "Documentation Techniques",
                    "Economics",
                    "Finance",
                    "International Relations and Diplomacy",
                    "Law",
                    "Political Sciences"
                ],
                "Doctor'sDegrees": [
                    "International Relations and Diplomacy",
                    "Law"
                ],
                "ResearchScholarship": [],
                "EducationSpecialistDegree": []
            }
        }
    }
]