[
    {
        "GeneralInformation": {
            "Address": {
                "Street": "40 Avon Street",
                "City": "Keene",
                "Province": "New Hampshire",
                "PostCode": "03431-3516",
                "Website": "https://www.antioch.edu/new-england",
                "college_name": "Antioch University \u2013 Antioch University-New England",
                "university_name": "AU New England (AUNE)"
            },
            "InstitutionFunding": "Private",
            "History": "Founded 1964. A campus of Antioch University, with the main campus located in Yellow Springs, Ohio.",
            "AcademicYear": "N/A",
            "AdmissionRequirements": [],
            "Languages": [
                "English"
            ],
            "StudentBody": "N/A"
        },
        "Divisions": [
            {
                "College": "Counseling and Therapy",
                "FieldsOfStudy": [
                    "Psychology",
                    "Rehabilitation and Therapy"
                ],
                "Details": "N/A"
            },
            {
                "College": "Education",
                "FieldsOfStudy": [
                    "Education"
                ],
                "Details": "N/A"
            },
            {
                "College": "Environmental Studies",
                "FieldsOfStudy": [
                    "Environmental Studies"
                ],
                "Details": "N/A"
            },
            {
                "College": "Individualized Studies",
                "FieldsOfStudy": [
                    "Management"
                ],
                "Details": "N/A"
            },
            {
                "College": "Psychology",
                "FieldsOfStudy": [
                    "Psychology"
                ],
                "Details": "N/A"
            }
        ],
        "Degrees": {
            "Undergraduate": {
                "CertificateOrDiploma": [
                    "Educational and Student Counselling",
                    "Rehabilitation and Therapy",
                    "Special Education"
                ],
                "Bachelor'sDegree": []
            },
            "Postgraduate": {
                "PostBachelor'sDiplomaOrCertificate": [
                    "Art Therapy",
                    "Clinical Psychology",
                    "Education",
                    "Environmental Studies",
                    "Gender Studies",
                    "Leadership",
                    "Mathematics Education",
                    "Preschool Education",
                    "Psychology",
                    "Science Education",
                    "Special Education",
                    "Surveying and Mapping",
                    "Sustainable Development",
                    "Teacher Training",
                    "Technology Education",
                    "Welfare and Protective Services"
                ],
                "Master'sDegree": [
                    "Art Therapy",
                    "Biology",
                    "Clinical Psychology",
                    "Education",
                    "Environmental Management",
                    "Environmental Studies",
                    "Leadership",
                    "Mathematics Education",
                    "Natural Resources",
                    "Preschool Education",
                    "Rehabilitation and Therapy",
                    "Science Education",
                    "Special Education",
                    "Sustainable Development",
                    "Teacher Training",
                    "Technology Education"
                ],
                "Doctor'sDegrees": [
                    "Clinical Psychology"
                ],
                "ResearchScholarship": [
                    "Environmental Studies",
                    "Rehabilitation and Therapy"
                ],
                "EducationSpecialistDegree": []
            }
        }
    },
    {
        "GeneralInformation": {
            "Address": {
                "Street": "541 Main Street",
                "City": "New London",
                "Province": "New Hampshire",
                "PostCode": "03257",
                "Website": "https://colby-sawyer.edu",
                "college_name": "Colby-Sawyer College",
                "university_name": ""
            },
            "InstitutionFunding": "Private",
            "History": "Founded 1837 as the New London Academy, renamed Colby Academy 1878, became a junior college for women 1928, acquired current title 1975",
            "AcademicYear": "N/A",
            "AdmissionRequirements": [],
            "Languages": [
                "English"
            ],
            "StudentBody": "co-ed"
        },
        "Divisions": [
            {
                "College": "Arts and Sciences",
                "FieldsOfStudy": [
                    "Arts and Humanities",
                    "Design",
                    "Environmental Studies",
                    "Fine Arts",
                    "Natural Sciences"
                ],
                "Details": "N/A"
            },
            {
                "College": "Business and Social Sciences",
                "FieldsOfStudy": [
                    "Business Administration",
                    "Child Care and Development",
                    "Health Administration",
                    "History",
                    "Political Sciences",
                    "Psychology",
                    "Social Sciences",
                    "Social Work",
                    "Sports Management"
                ],
                "Details": "N/A"
            },
            {
                "College": "Nursing and Health Sciences",
                "FieldsOfStudy": [
                    "Nursing",
                    "Public Health",
                    "Sports"
                ],
                "Details": "N/A"
            }
        ],
        "Degrees": {
            "Undergraduate": {
                "CertificateOrDiploma": [
                    "Health Administration",
                    "Health Education",
                    "Nursing"
                ],
                "Bachelor'sDegree": [
                    "Biology",
                    "Business Administration",
                    "Child Care and Development",
                    "Criminology",
                    "Environmental Studies",
                    "Fine Arts",
                    "Graphic Design",
                    "Health Administration",
                    "Health Sciences",
                    "History",
                    "Home Economics Education",
                    "Law",
                    "Nursing",
                    "Political Sciences",
                    "Psychology",
                    "Respiratory Therapy",
                    "Social and Community Services",
                    "Social Work",
                    "Sociology",
                    "Sports",
                    "Sports Management",
                    "Writing"
                ]
            },
            "Postgraduate": {
                "PostBachelor'sDiplomaOrCertificate": [],
                "Master'sDegree": [
                    "Business Administration",
                    "Health Sciences",
                    "Nursing",
                    "Social Work"
                ],
                "Doctor'sDegrees": [
                    "Nursing"
                ],
                "ResearchScholarship": [],
                "EducationSpecialistDegree": []
            }
        }
    },
    {
        "GeneralInformation": {
            "Address": {
                "Street": "14 North Main Street\nParkhurst Hall, Suite 207",
                "City": "Hanover",
                "Province": "New Hampshire",
                "PostCode": "03755",
                "Website": "https://home.dartmouth.edu",
                "college_name": "Dartmouth College",
                "university_name": ""
            },
            "InstitutionFunding": "Private",
            "History": "Founded 1769, became coeducational 1972",
            "AcademicYear": "September to June (September-December; January-March-June; June-April)",
            "AdmissionRequirements": [
                "Graduation from high school or equivalent, and College Board SAT or ACT examination",
                "TOEFL test for foreign students"
            ],
            "Languages": [
                "English"
            ],
            "StudentBody": "co-ed"
        },
        "Divisions": [
            {
                "College": "Master of Health Care Delivery Science",
                "FieldsOfStudy": [
                    "Health Sciences"
                ],
                "Details": "N/A"
            },
            {
                "College": "Arts and Sciences",
                "FieldsOfStudy": [
                    "African American Studies",
                    "African Studies",
                    "Anthropology",
                    "Art History",
                    "Asian Languages",
                    "Asian Studies",
                    "Astronomy and Space Science",
                    "Biological and Life Sciences",
                    "Caribbean Studies",
                    "Chemistry",
                    "Classical Languages",
                    "Cognitive Sciences",
                    "Computer Science",
                    "Earth Sciences",
                    "Economics",
                    "Engineering",
                    "English",
                    "Environmental Studies",
                    "Film",
                    "Fine Arts",
                    "French",
                    "Gender Studies",
                    "Geography",
                    "Germanic Studies",
                    "Government",
                    "History",
                    "Indigenous Studies",
                    "Italian",
                    "Latin American Studies",
                    "Linguistics",
                    "Mathematics",
                    "Media Studies",
                    "Middle Eastern Studies",
                    "Music",
                    "Native American Studies",
                    "Philosophy",
                    "Physics",
                    "Portuguese",
                    "Psychology",
                    "Religion",
                    "Russian",
                    "Social Sciences",
                    "Sociology",
                    "Spanish",
                    "Theatre",
                    "Women's Studies",
                    "Writing"
                ],
                "Details": "N/A"
            },
            {
                "College": "Business",
                "FieldsOfStudy": [
                    "Business Administration"
                ],
                "Details": "Tuck"
            },
            {
                "College": "Engineering",
                "FieldsOfStudy": [
                    "Engineering"
                ],
                "Details": "Thayer"
            },
            {
                "College": "Graduate and Advanced Studies",
                "FieldsOfStudy": [
                    "Frank J. Guarini"
                ],
                "Details": "N/A"
            },
            {
                "College": "Medicine",
                "FieldsOfStudy": [
                    "Medicine"
                ],
                "Details": "Geisel"
            }
        ],
        "Degrees": {
            "Undergraduate": {
                "CertificateOrDiploma": [],
                "Bachelor'sDegree": [
                    "African American Studies",
                    "African Studies",
                    "Ancient Civilizations",
                    "Anthropology",
                    "Applied Chemistry",
                    "Applied Physics",
                    "Archaeology",
                    "Art History",
                    "Astronomy and Space Science",
                    "Biological and Life Sciences",
                    "Biomedical Engineering",
                    "Caribbean Studies",
                    "Chemistry",
                    "Classical Languages",
                    "Comparative Literature",
                    "Computer Science",
                    "Cultural Studies",
                    "Earth Sciences",
                    "Eastern European Studies",
                    "Economics",
                    "Engineering",
                    "English",
                    "Environmental Studies",
                    "Film",
                    "Fine Arts",
                    "French",
                    "French Studies",
                    "Gender Studies",
                    "Geography",
                    "German",
                    "Government",
                    "Hispanic American Studies",
                    "History",
                    "Italian",
                    "Latin American Studies",
                    "Linguistics",
                    "Literature",
                    "Mathematics",
                    "Media Studies",
                    "Music",
                    "Native American Studies",
                    "Neurosciences",
                    "Philosophy",
                    "Physics",
                    "Psychology",
                    "Religion",
                    "Romance Languages",
                    "Russian",
                    "Social Sciences",
                    "Sociology",
                    "Theatre",
                    "Women's Studies"
                ]
            },
            "Postgraduate": {
                "PostBachelor'sDiplomaOrCertificate": [],
                "Master'sDegree": [
                    "Arts and Humanities",
                    "Astronomy and Space Science",
                    "Biomedicine",
                    "Business Administration",
                    "Chemistry",
                    "Comparative Literature",
                    "Computer Science",
                    "Data Processing",
                    "Earth Sciences",
                    "Engineering",
                    "Engineering Management",
                    "Epidemiology",
                    "Health Administration",
                    "Health Sciences",
                    "Mathematics",
                    "Music",
                    "Physics",
                    "Public Health"
                ],
                "Doctor'sDegrees": [
                    "Medicine"
                ],
                "ResearchScholarship": [
                    "Astronomy and Space Science",
                    "Biochemistry",
                    "Biology",
                    "Biomedicine",
                    "Chemistry",
                    "Cognitive Sciences",
                    "Computer Science",
                    "Earth Sciences",
                    "Engineering",
                    "Genetics",
                    "Health Sciences",
                    "Immunology",
                    "Mathematics",
                    "Medicine",
                    "Microbiology",
                    "Neurosciences",
                    "Physics",
                    "Psychology"
                ],
                "EducationSpecialistDegree": []
            }
        }
    },
    {
        "GeneralInformation": {
            "Address": {
                "Street": "40 University Drive",
                "City": "Rindge",
                "Province": "New Hampshire",
                "PostCode": "03461-0060",
                "Website": "https://www.franklinpierce.edu",
                "college_name": "Franklin Pierce University",
                "university_name": ""
            },
            "InstitutionFunding": "Private",
            "History": "Founded 1962 as Franklin Pierce College. Acquired present status and title 2007",
            "AcademicYear": "N/A",
            "AdmissionRequirements": [],
            "Languages": [
                "English"
            ],
            "StudentBody": "co-ed"
        },
        "Divisions": [
            {
                "College": "Civic Life",
                "FieldsOfStudy": [
                    "Civics"
                ],
                "Details": "New England"
            },
            {
                "College": "Communication",
                "FieldsOfStudy": [
                    "Communication Studies",
                    "Mass Communication"
                ],
                "Details": "Marlin Fitzwater"
            },
            {
                "College": "Goodyear (Arizona)",
                "FieldsOfStudy": [
                    "Medical Auxiliaries",
                    "Physical Therapy"
                ],
                "Details": "N/A"
            },
            {
                "College": "Lebanon",
                "FieldsOfStudy": [
                    "Medical Auxiliaries"
                ],
                "Details": "N/A"
            },
            {
                "College": "Manchester",
                "FieldsOfStudy": [
                    "Physical Therapy"
                ],
                "Details": "N/A"
            },
            {
                "College": "Teaching and Learning",
                "FieldsOfStudy": [
                    "Teacher Training"
                ],
                "Details": "N/A"
            },
            {
                "College": "Business",
                "FieldsOfStudy": [
                    "Business Administration"
                ],
                "Details": "N/A"
            },
            {
                "College": "Health and Natural Sciences",
                "FieldsOfStudy": [
                    "Health Sciences",
                    "Natural Sciences"
                ],
                "Details": "N/A"
            },
            {
                "College": "Liberal Arts and Social Sciences",
                "FieldsOfStudy": [
                    "Arts and Humanities",
                    "Education",
                    "Fine Arts",
                    "Performing Arts",
                    "Social Sciences",
                    "Welfare and Protective Services"
                ],
                "Details": "N/A"
            },
            {
                "College": "Climate Action",
                "FieldsOfStudy": [
                    "Environmental Studies"
                ],
                "Details": "N/A"
            }
        ],
        "Degrees": {
            "Undergraduate": {
                "CertificateOrDiploma": "N/A",
                "Bachelor'sDegree": [
                    "Accountancy",
                    "Biology",
                    "Communication Arts",
                    "Communication Studies",
                    "Criminology",
                    "Design",
                    "Educational Sciences",
                    "English",
                    "Environmental Studies",
                    "Finance",
                    "Health Administration",
                    "Health Sciences",
                    "History",
                    "Humanities and Social Science Education",
                    "Management",
                    "Marketing",
                    "Media Studies",
                    "Medical Science",
                    "Music",
                    "Native Language Education",
                    "Nursing",
                    "Parks and Recreation",
                    "Political Sciences",
                    "Primary Education",
                    "Psychology",
                    "Science Education",
                    "Social and Community Services",
                    "Special Education",
                    "Sports Management"
                ]
            },
            "Postgraduate": {
                "PostBachelor'sDiplomaOrCertificate": [
                    "Health Administration",
                    "Health Education",
                    "Human Resources",
                    "Nursing",
                    "Sports Management",
                    "Sustainable Development"
                ],
                "Master'sDegree": [
                    "Accountancy",
                    "Business Administration",
                    "Educational Administration",
                    "Health Education",
                    "Humanities and Social Science Education",
                    "Leadership",
                    "Medical Auxiliaries",
                    "Native Language Education",
                    "Nursing",
                    "Primary Education",
                    "Science Education",
                    "Special Education"
                ],
                "Doctor'sDegrees": [
                    "Physical Therapy"
                ],
                "ResearchScholarship": [],
                "EducationSpecialistDegree": []
            }
        }
    },
    {
        "GeneralInformation": {
            "Address": {
                "Street": "229 Main St. Keene",
                "City": "Keene",
                "Province": "New Hampshire",
                "PostCode": "03435",
                "Website": "https://www.keene.edu",
                "college_name": "Keene State College",
                "university_name": ""
            },
            "InstitutionFunding": "Public",
            "History": "Founded 1909. Is a member of the University System of New Hampshire",
            "AcademicYear": "September to May (September-December; January-May). Also Summer Sessions (May-June; July-August)",
            "AdmissionRequirements": [
                "Graduation from high school or equivalent, and College Board SAT or ACT examination",
                "TOEFL test for foreign students"
            ],
            "Languages": [
                "English"
            ],
            "StudentBody": "co-ed"
        },
        "Divisions": [
            {
                "College": "Arts and Humanities",
                "FieldsOfStudy": [
                    "Art Education",
                    "Art History",
                    "Ceramic Art",
                    "Communication Studies",
                    "Dance",
                    "English",
                    "Film",
                    "Graphic Design",
                    "History",
                    "Journalism",
                    "Modern Languages",
                    "Music",
                    "Painting and Drawing",
                    "Photography",
                    "Printing and Printmaking",
                    "Theatre"
                ],
                "Details": "N/A"
            },
            {
                "College": "Graduate and Professional Studies",
                "FieldsOfStudy": [
                    "Architecture",
                    "Education",
                    "Health Sciences",
                    "Occupational Health",
                    "Physical Education",
                    "Science Education",
                    "Sports"
                ],
                "Details": "N/A"
            },
            {
                "College": "Sciences and Social Sciences",
                "FieldsOfStudy": [
                    "Anthropology",
                    "Biology",
                    "Chemistry",
                    "Computer Science",
                    "Economics",
                    "Geography",
                    "Geology",
                    "Management",
                    "Mathematics",
                    "Physics",
                    "Political Sciences",
                    "Psychology",
                    "Sociology"
                ],
                "Details": "N/A"
            }
        ],
        "Degrees": {
            "Undergraduate": {
                "CertificateOrDiploma": [],
                "Bachelor'sDegree": [
                    "Anthropology",
                    "Architecture",
                    "Arts and Humanities",
                    "Biology",
                    "Business Administration",
                    "Chemistry",
                    "Communication Studies",
                    "Computer Science",
                    "Construction Engineering",
                    "Criminology",
                    "Dance",
                    "Design",
                    "Economics",
                    "Education",
                    "English",
                    "Environmental Studies",
                    "Film",
                    "Fine Arts",
                    "Health Sciences",
                    "History",
                    "Industrial Design",
                    "Journalism",
                    "Law",
                    "Mathematics",
                    "Mathematics Education",
                    "Media Studies",
                    "Music",
                    "Music Education",
                    "Music Theory and Composition",
                    "Musical Instruments",
                    "Neurosciences",
                    "Nursing",
                    "Occupational Health",
                    "Parks and Recreation",
                    "Physical Education",
                    "Political Sciences",
                    "Psychology",
                    "Safety Engineering",
                    "Science Education",
                    "Sociology",
                    "Spanish",
                    "Sports",
                    "Sports Management",
                    "Sustainable Development",
                    "Technology",
                    "Technology Education",
                    "Theatre",
                    "Welfare and Protective Services"
                ]
            },
            "Postgraduate": {
                "PostBachelor'sDiplomaOrCertificate": [
                    "Archiving",
                    "History",
                    "Protective Services"
                ],
                "Master'sDegree": [
                    "Archiving",
                    "Curriculum",
                    "Educational Administration",
                    "History",
                    "Leadership",
                    "Nutrition",
                    "Occupational Health",
                    "Protective Services",
                    "Public Health",
                    "Safety Engineering",
                    "Special Education",
                    "Teacher Training"
                ],
                "Doctor'sDegrees": [],
                "ResearchScholarship": [],
                "EducationSpecialistDegree": []
            }
        }
    },
    {
        "GeneralInformation": {
            "Address": {
                "Street": "98 Bridge Street",
                "City": "Henniker",
                "Province": "New Hampshire",
                "PostCode": "03242",
                "Website": "https://www.nec.edu",
                "college_name": "New England College",
                "university_name": "(NEC)"
            },
            "InstitutionFunding": "Private",
            "History": "Founded 1946, absorbed the New Hampshire Institute of Art (IAU-012624) 2019 which was rebranded as the Institute of Art and Design at New England College",
            "AcademicYear": "August to May. Also Summer Session (June-July)",
            "AdmissionRequirements": [
                "Graduation from high school or equivalent",
                "TOEFL test for foreign students"
            ],
            "Languages": [
                "English"
            ],
            "StudentBody": "co-ed"
        },
        "Divisions": [
            {
                "College": "Art and Design",
                "FieldsOfStudy": [
                    "Design",
                    "Fine Arts"
                ],
                "Details": "N/A"
            },
            {
                "College": "Business and Management",
                "FieldsOfStudy": [
                    "Business Administration",
                    "Management"
                ],
                "Details": "N/A"
            },
            {
                "College": "Education",
                "FieldsOfStudy": [
                    "Education"
                ],
                "Details": "N/A"
            },
            {
                "College": "Government and Criminal Justice",
                "FieldsOfStudy": [
                    "Criminology",
                    "Government"
                ],
                "Details": "N/A"
            },
            {
                "College": "Humanities",
                "FieldsOfStudy": [
                    "Arts and Humanities"
                ],
                "Details": "N/A"
            },
            {
                "College": "Information Technology",
                "FieldsOfStudy": [
                    "Information Technology"
                ],
                "Details": "N/A"
            },
            {
                "College": "Nursing and Healthcare",
                "FieldsOfStudy": [
                    "Health Sciences",
                    "Nursing"
                ],
                "Details": "N/A"
            },
            {
                "College": "Psychology and Human Services",
                "FieldsOfStudy": [
                    "Psychology",
                    "Social and Community Services"
                ],
                "Details": "N/A"
            },
            {
                "College": "Science",
                "FieldsOfStudy": [
                    "Natural Sciences"
                ],
                "Details": "N/A"
            }
        ],
        "Degrees": {
            "Undergraduate": {
                "CertificateOrDiploma": [
                    "Education"
                ],
                "Bachelor'sDegree": [
                    "Accountancy",
                    "Art Education",
                    "Arts and Humanities",
                    "Biology",
                    "Biotechnology",
                    "Business Administration",
                    "Business Computing",
                    "Communication Arts",
                    "Communication Studies",
                    "Community Health",
                    "Computer Graphics",
                    "Computer Science",
                    "Criminology",
                    "Education",
                    "Educational Sciences",
                    "Environmental Studies",
                    "Fine Arts",
                    "Gender Studies",
                    "Graphic Design",
                    "Health Administration",
                    "Health Sciences",
                    "History",
                    "Human Resources",
                    "Information Technology",
                    "International Relations and Diplomacy",
                    "Literature",
                    "Management",
                    "Marketing",
                    "Nursing",
                    "Painting and Drawing",
                    "Parks and Recreation",
                    "Philosophy",
                    "Photography",
                    "Physical Education",
                    "Physical Therapy",
                    "Political Sciences",
                    "Primary Education",
                    "Protective Services",
                    "Psychology",
                    "Secondary Education",
                    "Social and Community Services",
                    "Special Education",
                    "Sports Management",
                    "Teacher Training",
                    "Theatre",
                    "Visual Arts",
                    "Women's Studies",
                    "Writing"
                ]
            },
            "Postgraduate": {
                "PostBachelor'sDiplomaOrCertificate": [],
                "Master'sDegree": [
                    "Accountancy",
                    "Business Administration",
                    "Clinical Psychology",
                    "Computer Science",
                    "Data Processing",
                    "Education",
                    "Educational Administration",
                    "Health Administration",
                    "Health Sciences",
                    "Higher Education",
                    "Information Technology",
                    "International Relations and Diplomacy",
                    "Leadership",
                    "Management",
                    "Parks and Recreation",
                    "Protective Services",
                    "Social and Community Services",
                    "Sports Management",
                    "Writing"
                ],
                "Doctor'sDegrees": [
                    "Education",
                    "Educational Administration",
                    "Higher Education",
                    "Leadership"
                ],
                "ResearchScholarship": [],
                "EducationSpecialistDegree": []
            }
        }
    },
    {
        "GeneralInformation": {
            "Address": {
                "Street": "17 High Street",
                "City": "Plymouth",
                "Province": "New Hampshire",
                "PostCode": "03264-1595",
                "Website": "https://www.plymouth.edu",
                "college_name": "Plymouth State University",
                "university_name": "(PSU)"
            },
            "InstitutionFunding": "Public",
            "History": "Founded 1871 as Plymouth Normal School, acquired present title 1963",
            "AcademicYear": "September to May (September-December; January-May). Also Summer Session (May-August)",
            "AdmissionRequirements": [
                "Graduation from high school or equivalent, and College Board SAT or ACT examination",
                "TOEFL test for foreign students"
            ],
            "Languages": [
                "English"
            ],
            "StudentBody": "co-ed"
        },
        "Divisions": [
            {
                "College": "Arts",
                "FieldsOfStudy": [
                    "Design",
                    "Fine Arts",
                    "Handicrafts",
                    "Visual Arts"
                ],
                "Details": "N/A"
            },
            {
                "College": "Business Administration",
                "FieldsOfStudy": [
                    "Accountancy",
                    "Business Administration",
                    "Business and Commerce",
                    "Finance",
                    "Management",
                    "Marketing",
                    "Sports Management"
                ],
                "Details": "N/A"
            },
            {
                "College": "Communication",
                "FieldsOfStudy": [
                    "Communication Studies",
                    "Film",
                    "Media Studies"
                ],
                "Details": "N/A"
            },
            {
                "College": "Computer Science and Technology",
                "FieldsOfStudy": [
                    "Computer Science",
                    "Information Technology"
                ],
                "Details": "N/A"
            },
            {
                "College": "Counselor Education and School Psychology",
                "FieldsOfStudy": [
                    "Educational and Student Counselling",
                    "Educational Psychology"
                ],
                "Details": "N/A"
            },
            {
                "College": "Criminal Justice",
                "FieldsOfStudy": [
                    "Criminal Law"
                ],
                "Details": "N/A"
            },
            {
                "College": "Education",
                "FieldsOfStudy": [
                    "Education",
                    "Teacher Training"
                ],
                "Details": "N/A"
            },
            {
                "College": "Environmental and Sustainability",
                "FieldsOfStudy": [
                    "Environmental Studies"
                ],
                "Details": "N/A"
            },
            {
                "College": "Health",
                "FieldsOfStudy": [
                    "Health Education",
                    "Physical Education",
                    "Sports"
                ],
                "Details": "N/A"
            },
            {
                "College": "Humanities",
                "FieldsOfStudy": [
                    "Arts and Humanities"
                ],
                "Details": "N/A"
            },
            {
                "College": "Interdisciplinary Studies",
                "FieldsOfStudy": "N/A",
                "Details": "N/A"
            },
            {
                "College": "Mathematics",
                "FieldsOfStudy": [
                    "Mathematics"
                ],
                "Details": "N/A"
            },
            {
                "College": "Music, Theatre and Dance",
                "FieldsOfStudy": [
                    "Dance",
                    "Music",
                    "Theatre"
                ],
                "Details": "N/A"
            },
            {
                "College": "Physical Therapy",
                "FieldsOfStudy": [
                    "Physical Therapy"
                ],
                "Details": "N/A"
            },
            {
                "College": "Science",
                "FieldsOfStudy": "N/A",
                "Details": "N/A"
            },
            {
                "College": "Social Science",
                "FieldsOfStudy": [
                    "Anthropology",
                    "Gender Studies",
                    "Geography (Human)",
                    "Health Sciences",
                    "History",
                    "Humanities and Social Science Education",
                    "Peace and Disarmament",
                    "Political Sciences",
                    "Psychology",
                    "Social Sciences",
                    "Social Welfare",
                    "Sociology",
                    "Surveying and Mapping"
                ],
                "Details": "N/A"
            },
            {
                "College": "Social Work",
                "FieldsOfStudy": [
                    "Social Work"
                ],
                "Details": "N/A"
            },
            {
                "College": "Tourism",
                "FieldsOfStudy": [
                    "Tourism"
                ],
                "Details": "N/A"
            }
        ],
        "Degrees": {
            "Undergraduate": {
                "CertificateOrDiploma": [
                    "Educational Administration",
                    "Educational and Student Counselling",
                    "Educational Psychology",
                    "Leadership"
                ],
                "Bachelor'sDegree": [
                    "Accountancy",
                    "Biochemistry",
                    "Biology",
                    "Business Administration",
                    "Cell Biology",
                    "Chemistry",
                    "Child Care and Development",
                    "Communication Studies",
                    "Computer Graphics",
                    "Computer Science",
                    "Criminology",
                    "Data Processing",
                    "Design",
                    "English",
                    "Entrepreneurship",
                    "Environmental Studies",
                    "Finance",
                    "Fine Arts",
                    "Graphic Design",
                    "Health Sciences",
                    "Humanities and Social Science Education",
                    "Information Technology",
                    "Management",
                    "Marketing",
                    "Mathematics",
                    "Media Studies",
                    "Meteorology",
                    "Molecular Biology",
                    "Music",
                    "Music Education",
                    "Natural Sciences",
                    "Nursing",
                    "Parks and Recreation",
                    "Physical Education",
                    "Physiology",
                    "Political Sciences",
                    "Primary Education",
                    "Psychology",
                    "Public Health",
                    "Robotics",
                    "Social Sciences",
                    "Social Work",
                    "Sports",
                    "Sports Management",
                    "Sustainable Development",
                    "Teacher Training",
                    "Theatre",
                    "Tourism"
                ]
            },
            "Postgraduate": {
                "PostBachelor'sDiplomaOrCertificate": [],
                "Master'sDegree": [
                    "Art Education",
                    "Clinical Psychology",
                    "Curriculum",
                    "Educational and Student Counselling",
                    "Educational Psychology",
                    "Educational Sciences",
                    "Educational Technology",
                    "Fine Arts",
                    "Health Education",
                    "Health Sciences",
                    "Leadership",
                    "Library Science",
                    "Management",
                    "Media Studies",
                    "Meteorology",
                    "Native Language Education",
                    "Physical Education",
                    "Physiology",
                    "Rehabilitation and Therapy",
                    "Special Education",
                    "Sports",
                    "Teacher Training"
                ],
                "Doctor'sDegrees": [
                    "Education",
                    "Higher Education",
                    "Physical Therapy"
                ],
                "ResearchScholarship": [],
                "EducationSpecialistDegree": [
                    "Educational Psychology"
                ]
            }
        }
    },
    {
        "GeneralInformation": {
            "Address": {
                "Street": "420 South Main Street",
                "City": "Nashua",
                "Province": "New Hampshire",
                "PostCode": "03060",
                "Website": "https://www.rivier.edu",
                "college_name": "Rivier University",
                "university_name": ""
            },
            "InstitutionFunding": "Private",
            "History": "Founded 1933 as Rivier College. Acquired current status and title 2012. A private institution affiliated with the Sisters of the Presentation of Mary (Roman Catholic Church)",
            "AcademicYear": "September to May",
            "AdmissionRequirements": [
                "Graduation from high school or equivalent, and College Board SAT or ACT examination"
            ],
            "Languages": [
                "English"
            ],
            "StudentBody": "co-ed"
        },
        "Divisions": [
            {
                "College": "Arts and Sciences",
                "FieldsOfStudy": [
                    "Biology",
                    "Chemistry",
                    "Criminology",
                    "English",
                    "History",
                    "Mathematics and Computer Science",
                    "Modern Languages",
                    "Philosophy",
                    "Political Sciences",
                    "Psychology",
                    "Religious Studies",
                    "Sociology"
                ],
                "Details": "N/A"
            },
            {
                "College": "Business and Security Studies",
                "FieldsOfStudy": [
                    "Business Administration"
                ],
                "Details": "N/A"
            },
            {
                "College": "Education and Counseling",
                "FieldsOfStudy": [
                    "Education",
                    "Educational and Student Counselling"
                ],
                "Details": "N/A"
            },
            {
                "College": "Nursing and Health Professions",
                "FieldsOfStudy": [
                    "Health Sciences",
                    "Nursing"
                ],
                "Details": "N/A"
            }
        ],
        "Degrees": {
            "Undergraduate": {
                "CertificateOrDiploma": [
                    "Gerontology",
                    "Health Education",
                    "Nursing",
                    "Psychiatry and Mental Health"
                ],
                "Bachelor'sDegree": [
                    "Arts and Humanities",
                    "Biology",
                    "Biotechnology",
                    "Business Administration",
                    "Computer Science",
                    "Criminology",
                    "Education",
                    "English",
                    "Finance",
                    "Health Sciences",
                    "History",
                    "Humanities and Social Science Education",
                    "Leadership",
                    "Marketing",
                    "Mathematics",
                    "Mathematics and Computer Science",
                    "Native Language Education",
                    "Nursing",
                    "Political Sciences",
                    "Preschool Education",
                    "Primary Education",
                    "Protective Services",
                    "Psychology",
                    "Public Health",
                    "Science Education",
                    "Service Trades",
                    "Sociology",
                    "Special Education",
                    "Sports",
                    "Sports Management"
                ]
            },
            "Postgraduate": {
                "PostBachelor'sDiplomaOrCertificate": [],
                "Master'sDegree": [
                    "Business Administration",
                    "Clinical Psychology",
                    "Computer Science",
                    "Educational Administration",
                    "Educational and Student Counselling",
                    "Educational Psychology",
                    "Educational Sciences",
                    "Gerontology",
                    "Health Administration",
                    "Health Education",
                    "Humanities and Social Science Education",
                    "Information Technology",
                    "Leadership",
                    "Management",
                    "Marketing",
                    "Mathematics and Computer Science",
                    "Mathematics Education",
                    "Native Language Education",
                    "Nursing",
                    "Preschool Education",
                    "Primary Education",
                    "Psychiatry and Mental Health",
                    "Public Health",
                    "Science Education",
                    "Secondary Education",
                    "Special Education"
                ],
                "Doctor'sDegrees": [
                    "Education",
                    "Educational and Student Counselling",
                    "Educational Psychology",
                    "Leadership",
                    "Nursing"
                ],
                "ResearchScholarship": [],
                "EducationSpecialistDegree": [
                    "Educational and Student Counselling",
                    "Educational Psychology"
                ]
            }
        }
    },
    {
        "GeneralInformation": {
            "Address": {
                "Street": "100 Saint Anselm Drive",
                "City": "Manchester",
                "Province": "New Hampshire",
                "PostCode": "03102",
                "Website": "https://www.anselm.edu",
                "college_name": "Saint Anselm College",
                "university_name": ""
            },
            "InstitutionFunding": "Private",
            "History": "Founded 1889",
            "AcademicYear": "N/A",
            "AdmissionRequirements": [],
            "Languages": [
                "English"
            ],
            "StudentBody": "N/A"
        },
        "Divisions": [
            {
                "College": "Biological Sciences",
                "FieldsOfStudy": [
                    "Biochemistry",
                    "Biology",
                    "Environmental Studies",
                    "Natural Sciences"
                ],
                "Details": "N/A"
            },
            {
                "College": "Chemistry",
                "FieldsOfStudy": [
                    "Chemistry"
                ],
                "Details": "N/A"
            },
            {
                "College": "Classics",
                "FieldsOfStudy": [
                    "Classical Languages"
                ],
                "Details": "N/A"
            },
            {
                "College": "Computer Science",
                "FieldsOfStudy": [
                    "Computer Science"
                ],
                "Details": "N/A"
            },
            {
                "College": "Criminal Justice",
                "FieldsOfStudy": [
                    "Criminology"
                ],
                "Details": "N/A"
            },
            {
                "College": "Economics and Business",
                "FieldsOfStudy": [
                    "Accountancy",
                    "Business Administration",
                    "Economics",
                    "International Business"
                ],
                "Details": "N/A"
            },
            {
                "College": "Education",
                "FieldsOfStudy": [
                    "Education"
                ],
                "Details": "N/A"
            },
            {
                "College": "English",
                "FieldsOfStudy": [
                    "Communication Studies",
                    "English"
                ],
                "Details": "N/A"
            },
            {
                "College": "Fine Arts",
                "FieldsOfStudy": [
                    "Art Education",
                    "Art History",
                    "Fine Arts",
                    "Music"
                ],
                "Details": "N/A"
            },
            {
                "College": "Graduate Studies",
                "FieldsOfStudy": [
                    "Criminology",
                    "Special Education"
                ],
                "Details": "N/A"
            },
            {
                "College": "History",
                "FieldsOfStudy": [
                    "American Studies",
                    "History"
                ],
                "Details": "N/A"
            },
            {
                "College": "Mathematics",
                "FieldsOfStudy": [
                    "Mathematics"
                ],
                "Details": "N/A"
            },
            {
                "College": "Modern Languages and Literatures",
                "FieldsOfStudy": [
                    "Chinese",
                    "French",
                    "German",
                    "Literature",
                    "Russian",
                    "Spanish"
                ],
                "Details": "N/A"
            },
            {
                "College": "Nursing",
                "FieldsOfStudy": [
                    "Nursing"
                ],
                "Details": "N/A"
            },
            {
                "College": "Philosophy",
                "FieldsOfStudy": [
                    "Philosophy"
                ],
                "Details": "N/A"
            },
            {
                "College": "Physics",
                "FieldsOfStudy": [
                    "Physics"
                ],
                "Details": "N/A"
            },
            {
                "College": "Politics",
                "FieldsOfStudy": [
                    "Political Sciences"
                ],
                "Details": "N/A"
            },
            {
                "College": "Psychology",
                "FieldsOfStudy": [
                    "Psychology"
                ],
                "Details": "N/A"
            },
            {
                "College": "Sociology and Social Work",
                "FieldsOfStudy": [
                    "Social Work",
                    "Sociology"
                ],
                "Details": "N/A"
            },
            {
                "College": "Theology",
                "FieldsOfStudy": [
                    "Theology"
                ],
                "Details": "N/A"
            }
        ],
        "Degrees": {
            "Undergraduate": {
                "CertificateOrDiploma": [],
                "Bachelor'sDegree": [
                    "Accountancy",
                    "American Studies",
                    "Applied Physics",
                    "Archaeology",
                    "Art History",
                    "Arts and Humanities",
                    "Behavioural Sciences",
                    "Biochemistry",
                    "Biology",
                    "Business Administration",
                    "Chemistry",
                    "Classical Languages",
                    "Communication Studies",
                    "Computer Science",
                    "Criminology",
                    "Data Processing",
                    "Economics",
                    "English",
                    "Environmental Studies",
                    "Finance",
                    "Fine Arts",
                    "French",
                    "German",
                    "Health Sciences",
                    "History",
                    "Information Technology",
                    "International Business",
                    "International Relations and Diplomacy",
                    "Law",
                    "Marketing",
                    "Mathematics",
                    "Molecular Biology",
                    "Music",
                    "Natural Sciences",
                    "Neurosciences",
                    "Nursing",
                    "Peace and Disarmament",
                    "Philosophy",
                    "Physics",
                    "Political Sciences",
                    "Primary Education",
                    "Psychology",
                    "Public Health",
                    "Science Education",
                    "Secondary Education",
                    "Social Work",
                    "Sociology",
                    "Spanish",
                    "Theology"
                ]
            },
            "Postgraduate": {
                "PostBachelor'sDiplomaOrCertificate": [],
                "Master'sDegree": [
                    "Criminology",
                    "Special Education"
                ],
                "Doctor'sDegrees": [],
                "ResearchScholarship": [],
                "EducationSpecialistDegree": []
            }
        }
    },
    {
        "GeneralInformation": {
            "Address": {
                "Street": "2500 North River Road",
                "City": "Manchester",
                "Province": "New Hampshire",
                "PostCode": "03106",
                "Website": "https://www.snhu.edu",
                "college_name": "Southern New Hampshire University",
                "university_name": "(SNHU)"
            },
            "InstitutionFunding": "Private",
            "History": "Founded 1932 as the New Hampshire School of Accountancy and Secretarial Science, became New Hampshire College 1969, and acquired present title 2001",
            "AcademicYear": "undergraduate, September-May; graduate, September-August",
            "AdmissionRequirements": [
                "Graduation from high school or equivalent, and College Board SAT or ACT examination",
                "TOEFL test for foreign students"
            ],
            "Languages": [
                "English"
            ],
            "StudentBody": "co-ed"
        },
        "Divisions": [
            {
                "College": "Arts, Sciences, and Education",
                "FieldsOfStudy": [
                    "Arts and Humanities",
                    "Biological and Life Sciences",
                    "Communication Studies",
                    "Education",
                    "English",
                    "Environmental Studies",
                    "Fine Arts",
                    "Law",
                    "Mathematics",
                    "Media Studies",
                    "Natural Sciences",
                    "Political Sciences",
                    "Psychology",
                    "Science Education",
                    "Social Sciences",
                    "Teacher Training"
                ],
                "Details": "N/A"
            },
            {
                "College": "Business",
                "FieldsOfStudy": [
                    "Accountancy",
                    "Business Administration",
                    "Business Education",
                    "Finance",
                    "Hotel Management",
                    "Information Technology",
                    "International Business",
                    "Management",
                    "Marketing"
                ],
                "Details": "N/A"
            },
            {
                "College": "Engineering, Technology, and Aeronautics",
                "FieldsOfStudy": [
                    "Aeronautical and Aerospace Engineering",
                    "Air Transport",
                    "Computer Science",
                    "Engineering",
                    "Technology"
                ],
                "Details": "N/A"
            }
        ],
        "Degrees": {
            "Undergraduate": {
                "CertificateOrDiploma": [
                    "Curriculum",
                    "Educational Administration",
                    "Educational Sciences",
                    "Educational Technology",
                    "Educational Testing and Evaluation",
                    "Leadership",
                    "Writing"
                ],
                "Bachelor'sDegree": [
                    "Accountancy",
                    "Anthropology",
                    "Arts and Humanities",
                    "Business Administration",
                    "Business Computing",
                    "Communication Arts",
                    "Communication Studies",
                    "Computer Engineering",
                    "Computer Graphics",
                    "Computer Science",
                    "Criminology",
                    "Data Processing",
                    "Design",
                    "Earth Sciences",
                    "Education",
                    "English",
                    "Entrepreneurship",
                    "Environmental Studies",
                    "Finance",
                    "Fine Arts",
                    "Graphic Design",
                    "Health Administration",
                    "Health Education",
                    "Health Sciences",
                    "History",
                    "Human Resources",
                    "Information Management",
                    "Information Technology",
                    "International Business",
                    "Justice Administration",
                    "Leadership",
                    "Management",
                    "Marketing",
                    "Mathematics",
                    "Media Studies",
                    "Nursing",
                    "Photography",
                    "Police Studies",
                    "Political Sciences",
                    "Protective Services",
                    "Psychology",
                    "Public Administration",
                    "Public Health",
                    "Social and Community Services",
                    "Sociology",
                    "Software Engineering",
                    "Sports Management",
                    "Writing"
                ]
            },
            "Postgraduate": {
                "PostBachelor'sDiplomaOrCertificate": [
                    "Curriculum",
                    "Educational Administration",
                    "Educational Sciences",
                    "Educational Technology",
                    "Educational Testing and Evaluation",
                    "Leadership"
                ],
                "Master'sDegree": [
                    "Accountancy",
                    "Business Administration",
                    "Educational Sciences",
                    "Finance",
                    "Foreign Languages Education",
                    "Information Technology",
                    "Management",
                    "Marketing",
                    "Preschool Education",
                    "Primary Education",
                    "Psychology",
                    "Secondary Education",
                    "Special Education",
                    "Sports Management",
                    "Teacher Training",
                    "Writing"
                ],
                "Doctor'sDegrees": [
                    "Educational Administration",
                    "Leadership"
                ],
                "ResearchScholarship": [
                    "Educational Administration",
                    "International Business",
                    "Leadership"
                ],
                "EducationSpecialistDegree": []
            }
        }
    },
    {
        "GeneralInformation": {
            "Address": {
                "Street": "6 Manchester Street",
                "City": "Merrimack",
                "Province": "New Hampshire",
                "PostCode": "03054",
                "Website": "https://thomasmorecollege.edu",
                "college_name": "The Thomas More College of Liberal Arts",
                "university_name": "(TMC)"
            },
            "InstitutionFunding": "Private",
            "History": "Founded 1979",
            "AcademicYear": "N/A",
            "AdmissionRequirements": [],
            "Languages": [
                "English"
            ],
            "StudentBody": "N/A"
        },
        "Divisions": [
            {
                "College": "Rome (Italy) - The Villa Magnolia",
                "FieldsOfStudy": [
                    "Architecture",
                    "Arts and Humanities",
                    "Fine Arts"
                ],
                "Details": "N/A"
            },
            {
                "College": "Classical Languages",
                "FieldsOfStudy": [
                    "Classical Languages"
                ],
                "Details": "N/A"
            },
            {
                "College": "Humanities",
                "FieldsOfStudy": [
                    "American Studies",
                    "Ancient Civilizations",
                    "Arts and Humanities",
                    "Medieval Studies",
                    "Modern History"
                ],
                "Details": "N/A"
            },
            {
                "College": "Mathematics, Natural Sciences and Philosophy",
                "FieldsOfStudy": [
                    "Ecology",
                    "Economics",
                    "Ethics",
                    "Natural Sciences",
                    "Philosophy"
                ],
                "Details": "N/A"
            },
            {
                "College": "Sacred Scripture and Theology",
                "FieldsOfStudy": [
                    "Bible"
                ],
                "Details": "N/A"
            },
            {
                "College": "Traditio",
                "FieldsOfStudy": [
                    "Arts and Humanities",
                    "Christian Religious Studies"
                ],
                "Details": "N/A"
            },
            {
                "College": "Way of Beauty",
                "FieldsOfStudy": [
                    "Aesthetics",
                    "Religious Music"
                ],
                "Details": "N/A"
            },
            {
                "College": "Writing",
                "FieldsOfStudy": [
                    "Writing"
                ],
                "Details": "N/A"
            }
        ],
        "Degrees": {
            "Undergraduate": {
                "CertificateOrDiploma": [],
                "Bachelor'sDegree": [
                    "Arts and Humanities"
                ]
            },
            "Postgraduate": {
                "PostBachelor'sDiplomaOrCertificate": [],
                "Master'sDegree": [],
                "Doctor'sDegrees": [],
                "ResearchScholarship": [],
                "EducationSpecialistDegree": []
            }
        }
    },
    {
        "GeneralInformation": {
            "Address": {
                "Street": "Main Street",
                "City": "Durham",
                "Province": "New Hampshire",
                "PostCode": "03824",
                "Website": "https://www.unh.edu",
                "college_name": "University of New Hampshire",
                "university_name": "(UNH)"
            },
            "InstitutionFunding": "Public",
            "History": "Founded 1866 as New Hampshire College of Agriculture and Mechanic Arts. Acquired present title charter 1923. The largest institution of the University System of New Hampshire. Integrated the Granite State College (IAU-006767) 2023, which became its College of Professional Studies as well as the so far affiliated-only University of New Hampshire School of Law (IAU-020332) - now the Franklin Pierce School of Law - the same year",
            "AcademicYear": "September to May (September-December; January-May). Also Summer Session (June-August)",
            "AdmissionRequirements": [
                "Graduation from high school or equivalent, and College Board SAT or ACT examination",
                "TOEFL test for foreign students (550 minimum)"
            ],
            "Languages": [
                "English"
            ],
            "StudentBody": "N/A"
        },
        "Divisions": [
            {
                "College": "University of New Hampshire at Manchester (UNH Manchester)",
                "FieldsOfStudy": [
                    "Arts and Humanities",
                    "Business Administration",
                    "Education",
                    "Engineering",
                    "Health Sciences",
                    "Mathematics and Computer Science",
                    "Natural Sciences",
                    "Social Sciences",
                    "Welfare and Protective Services"
                ],
                "Details": "University of New Hampshire's city campus"
            },
            {
                "College": "Business and Economics",
                "FieldsOfStudy": [
                    "Accountancy",
                    "Business Administration",
                    "Economics",
                    "Hotel Management"
                ],
                "Details": "Peter T. Paul"
            },
            {
                "College": "Engineering and Physical Sciences",
                "FieldsOfStudy": [
                    "Applied Mathematics",
                    "Chemical Engineering",
                    "Chemistry",
                    "Civil Engineering",
                    "Computer Engineering",
                    "Computer Science",
                    "Earth Sciences",
                    "Electrical Engineering",
                    "Environmental Engineering",
                    "Marine Engineering",
                    "Materials Engineering",
                    "Mathematics",
                    "Mechanical Engineering",
                    "Physics",
                    "Statistics"
                ],
                "Details": "N/A"
            },
            {
                "College": "Health and Human Services",
                "FieldsOfStudy": [
                    "Communication Disorders",
                    "Communication Studies",
                    "Family Studies",
                    "Health Administration",
                    "Leisure Studies",
                    "Nursing",
                    "Occupational Therapy",
                    "Physical Education",
                    "Social Work",
                    "Sports"
                ],
                "Details": "N/A"
            },
            {
                "College": "Liberal Arts",
                "FieldsOfStudy": [
                    "Anthropology",
                    "Art History",
                    "Arts and Humanities",
                    "Behavioural Sciences",
                    "Classical Languages",
                    "Communication Studies",
                    "Dance",
                    "English",
                    "European Studies",
                    "Fine Arts",
                    "French",
                    "Geography",
                    "German",
                    "Greek",
                    "History",
                    "Journalism",
                    "Latin",
                    "Law",
                    "Linguistics",
                    "Literature",
                    "Music",
                    "Neurosciences",
                    "Philosophy",
                    "Political Sciences",
                    "Psychology",
                    "Russian",
                    "Sociology",
                    "Spanish",
                    "Theatre"
                ],
                "Details": "N/A"
            },
            {
                "College": "Life Sciences and Agriculture",
                "FieldsOfStudy": [
                    "Agriculture",
                    "Behavioural Sciences",
                    "Biochemistry",
                    "Biology",
                    "Biomedicine",
                    "Cell Biology",
                    "Dairy",
                    "Ecology",
                    "Environmental Management",
                    "Environmental Studies",
                    "Food Science",
                    "Forestry",
                    "Genetics",
                    "Horticulture",
                    "Marine Biology",
                    "Molecular Biology",
                    "Neurosciences",
                    "Nutrition",
                    "Tourism",
                    "Wildlife",
                    "Zoology"
                ],
                "Details": "N/A"
            },
            {
                "College": "Applied Sciences",
                "FieldsOfStudy": [
                    "Animal Husbandry",
                    "Business Administration",
                    "Construction Engineering",
                    "Cooking and Catering",
                    "Forest Management",
                    "Horticulture",
                    "Hotel Management"
                ],
                "Details": "Thompson"
            },
            {
                "College": "Graduate Studies",
                "FieldsOfStudy": [
                    "Agriculture",
                    "Arts and Humanities",
                    "Business Administration",
                    "Education",
                    "Engineering",
                    "Health Sciences",
                    "Home Economics",
                    "Information Sciences",
                    "Law",
                    "Mathematics and Computer Science",
                    "Natural Sciences",
                    "Performing Arts",
                    "Social Sciences",
                    "Welfare and Protective Services"
                ],
                "Details": "N/A"
            },
            {
                "College": "Law",
                "FieldsOfStudy": [
                    "Law"
                ],
                "Details": "Franklin Pierce"
            },
            {
                "College": "Marine Science and Ocean Engineering",
                "FieldsOfStudy": [
                    "Marine Engineering",
                    "Marine Science and Oceanography"
                ],
                "Details": "N/A"
            },
            {
                "College": "Public Policy",
                "FieldsOfStudy": [
                    "Government",
                    "Public Administration",
                    "Social and Community Services"
                ],
                "Details": "Carsey"
            }
        ],
        "Degrees": {
            "Undergraduate": {
                "CertificateOrDiploma": [
                    "Gerontology",
                    "Nursing",
                    "Psychiatry and Mental Health"
                ],
                "Bachelor'sDegree": [
                    "Accountancy",
                    "Acting",
                    "Administration",
                    "Advertising and Publicity",
                    "Agriculture",
                    "Ancient Civilizations",
                    "Animal Husbandry",
                    "Anthropology",
                    "Applied Mathematics",
                    "Applied Physics",
                    "Art Education",
                    "Art History",
                    "Arts and Humanities",
                    "Behavioural Sciences",
                    "Biochemistry",
                    "Bioengineering",
                    "Biological and Life Sciences",
                    "Biology",
                    "Biomedical Engineering",
                    "Biomedicine",
                    "Biotechnology",
                    "Business Administration",
                    "Business Computing",
                    "Cell Biology",
                    "Chemical Engineering",
                    "Chemistry",
                    "Cinema and Television",
                    "Civil Engineering",
                    "Classical Languages",
                    "Communication Arts",
                    "Communication Disorders",
                    "Communication Studies",
                    "Computer Engineering",
                    "Computer Science",
                    "Criminology",
                    "Dance",
                    "Data Processing",
                    "Development Studies",
                    "Dietetics",
                    "Display and Stage Design",
                    "Earth Sciences",
                    "Ecology",
                    "Economics",
                    "Education",
                    "Educational Sciences",
                    "Electrical Engineering",
                    "Energy Engineering",
                    "English",
                    "Entrepreneurship",
                    "Environmental Engineering",
                    "Environmental Studies",
                    "Family Studies",
                    "Finance",
                    "Fine Arts",
                    "Fire Science",
                    "Food Science",
                    "Forestry",
                    "French",
                    "Gender Studies",
                    "Genetics",
                    "Geography",
                    "German",
                    "Graphic Design",
                    "Health Administration",
                    "Health Education",
                    "Health Sciences",
                    "History",
                    "Hotel and Restaurant",
                    "Human Resources",
                    "Humanities and Social Science Education",
                    "Industrial and Organizational Psychology",
                    "Information Technology",
                    "International Business",
                    "International Economics",
                    "International Relations and Diplomacy",
                    "International Studies",
                    "Italian",
                    "Journalism",
                    "Laboratory Techniques",
                    "Latin",
                    "Law",
                    "Leadership",
                    "Linguistics",
                    "Literature",
                    "Logistics Management",
                    "Management",
                    "Marine Biology",
                    "Marine Engineering",
                    "Marketing",
                    "Mathematics",
                    "Mathematics Education",
                    "Mechanical Engineering",
                    "Media Studies",
                    "Microbiology",
                    "Modern Languages",
                    "Molecular Biology",
                    "Music",
                    "Music Education",
                    "Music Theory and Composition",
                    "Musical Instruments",
                    "Native Language Education",
                    "Natural Resources",
                    "Neurosciences",
                    "Nursing",
                    "Nutrition",
                    "Occupational Therapy",
                    "Parks and Recreation",
                    "Philosophy",
                    "Physical Education",
                    "Physics",
                    "Political Sciences",
                    "Preschool Education",
                    "Primary Education",
                    "Protective Services",
                    "Psychology",
                    "Public Administration",
                    "Public Relations",
                    "Russian",
                    "Secondary Education",
                    "Social and Community Services",
                    "Social Sciences",
                    "Social Work",
                    "Sociology",
                    "Spanish",
                    "Special Education",
                    "Sports",
                    "Sports Management",
                    "Statistics",
                    "Sustainable Development",
                    "Technology",
                    "Theatre",
                    "Translation and Interpretation",
                    "Wildlife",
                    "Women's Studies",
                    "Writing",
                    "Zoology"
                ]
            },
            "Postgraduate": {
                "PostBachelor'sDiplomaOrCertificate": [
                    "Administration",
                    "Business Administration",
                    "Business and Commerce",
                    "Child Care and Development",
                    "Coastal Studies",
                    "Curriculum",
                    "Data Processing",
                    "Dietetics",
                    "Ecology",
                    "Educational Administration",
                    "Educational and Student Counselling",
                    "Genetics",
                    "Health Administration",
                    "Health Sciences",
                    "Hotel and Restaurant",
                    "Leadership",
                    "Management",
                    "Marine Science and Oceanography",
                    "Physical Education",
                    "Private Law",
                    "Public Health",
                    "Secondary Education",
                    "Social and Community Services",
                    "Social Work",
                    "Sound Engineering (Acoustics)",
                    "Spanish",
                    "Special Education",
                    "Statistics",
                    "Surveying and Mapping",
                    "Technology",
                    "Women's Studies"
                ],
                "Master'sDegree": [
                    "Accountancy",
                    "Administration",
                    "Agriculture",
                    "Applied Mathematics",
                    "Arts and Humanities",
                    "Biochemistry",
                    "Biological and Life Sciences",
                    "Biology",
                    "Biomedical Engineering",
                    "Biomedicine",
                    "Biotechnology",
                    "Business Administration",
                    "Cell Biology",
                    "Chemical Engineering",
                    "Chemistry",
                    "Civil Engineering",
                    "Commercial Law",
                    "Communication Disorders",
                    "Communication Studies",
                    "Computer Engineering",
                    "Computer Science",
                    "Conducting",
                    "Criminal Law",
                    "Data Processing",
                    "Development Studies",
                    "Dietetics",
                    "Earth Sciences",
                    "Ecology",
                    "Economics",
                    "Educational Sciences",
                    "Electrical Engineering",
                    "English",
                    "Environmental Engineering",
                    "Environmental Studies",
                    "Family Studies",
                    "Finance",
                    "Forestry",
                    "Genetics",
                    "Geology",
                    "Gerontology",
                    "Government",
                    "Health Administration",
                    "Health Sciences",
                    "History",
                    "Information Technology",
                    "International Law",
                    "Law",
                    "Leadership",
                    "Linguistics",
                    "Management",
                    "Marine Biology",
                    "Marine Engineering",
                    "Marine Science and Oceanography",
                    "Materials Engineering",
                    "Mathematics",
                    "Mechanical Engineering",
                    "Microbiology",
                    "Molecular Biology",
                    "Museum Studies",
                    "Music Theory and Composition",
                    "Musicology",
                    "Natural Resources",
                    "Nursing",
                    "Nutrition",
                    "Occupational Therapy",
                    "Parks and Recreation",
                    "Peace and Disarmament",
                    "Physical Education",
                    "Physics",
                    "Political Sciences",
                    "Preschool Education",
                    "Primary Education",
                    "Private Law",
                    "Protective Services",
                    "Psychiatry and Mental Health",
                    "Psychology",
                    "Public Administration",
                    "Public Health",
                    "Rehabilitation and Therapy",
                    "Secondary Education",
                    "Social and Community Services",
                    "Social Work",
                    "Sociology",
                    "Spanish",
                    "Special Education",
                    "Sports Management",
                    "Statistics",
                    "Surveying and Mapping",
                    "Sustainable Development",
                    "Water Science",
                    "Wildlife",
                    "Writing"
                ],
                "Doctor'sDegrees": [
                    "Data Processing",
                    "Gerontology",
                    "Law",
                    "Nursing",
                    "Occupational Therapy",
                    "Psychiatry and Mental Health"
                ],
                "ResearchScholarship": [
                    "Agriculture",
                    "Applied Mathematics",
                    "Biochemistry",
                    "Biology",
                    "Chemical Engineering",
                    "Chemistry",
                    "Civil Engineering",
                    "Computer Engineering",
                    "Computer Science",
                    "Earth Sciences",
                    "Economics",
                    "Education",
                    "Electrical Engineering",
                    "English",
                    "Environmental Engineering",
                    "Environmental Studies",
                    "Genetics",
                    "History",
                    "Marine Biology",
                    "Marine Engineering",
                    "Marine Science and Oceanography",
                    "Materials Engineering",
                    "Mathematics",
                    "Mathematics Education",
                    "Mechanical Engineering",
                    "Microbiology",
                    "Molecular Biology",
                    "Natural Resources",
                    "Nutrition",
                    "Physics",
                    "Psychology",
                    "Science Education",
                    "Sociology",
                    "Statistics"
                ],
                "EducationSpecialistDegree": [
                    "Educational Administration"
                ]
            }
        }
    }
]