[
    {
        "GeneralInformation": {
            "Address": {
                "Street": "CP 1340, Avenida 14 de Novembro, Entrada do Bairro de Hafia",
                "City": "Bissau",
                "Province": "N/A",
                "PostCode": "N/A",
                "Website": "N/A",
                "college_name": "Colinas University of Bo\u00e9",
                "university_name": "Universidade Colinas de Bo\u00e9 \u2013 University Colinas of Bo\u00e9 (UCB)"
            },
            "InstitutionFunding": "Private",
            "History": "Founded 2003.",
            "AcademicYear": "October to June",
            "AdmissionRequirements": [],
            "Languages": [
                "Portuguese"
            ],
            "StudentBody": "co-ed"
        },
        "Divisions": [
            {
                "College": "Accountancy and Management",
                "FieldsOfStudy": [
                    "Accountancy",
                    "Management"
                ],
                "Details": "N/A"
            },
            {
                "College": "Computer Engineering",
                "FieldsOfStudy": [
                    "Computer Engineering"
                ],
                "Details": "N/A"
            },
            {
                "College": "Law",
                "FieldsOfStudy": [
                    "Law"
                ],
                "Details": "N/A"
            },
            {
                "College": "Public Administration and Social Economy",
                "FieldsOfStudy": [
                    "Economics",
                    "Public Administration"
                ],
                "Details": "N/A"
            },
            {
                "College": "Social Communication and Marketing",
                "FieldsOfStudy": [
                    "Communication Studies",
                    "Marketing"
                ],
                "Details": "N/A"
            }
        ],
        "Degrees": {
            "Undergraduate": {
                "CertificateOrDiploma": [],
                "Bachelor'sDegree": []
            },
            "Postgraduate": {
                "PostBachelor'sDiplomaOrCertificate": [],
                "Master'sDegree": [],
                "Doctor'sDegrees": [],
                "ResearchScholarship": [],
                "EducationSpecialistDegree": []
            }
        }
    },
    {
        "GeneralInformation": {
            "Address": {
                "Street": "Complexo Escolar 14 de Novembro\n595 Bissau Codex",
                "City": "Bissau",
                "Province": "N/A",
                "PostCode": "N/A",
                "Website": "N/A",
                "college_name": "Faculty of Law of Guinea-Bissau",
                "university_name": "Faculdade de Direito da Guin\u00e9-Bissau \u2013 Faculdade de Direito de Bissau (FDB)"
            },
            "InstitutionFunding": "Public",
            "History": "Founded 1990. An autonomous Faculty under administrative authority of Universidade Lus\u00f3fona da Guin\u00e9 (ULG).",
            "AcademicYear": "N/A",
            "AdmissionRequirements": [],
            "Languages": [
                "Portuguese"
            ],
            "StudentBody": "N/A"
        },
        "Divisions": [
            {
                "College": "Law",
                "FieldsOfStudy": [
                    "Law"
                ],
                "Details": "N/A"
            }
        ],
        "Degrees": {
            "Undergraduate": {
                "CertificateOrDiploma": [],
                "Bachelor'sDegree": []
            },
            "Postgraduate": {
                "PostBachelor'sDiplomaOrCertificate": [],
                "Master'sDegree": [],
                "Doctor'sDegrees": [],
                "ResearchScholarship": [],
                "EducationSpecialistDegree": []
            }
        }
    },
    {
        "GeneralInformation": {
            "Address": {
                "Street": "Rua Victorino Costa (Ex-Lamine Injai)",
                "City": "Bissau",
                "Province": "N/A",
                "PostCode": "N/A",
                "Website": "http://guine-bissau.unipiaget.org",
                "college_name": "Jean Piaget University of Guinea-Bissau",
                "university_name": "Universidade Jean Piaget da Guin\u00e9-Bissau \u2013 UniPiaget Guin\u00e9-Bissau"
            },
            "InstitutionFunding": "Private",
            "History": "Founded 2010.",
            "AcademicYear": "N/A",
            "AdmissionRequirements": [],
            "Languages": [
                "Portuguese"
            ],
            "StudentBody": "N/A"
        },
        "Divisions": [
            {
                "College": "Economics and Business",
                "FieldsOfStudy": [
                    "Administration",
                    "Economics",
                    "Management",
                    "Public Administration"
                ],
                "Details": "N/A"
            },
            {
                "College": "Health Sciences",
                "FieldsOfStudy": [
                    "Health Sciences",
                    "Medicine",
                    "Nursing",
                    "Pharmacy",
                    "Physical Therapy"
                ],
                "Details": "N/A"
            },
            {
                "College": "Political Science of Education",
                "FieldsOfStudy": [
                    "Education",
                    "Educational Sciences",
                    "International Relations and Diplomacy",
                    "Law"
                ],
                "Details": "N/A"
            },
            {
                "College": "Sciences and Technologies",
                "FieldsOfStudy": [
                    "Architecture",
                    "Business Computing",
                    "Civil Engineering",
                    "Computer Engineering",
                    "Geology",
                    "Mining Engineering"
                ],
                "Details": "N/A"
            }
        ],
        "Degrees": {
            "Undergraduate": {
                "CertificateOrDiploma": [],
                "Bachelor'sDegree": []
            },
            "Postgraduate": {
                "PostBachelor'sDiplomaOrCertificate": [],
                "Master'sDegree": [],
                "Doctor'sDegrees": [],
                "ResearchScholarship": [],
                "EducationSpecialistDegree": []
            }
        }
    },
    {
        "GeneralInformation": {
            "Address": {
                "Street": "Caixia postal 659\nBairro D\u2019 Ajuda (2\u00aa Fase)\nRua Vitorino Costa, n\u00ba 1 (Junto \u00e0 Amura)",
                "City": "Bissau",
                "Province": "N/A",
                "PostCode": "N/A",
                "Website": "http://ulg.grupolusofona.pt",
                "college_name": "Lusophone University of Guinea",
                "university_name": "Universidade Lus\u00f3fona da Guin\u00e9 \u2013 Universidade Amilcar Cabral (ULG)"
            },
            "InstitutionFunding": "Public",
            "History": "Founded 1999 as Universidade Amilcar Cabral, placed under the administration of the Universidade Lus\u00f3fona de Humanidades e Tecnologias (Lisboa, Portugal) and changed into a private institution 2008 (until 2011) and ceased activities until 2013, following restructurations initiated 2010",
            "AcademicYear": "October to June",
            "AdmissionRequirements": [],
            "Languages": [
                "Portuguese"
            ],
            "StudentBody": "co-ed"
        },
        "Divisions": [
            {
                "College": "Business Administration and Management",
                "FieldsOfStudy": [
                    "Business Administration",
                    "Management"
                ],
                "Details": "N/A"
            },
            {
                "College": "Computer Engineering",
                "FieldsOfStudy": [
                    "Computer Engineering"
                ],
                "Details": "N/A"
            },
            {
                "College": "Economics",
                "FieldsOfStudy": [
                    "Economics"
                ],
                "Details": "N/A"
            },
            {
                "College": "Educational Sciences",
                "FieldsOfStudy": [
                    "Educational Sciences"
                ],
                "Details": "N/A"
            },
            {
                "College": "Human Resource Management",
                "FieldsOfStudy": [
                    "Human Resources"
                ],
                "Details": "N/A"
            },
            {
                "College": "Law",
                "FieldsOfStudy": [
                    "Law"
                ],
                "Details": "N/A"
            },
            {
                "College": "Marine and Environmental Sciences",
                "FieldsOfStudy": [
                    "Environmental Studies",
                    "Marine Science and Oceanography"
                ],
                "Details": "N/A"
            },
            {
                "College": "Nursing",
                "FieldsOfStudy": [
                    "Nursing"
                ],
                "Details": "N/A"
            },
            {
                "College": "Organizational Communication and Journalism",
                "FieldsOfStudy": [
                    "Communication Studies",
                    "Journalism"
                ],
                "Details": "N/A"
            },
            {
                "College": "Political Science and International Relations",
                "FieldsOfStudy": [
                    "International Relations and Diplomacy",
                    "Political Sciences"
                ],
                "Details": "N/A"
            },
            {
                "College": "Social Work",
                "FieldsOfStudy": [
                    "Social Work"
                ],
                "Details": "N/A"
            },
            {
                "College": "Sociology",
                "FieldsOfStudy": [
                    "Sociology"
                ],
                "Details": "N/A"
            }
        ],
        "Degrees": {
            "Undergraduate": {
                "CertificateOrDiploma": [],
                "Bachelor'sDegree": []
            },
            "Postgraduate": {
                "PostBachelor'sDiplomaOrCertificate": [],
                "Master'sDegree": [],
                "Doctor'sDegrees": [],
                "ResearchScholarship": [],
                "EducationSpecialistDegree": []
            }
        }
    },
    {
        "GeneralInformation": {
            "Address": {
                "Street": "Zona Industrial de Br\u00e1",
                "City": "Bilau",
                "Province": "N/A",
                "PostCode": "N/A",
                "Website": "N/A",
                "college_name": "National School of Administration",
                "university_name": "Escola Nacional de Administra\u00e7\u00e3o (ENA-Bissau)"
            },
            "InstitutionFunding": "Public",
            "History": "Founded 1982 as Centro de Forma\u00e7\u00e3o Administrativa, acquired current title and status 2010.",
            "AcademicYear": "N/A",
            "AdmissionRequirements": [],
            "Languages": [
                "Portuguese"
            ],
            "StudentBody": "N/A"
        },
        "Divisions": [
            {
                "College": "Business and Organisational Management",
                "FieldsOfStudy": [
                    "Accountancy",
                    "Administration",
                    "Business Administration",
                    "Economics",
                    "Finance",
                    "Human Resources",
                    "Management",
                    "Statistics"
                ],
                "Details": "N/A"
            },
            {
                "College": "Justice Administration",
                "FieldsOfStudy": [
                    "Accountancy",
                    "Justice Administration",
                    "Law"
                ],
                "Details": "N/A"
            },
            {
                "College": "Public Administration",
                "FieldsOfStudy": [
                    "Administration",
                    "Finance",
                    "Public Administration",
                    "Taxation"
                ],
                "Details": "N/A"
            }
        ],
        "Degrees": {
            "Undergraduate": {
                "CertificateOrDiploma": [],
                "Bachelor'sDegree": []
            },
            "Postgraduate": {
                "PostBachelor'sDiplomaOrCertificate": [],
                "Master'sDegree": [],
                "Doctor'sDegrees": [],
                "ResearchScholarship": [],
                "EducationSpecialistDegree": []
            }
        }
    },
    {
        "GeneralInformation": {
            "Address": {
                "Street": "N/A",
                "City": "Bissau",
                "Province": "N/A",
                "PostCode": "N/A",
                "Website": "N/A",
                "college_name": "Ra\u00fal Diaz Arguelles Faculty of Medicine - National School of Health",
                "university_name": "Faculdade de Medicina Ra\u00fal Diaz Arguelles - Escola Nacional de Sa\u00fade \u2013 Faculdade de Medicina da Guin\u00e9 Bissau"
            },
            "InstitutionFunding": "Public",
            "History": "Founded 1986. Closed down during academic year 1998/1999 until 2006, when reopened as autonomous Faculty under the administrative authority of Universidade Lus\u00f3fona da Guin\u00e9 (ULG).",
            "AcademicYear": "N/A",
            "AdmissionRequirements": [],
            "Languages": [
                "Portuguese"
            ],
            "StudentBody": "N/A"
        },
        "Divisions": [
            {
                "College": "Health Sciences",
                "FieldsOfStudy": [
                    "Community Health",
                    "Health Sciences",
                    "Medical Auxiliaries",
                    "Midwifery",
                    "Nursing"
                ],
                "Details": "N/A"
            },
            {
                "College": "Medicine",
                "FieldsOfStudy": [
                    "Medicine"
                ],
                "Details": "N/A"
            }
        ],
        "Degrees": {
            "Undergraduate": {
                "CertificateOrDiploma": [],
                "Bachelor'sDegree": []
            },
            "Postgraduate": {
                "PostBachelor'sDiplomaOrCertificate": [],
                "Master'sDegree": [],
                "Doctor'sDegrees": [],
                "ResearchScholarship": [],
                "EducationSpecialistDegree": []
            }
        }
    },
    {
        "GeneralInformation": {
            "Address": {
                "Street": "N/A",
                "City": "Bissau",
                "Province": "N/A",
                "PostCode": "N/A",
                "Website": "N/A",
                "college_name": "School of Education",
                "university_name": "Escola Superior de Educa\u00e7\u00e3o \u2013 Escola Normal Superior Tchico T\u00e9"
            },
            "InstitutionFunding": "Public",
            "History": "Founded 1979.",
            "AcademicYear": "N/A",
            "AdmissionRequirements": [],
            "Languages": [
                "Portuguese"
            ],
            "StudentBody": "N/A"
        },
        "Divisions": [
            {
                "College": "Teacher Training",
                "FieldsOfStudy": [
                    "Primary Education",
                    "Secondary Education",
                    "Teacher Training"
                ],
                "Details": "N/A"
            },
            {
                "College": "Cam\u00f5es Institute",
                "FieldsOfStudy": [
                    "Native Language Education",
                    "Portuguese"
                ],
                "Details": "N/A"
            }
        ],
        "Degrees": {
            "Undergraduate": {
                "CertificateOrDiploma": [],
                "Bachelor'sDegree": []
            },
            "Postgraduate": {
                "PostBachelor'sDiplomaOrCertificate": [],
                "Master'sDegree": [],
                "Doctor'sDegrees": [],
                "ResearchScholarship": [],
                "EducationSpecialistDegree": []
            }
        }
    }
]