[
    {
        "GeneralInformation": {
            "Address": {
                "Street": "Rua da Caixa\nQuinta de Santo Ant\u00f3nio",
                "City": "S\u00e3o Tom\u00e9",
                "Province": "\u00c1gua Grande",
                "PostCode": "N/A",
                "Website": "https://ustp.st",
                "college_name": "University of S\u00e3o Tom\u00e9 and Pr\u00edncipe",
                "university_name": "Universidade de S\u00e3o Tom\u00e9 e Pr\u00edncipe (USTP)"
            },
            "InstitutionFunding": "Public",
            "History": "Founded as 'Higher Polytechnic Institute of S\u00e3o Tom\u00e9 and Pr\u00edncipe' (ISPSTP) in 1996, acquired present title and status 2014.",
            "AcademicYear": "N/A",
            "AdmissionRequirements": [],
            "Languages": [
                "Portuguese"
            ],
            "StudentBody": "co-ed"
        },
        "Divisions": [
            {
                "College": "Arts and Culture",
                "FieldsOfStudy": [
                    "Performing Arts",
                    "Visual Arts"
                ],
                "Details": "N/A"
            },
            {
                "College": "Auxiliary Health Sciences",
                "FieldsOfStudy": [
                    "Medical Technology",
                    "Physical Therapy",
                    "Radiology"
                ],
                "Details": "N/A"
            },
            {
                "College": "Communication Sciences",
                "FieldsOfStudy": [
                    "Communication Arts",
                    "Journalism",
                    "Marketing"
                ],
                "Details": "N/A"
            },
            {
                "College": "Economics and Finance",
                "FieldsOfStudy": [
                    "Accountancy",
                    "Banking",
                    "E-Business/Commerce",
                    "Economics",
                    "Finance"
                ],
                "Details": "N/A"
            },
            {
                "College": "Education",
                "FieldsOfStudy": [
                    "Education",
                    "Educational Sciences",
                    "Foreign Languages Education",
                    "Mathematics Education",
                    "Preschool Education",
                    "Primary Education",
                    "Science Education"
                ],
                "Details": "N/A"
            },
            {
                "College": "Engineering and Computing",
                "FieldsOfStudy": [
                    "Computer Engineering",
                    "Electrical Engineering",
                    "Energy Engineering",
                    "Information Technology"
                ],
                "Details": "N/A"
            },
            {
                "College": "Management",
                "FieldsOfStudy": [
                    "Art Management",
                    "Health Administration",
                    "Hotel Management",
                    "Human Resources",
                    "Management",
                    "Tourism"
                ],
                "Details": "N/A"
            },
            {
                "College": "Marine, Environmental and Territorial Sciences",
                "FieldsOfStudy": [
                    "Coastal Studies",
                    "Marine Science and Oceanography",
                    "Regional Planning"
                ],
                "Details": "N/A"
            },
            {
                "College": "Medical and Nursing Sciences",
                "FieldsOfStudy": [
                    "Biomedicine",
                    "Dental Hygiene",
                    "Epidemiology",
                    "Nursing",
                    "Public Health"
                ],
                "Details": "N/A"
            },
            {
                "College": "Modern Languages",
                "FieldsOfStudy": [
                    "English",
                    "French",
                    "German",
                    "Portuguese"
                ],
                "Details": "N/A"
            },
            {
                "College": "Natural Sciences",
                "FieldsOfStudy": [
                    "Agricultural Business",
                    "Agriculture",
                    "Agronomy",
                    "Biology",
                    "Marine Biology",
                    "Natural Resources"
                ],
                "Details": "N/A"
            },
            {
                "College": "Pure Sciences",
                "FieldsOfStudy": [
                    "Applied Mathematics",
                    "Biochemistry",
                    "Chemistry",
                    "Mathematics",
                    "Physics",
                    "Statistics"
                ],
                "Details": "N/A"
            },
            {
                "College": "Social, Legal and Political Sciences",
                "FieldsOfStudy": [
                    "History",
                    "Law",
                    "Political Sciences",
                    "Psychology",
                    "Public Administration",
                    "Sociology"
                ],
                "Details": "N/A"
            }
        ],
        "Degrees": {
            "Undergraduate": {
                "CertificateOrDiploma": [],
                "Bachelor'sDegree": []
            },
            "Postgraduate": {
                "PostBachelor'sDiplomaOrCertificate": [],
                "Master'sDegree": [],
                "Doctor'sDegrees": [],
                "ResearchScholarship": [],
                "EducationSpecialistDegree": []
            }
        }
    }
]