[
    {
        "GeneralInformation": {
            "Address": {
                "Street": "Corso Garibaldi, 116",
                "City": "Milano",
                "Province": "N/A",
                "PostCode": "20121",
                "Website": "http://www.unipiams.org",
                "college_name": "Pontifical Ambrosian Institute of Sacred Music",
                "university_name": "Pontificio Istituto Ambrosiano di Musica Sacra (PIAMS)"
            },
            "InstitutionFunding": "Private",
            "History": "Founded 1931 by cardinal A.I. Schuster, Archbishop of Milan. Earned current status in 1940",
            "AcademicYear": "October to July (October - February; February - July)",
            "AdmissionRequirements": [
                "Secondary school certificate acceptable for University admission in the country of award"
            ],
            "Languages": [
                "Italian"
            ],
            "StudentBody": "N/A"
        },
        "Divisions": [
            {
                "College": "Sacred Music",
                "FieldsOfStudy": [
                    "Religious Music"
                ],
                "Details": "N/A"
            }
        ],
        "Degrees": {
            "Undergraduate": {
                "CertificateOrDiploma": [],
                "Bachelor'sDegree": []
            },
            "Postgraduate": {
                "PostBachelor'sDiplomaOrCertificate": [],
                "Master'sDegree": [],
                "Doctor'sDegrees": [
                    "Conducting",
                    "Musical Instruments",
                    "Religious Music",
                    "Singing"
                ],
                "ResearchScholarship": [],
                "EducationSpecialistDegree": []
            }
        }
    },
    {
        "GeneralInformation": {
            "Address": {
                "Street": "Via Merulana, 124",
                "City": "Roma",
                "Province": "N/A",
                "PostCode": "00185",
                "Website": "http://www.antonianum.eu",
                "college_name": "Pontifical Antonianum University",
                "university_name": "Pontificia Universit\u00e0 Antonianum (UPS)"
            },
            "InstitutionFunding": "Private",
            "History": "Founded in 1887 and began academic activity in 1890. Acquired present status as pontifical university in 2005",
            "AcademicYear": "N/A",
            "AdmissionRequirements": [
                "Secondary school certificate acceptable for University admission in the country of award"
            ],
            "Languages": [
                "Italian"
            ],
            "StudentBody": "N/A"
        },
        "Divisions": [
            {
                "College": "Biblical Studies and Archaeology",
                "FieldsOfStudy": [
                    "Archaeology",
                    "History of Religion"
                ],
                "Details": "N/A"
            },
            {
                "College": "Faculty of Canon Law",
                "FieldsOfStudy": [
                    "Canon Law"
                ],
                "Details": "N/A"
            },
            {
                "College": "Philosophy",
                "FieldsOfStudy": [
                    "Philosophy"
                ],
                "Details": "N/A"
            },
            {
                "College": "Theology",
                "FieldsOfStudy": [
                    "Theology"
                ],
                "Details": "N/A"
            },
            {
                "College": "Ecumenical Studies",
                "FieldsOfStudy": [
                    "Christian Religious Studies"
                ],
                "Details": "San Bernardino di Venezia"
            },
            {
                "College": "Religious Sciences",
                "FieldsOfStudy": [
                    "Religious Studies"
                ],
                "Details": "N/A"
            },
            {
                "College": "Spirituality",
                "FieldsOfStudy": [
                    "Religious Studies"
                ],
                "Details": "Franciscan"
            },
            {
                "College": "Medieval and Franciscan Studies",
                "FieldsOfStudy": [
                    "Christian Religious Studies",
                    "Medieval Studies"
                ],
                "Details": "N/A"
            }
        ],
        "Degrees": {
            "Undergraduate": {
                "CertificateOrDiploma": [],
                "Bachelor'sDegree": []
            },
            "Postgraduate": {
                "PostBachelor'sDiplomaOrCertificate": [],
                "Master'sDegree": [],
                "Doctor'sDegrees": [
                    "Communication Studies",
                    "Education",
                    "Philosophy",
                    "Psychology",
                    "Theology",
                    "Welfare and Protective Services"
                ],
                "ResearchScholarship": [],
                "EducationSpecialistDegree": []
            }
        }
    },
    {
        "GeneralInformation": {
            "Address": {
                "Street": "Via Cremolino, 141",
                "City": "Roma",
                "Province": "N/A",
                "PostCode": "00166",
                "Website": "http://www.pfse-auxilium.org",
                "college_name": "Pontifical Faculty of Educational Sciences \"Auxilium\"",
                "university_name": "Pontificia Facolt\u00e0 di Scienze dell'Educazione \"Auxilium\""
            },
            "InstitutionFunding": "Private",
            "History": "Founded 1954 in Turin (Italy) as the International Higher Institute of Pedagogy and Religious studies in Turin. Was incorporated into the Higher Institute of Pedagogy at the Salesian Pontifical University in Rome in 1966. Acquired present status in 1970",
            "AcademicYear": "October to September",
            "AdmissionRequirements": [
                "Secondary school certificate acceptable for University admission in the country of award"
            ],
            "Languages": [
                "Italian"
            ],
            "StudentBody": "co-ed"
        },
        "Divisions": [
            {
                "College": "Center for Studies on Salesian Sisters",
                "FieldsOfStudy": [
                    "Religious Studies"
                ],
                "Details": "N/A"
            },
            {
                "College": "Catechetical Methodology",
                "FieldsOfStudy": [
                    "Christian Religious Studies"
                ],
                "Details": "N/A"
            },
            {
                "College": "Educational Methodology",
                "FieldsOfStudy": [
                    "Pedagogy"
                ],
                "Details": "N/A"
            },
            {
                "College": "Psychological Research in Education",
                "FieldsOfStudy": [
                    "Educational Psychology"
                ],
                "Details": "N/A"
            },
            {
                "College": "Sociological Research in Education",
                "FieldsOfStudy": [
                    "Education",
                    "Sociology"
                ],
                "Details": "N/A"
            }
        ],
        "Degrees": {
            "Undergraduate": {
                "CertificateOrDiploma": [],
                "Bachelor'sDegree": []
            },
            "Postgraduate": {
                "PostBachelor'sDiplomaOrCertificate": [],
                "Master'sDegree": [],
                "Doctor'sDegrees": [
                    "Arts and Humanities"
                ],
                "ResearchScholarship": [],
                "EducationSpecialistDegree": []
            }
        }
    },
    {
        "GeneralInformation": {
            "Address": {
                "Street": "Piazza della Pilotta 4",
                "City": "Roma",
                "Province": "N/A",
                "PostCode": "00187",
                "Website": "https://www.unigre.it",
                "college_name": "Pontifical Gregorian University",
                "university_name": "Pontificia Universit\u00e0 Gregoriana (PUG)"
            },
            "InstitutionFunding": "Public",
            "History": "Founded 1551 as 'Collegium Romanum' by Ignatius of Loyola and Francis Borgia. Constituted as University by Pope Julius III, 1553. The Institution developed considerably under Pope Gregory XIII, who is considered to be 'founder and father' of the University which now bears his name. Depends directly on the Holy See and administration is entrusted to the Society of Jesus. The Grand Chancellor is the Cardinal Prefect of the Congregation of Studies and the Vice-Grand Chancellor the Superior-General of the Society of Jesus. Juridical recognition is granted to the University by the government of Italy. Incorporated the Pontificio Istituto Biblico and Pontificio Istituto Orientale March 2024",
            "AcademicYear": "October to May (October-January; February-May)",
            "AdmissionRequirements": [
                "Completed classical secondary education and, where necessary, additional preparatory studies to meet Faculty requirements"
            ],
            "Languages": [
                "Italian",
                "English",
                "French",
                "German",
                "Spanish"
            ],
            "StudentBody": "N/A"
        },
        "Divisions": [
            {
                "College": "Cardinal Bae Center for Judaic Studies",
                "FieldsOfStudy": [
                    "Christian Religious Studies",
                    "Comparative Religion",
                    "History of Religion",
                    "Judaic Religious Studies"
                ],
                "Details": "N/A"
            },
            {
                "College": "Center for Child Protection",
                "FieldsOfStudy": [
                    "Welfare and Protective Services"
                ],
                "Details": "N/A"
            },
            {
                "College": "Center for Formators to the Priesthood and Religious Life",
                "FieldsOfStudy": [
                    "Religious Practice"
                ],
                "Details": "N/A"
            },
            {
                "College": "Faith and Culture",
                "FieldsOfStudy": [
                    "Religious Studies",
                    "Theology"
                ],
                "Details": "N/A"
            },
            {
                "College": "Gregorian Center for Interreligious Studies",
                "FieldsOfStudy": [
                    "Comparative Religion"
                ],
                "Details": "N/A"
            },
            {
                "College": "Canon Law",
                "FieldsOfStudy": [
                    "Canon Law"
                ],
                "Details": "N/A"
            },
            {
                "College": "History and Cultural Heritage of the Church",
                "FieldsOfStudy": [
                    "Art History",
                    "Heritage Preservation",
                    "Museum Studies",
                    "Religious Studies"
                ],
                "Details": "N/A"
            },
            {
                "College": "Missiology",
                "FieldsOfStudy": [
                    "Pastoral Studies"
                ],
                "Details": "N/A"
            },
            {
                "College": "Philosophy",
                "FieldsOfStudy": [
                    "Philosophy"
                ],
                "Details": "N/A"
            },
            {
                "College": "Social Sciences",
                "FieldsOfStudy": [
                    "Anthropology",
                    "Economics",
                    "Journalism",
                    "Media Studies",
                    "Political Sciences",
                    "Social Sciences",
                    "Sociology"
                ],
                "Details": "N/A"
            },
            {
                "College": "Theology",
                "FieldsOfStudy": [
                    "Theology"
                ],
                "Details": "N/A"
            },
            {
                "College": "Psychology",
                "FieldsOfStudy": [
                    "Psychology"
                ],
                "Details": "N/A"
            },
            {
                "College": "Spirituality",
                "FieldsOfStudy": [
                    "Theology"
                ],
                "Details": "N/A"
            }
        ],
        "Degrees": {
            "Undergraduate": {
                "CertificateOrDiploma": [],
                "Bachelor'sDegree": []
            },
            "Postgraduate": {
                "PostBachelor'sDiplomaOrCertificate": [],
                "Master'sDegree": [],
                "Doctor'sDegrees": [
                    "Canon Law",
                    "Christian Religious Studies",
                    "Missionary Studies",
                    "Philosophy",
                    "Psychology",
                    "Social Sciences",
                    "Theology"
                ],
                "ResearchScholarship": [],
                "EducationSpecialistDegree": []
            }
        }
    },
    {
        "GeneralInformation": {
            "Address": {
                "Street": "Via della Pilotta, 35",
                "City": "Roma",
                "Province": "N/A",
                "PostCode": "00187",
                "Website": "https://www.biblico.it",
                "college_name": "Pontifical Gregorian University \u2013 Pontifical Biblical Institute",
                "university_name": "Pontificia Universit\u00e0 Gregoriana \u2013 Pontificio Istituto Biblico (PIB)"
            },
            "InstitutionFunding": "Private",
            "History": "Founded in 1909 by Pope Pius X. Orientalistic faculty erected in 1932 with privilege to confer licentiate and doctorate degrees. Acquired present status in 1985. Incorporated to the Pontificia Universit\u00e0 Gregoriana March 2024",
            "AcademicYear": "October to June (October - February; February - June)",
            "AdmissionRequirements": [
                "Secondary school certificate acceptable for University admission in the country of award"
            ],
            "Languages": [
                "Italian"
            ],
            "StudentBody": "N/A"
        },
        "Divisions": [
            {
                "College": "Biblical Studies",
                "FieldsOfStudy": [
                    "Archaeology",
                    "Bible",
                    "Geography",
                    "Greek",
                    "Hebrew",
                    "Latin",
                    "Philology"
                ],
                "Details": "N/A"
            },
            {
                "College": "Oriental Studies",
                "FieldsOfStudy": [
                    "Ancient Civilizations",
                    "History",
                    "Middle Eastern Studies",
                    "Philology",
                    "Religion"
                ],
                "Details": "N/A"
            }
        ],
        "Degrees": {
            "Undergraduate": {
                "CertificateOrDiploma": [],
                "Bachelor'sDegree": []
            },
            "Postgraduate": {
                "PostBachelor'sDiplomaOrCertificate": [],
                "Master'sDegree": [],
                "Doctor'sDegrees": [
                    "Ancient Civilizations",
                    "Bible"
                ],
                "ResearchScholarship": [],
                "EducationSpecialistDegree": []
            }
        }
    },
    {
        "GeneralInformation": {
            "Address": {
                "Street": "Piazza di Santa Maria Maggiore, 7",
                "City": "Roma",
                "Province": "N/A",
                "PostCode": "00185",
                "Website": "https://orientale.it",
                "college_name": "Pontifical Gregorian University \u2013 Oriental Pontifical Institute",
                "university_name": "Pontificia Universit\u00e0 Gregoriana \u2013 Pontificio Istituto Orientale (PIO)"
            },
            "InstitutionFunding": "Private",
            "History": "Founded in 1917 following the establishment of the Congregation for the Eastern Churches. Incorporated to the Pontificia Universit\u00e0 Gregoriana (IAU-013676) March 2024",
            "AcademicYear": "October to June (October - February; February - June)",
            "AdmissionRequirements": [
                "Completed classical secondary education and, where necessary, additional preparatory studies to meet Faculty requirements"
            ],
            "Languages": [
                "Italian",
                "Greek"
            ],
            "StudentBody": "N/A"
        },
        "Divisions": [
            {
                "College": "Canon Law",
                "FieldsOfStudy": [
                    "Canon Law"
                ],
                "Details": "N/A"
            },
            {
                "College": "Ecclesiastical Sciences",
                "FieldsOfStudy": [
                    "History",
                    "Religious Studies",
                    "Theology"
                ],
                "Details": "N/A"
            }
        ],
        "Degrees": {
            "Undergraduate": {
                "CertificateOrDiploma": [],
                "Bachelor'sDegree": []
            },
            "Postgraduate": {
                "PostBachelor'sDiplomaOrCertificate": [],
                "Master'sDegree": [],
                "Doctor'sDegrees": [
                    "Canon Law",
                    "Religious Studies"
                ],
                "ResearchScholarship": [],
                "EducationSpecialistDegree": []
            }
        }
    },
    {
        "GeneralInformation": {
            "Address": {
                "Street": "Piazza San Giovanni in Laterano, 4",
                "City": "Citt\u00e0 del Vaticano",
                "Province": "N/A",
                "PostCode": "00120",
                "Website": "http://www.istitutogp2.it",
                "college_name": "Pontifical Institute John Paul II",
                "university_name": "Pontificio Istituto Giovanni Paolo II"
            },
            "InstitutionFunding": "Private",
            "History": "Founded in Motu Proprio in 2017. Earned approval from the Congregation for Catholic Education in 2019",
            "AcademicYear": "October to June (October - January; February - June)",
            "AdmissionRequirements": [
                "Secondary school certificate acceptable for University admission in the country of award"
            ],
            "Languages": [
                "Italian"
            ],
            "StudentBody": "N/A"
        },
        "Divisions": [
            {
                "College": "Marriage and Family Studies",
                "FieldsOfStudy": [
                    "Family Studies"
                ],
                "Details": "N/A"
            }
        ],
        "Degrees": {
            "Undergraduate": {
                "CertificateOrDiploma": [],
                "Bachelor'sDegree": []
            },
            "Postgraduate": {
                "PostBachelor'sDiplomaOrCertificate": [],
                "Master'sDegree": [],
                "Doctor'sDegrees": [
                    "Family Studies",
                    "Theology"
                ],
                "ResearchScholarship": [],
                "EducationSpecialistDegree": []
            }
        }
    },
    {
        "GeneralInformation": {
            "Address": {
                "Street": "Viale di Trastevere 89",
                "City": "Roma",
                "Province": "N/A",
                "PostCode": "00153",
                "Website": "http://www.pisai.it",
                "college_name": "Pontifical Institute of Arab and Islamic Studies",
                "university_name": "Pontificio Istituto di Studi Arabi e d\u2019Islamistica (PISAI)"
            },
            "InstitutionFunding": "Private",
            "History": "Founded 1926 in Tunis. Moved to Rome 1964. Acquired present title and status 1979",
            "AcademicYear": "N/A",
            "AdmissionRequirements": [
                "Secondary school certificate acceptable for University admission in the country of award"
            ],
            "Languages": [
                "Italian",
                "English",
                "Arabic"
            ],
            "StudentBody": "N/A"
        },
        "Divisions": [
            {
                "College": "Arabic and Islamic Studies",
                "FieldsOfStudy": [
                    "Arabic",
                    "Islamic Studies"
                ],
                "Details": "N/A"
            }
        ],
        "Degrees": {
            "Undergraduate": {
                "CertificateOrDiploma": [],
                "Bachelor'sDegree": []
            },
            "Postgraduate": {
                "PostBachelor'sDiplomaOrCertificate": [],
                "Master'sDegree": [],
                "Doctor'sDegrees": [
                    "Islamic Studies"
                ],
                "ResearchScholarship": [],
                "EducationSpecialistDegree": []
            }
        }
    },
    {
        "GeneralInformation": {
            "Address": {
                "Street": "Via Napoleone III,1",
                "City": "Roma",
                "Province": "N/A",
                "PostCode": "00185",
                "Website": "http://www.piac.it",
                "college_name": "Pontifical Institute of Christian Archaeology",
                "university_name": "Pontificio Istituto di Archeologia Cristiana (PIAC)"
            },
            "InstitutionFunding": "Private",
            "History": "Founded 1925 by a Motu Propio of Pope Pius XI as a research centre",
            "AcademicYear": "November to June",
            "AdmissionRequirements": [
                "Secondary school certificate acceptable for University admission in the country of award"
            ],
            "Languages": [
                "Italian"
            ],
            "StudentBody": "co-ed"
        },
        "Divisions": [
            {
                "College": "Archaeology",
                "FieldsOfStudy": [
                    "Ancient Civilizations",
                    "Archaeology",
                    "Architecture",
                    "Art Education"
                ],
                "Details": "N/A"
            }
        ],
        "Degrees": {
            "Undergraduate": {
                "CertificateOrDiploma": [],
                "Bachelor'sDegree": []
            },
            "Postgraduate": {
                "PostBachelor'sDiplomaOrCertificate": [],
                "Master'sDegree": [],
                "Doctor'sDegrees": [
                    "Ancient Civilizations",
                    "Archaeology"
                ],
                "ResearchScholarship": [],
                "EducationSpecialistDegree": []
            }
        }
    },
    {
        "GeneralInformation": {
            "Address": {
                "Street": "Via di Torre Rossa, 21",
                "City": "Roma",
                "Province": "N/A",
                "PostCode": "00165",
                "Website": "http://www.musicasacra.va",
                "college_name": "Pontifical Institute of Sacred Music",
                "university_name": "Pontificio Istituto di Musica Sacra (PIMS)"
            },
            "InstitutionFunding": "Private",
            "History": "Founded 1910 as Scuola Superiore di Musica Sacra. Earned Pontifical title and faculty to confer academic degrees in 1914. Acquired present status 1931",
            "AcademicYear": "September - June (September - February; February - June)",
            "AdmissionRequirements": [
                "Entrance exam required for admission to Baccalaureate program"
            ],
            "Languages": [
                "Italian"
            ],
            "StudentBody": "N/A"
        },
        "Divisions": [
            {
                "College": "Sacred Music",
                "FieldsOfStudy": [
                    "Music Theory and Composition",
                    "Musical Instruments",
                    "Musicology",
                    "Religious Music",
                    "Singing"
                ],
                "Details": "N/A"
            }
        ],
        "Degrees": {
            "Undergraduate": {
                "CertificateOrDiploma": [],
                "Bachelor'sDegree": []
            },
            "Postgraduate": {
                "PostBachelor'sDiplomaOrCertificate": [],
                "Master'sDegree": [],
                "Doctor'sDegrees": [
                    "Religious Music"
                ],
                "ResearchScholarship": [],
                "EducationSpecialistDegree": []
            }
        }
    },
    {
        "GeneralInformation": {
            "Address": {
                "Street": "Piazza S. Giovanni in Laterano 4",
                "City": "Citt\u00e0 del Vaticano",
                "Province": "N/A",
                "PostCode": "00184",
                "Website": "http://www.pul.it",
                "college_name": "Pontifical Lateran University",
                "university_name": "Pontificia Universit\u00e0 Lateranense (PUL)"
            },
            "InstitutionFunding": "Public",
            "History": "Founded 1773 by Pope Clement XIV as \"Collegio Romano\". Moved to the Lateran hill 1937 and became Pontificio Ateneo Lateranense and Pontificia Universitas Lateranensis 1959. Directly dependent on the Holy See, legally established in the Vatican City State. Under the jurisdiction of the Congregation for Catholic Education",
            "AcademicYear": "October to June (October-January; February-June)",
            "AdmissionRequirements": [
                "Secondary school certificate or high school graduation certificate (level of study required for access to university in student's home country)"
            ],
            "Languages": [
                "Italian"
            ],
            "StudentBody": "N/A"
        },
        "Divisions": [
            {
                "College": "Advanced Studies",
                "FieldsOfStudy": [
                    "Classical Languages",
                    "Economics",
                    "Italian",
                    "Journalism",
                    "Law",
                    "Modern Languages"
                ],
                "Details": "Lateran"
            },
            {
                "College": "Canon Law",
                "FieldsOfStudy": [
                    "Canon Law"
                ],
                "Details": "N/A"
            },
            {
                "College": "Civil Law",
                "FieldsOfStudy": [
                    "Civil Law",
                    "Public Law"
                ],
                "Details": "N/A"
            },
            {
                "College": "Philosophy",
                "FieldsOfStudy": [
                    "Philosophy"
                ],
                "Details": "N/A"
            },
            {
                "College": "Theology",
                "FieldsOfStudy": [
                    "Theology"
                ],
                "Details": "N/A"
            },
            {
                "College": "Pastoral Studies",
                "FieldsOfStudy": [
                    "Catholic Theology",
                    "Pastoral Studies"
                ],
                "Details": "Redemptor Hominis"
            },
            {
                "College": "Utriusque Iuris",
                "FieldsOfStudy": [
                    "Canon Law",
                    "Comparative Law"
                ],
                "Details": "N/A"
            }
        ],
        "Degrees": {
            "Undergraduate": {
                "CertificateOrDiploma": [],
                "Bachelor'sDegree": []
            },
            "Postgraduate": {
                "PostBachelor'sDiplomaOrCertificate": [],
                "Master'sDegree": [],
                "Doctor'sDegrees": [
                    "Canon Law",
                    "Civil Law",
                    "Modern Languages",
                    "Philosophy",
                    "Theology"
                ],
                "ResearchScholarship": [],
                "EducationSpecialistDegree": []
            }
        }
    },
    {
        "GeneralInformation": {
            "Address": {
                "Street": "Via Enrico Sanjust 13",
                "City": "Cagliari",
                "Province": "N/A",
                "PostCode": "09129",
                "Website": "http://www.pfts.it",
                "college_name": "Pontifical Theological Faculty of Sardinia",
                "university_name": "Pontificia Facolt\u00e0 Teologica della Sardegna"
            },
            "InstitutionFunding": "Private",
            "History": "Founded 1927",
            "AcademicYear": "N/A",
            "AdmissionRequirements": [],
            "Languages": [
                "Italian"
            ],
            "StudentBody": "N/A"
        },
        "Divisions": [
            {
                "College": "Theology",
                "FieldsOfStudy": [
                    "Catholic Theology",
                    "Pastoral Studies",
                    "Philosophy"
                ],
                "Details": "N/A"
            }
        ],
        "Degrees": {
            "Undergraduate": {
                "CertificateOrDiploma": [],
                "Bachelor'sDegree": []
            },
            "Postgraduate": {
                "PostBachelor'sDiplomaOrCertificate": [],
                "Master'sDegree": [],
                "Doctor'sDegrees": [
                    "Catholic Theology"
                ],
                "ResearchScholarship": [],
                "EducationSpecialistDegree": []
            }
        }
    },
    {
        "GeneralInformation": {
            "Address": {
                "Street": "Piazza dei Cavalieri di Malta, 5",
                "City": "Roma",
                "Province": "N/A",
                "PostCode": "00153",
                "Website": "http://www.santanselmo.org",
                "college_name": "Pontifical University of Sant'Anselmo",
                "university_name": "Pontificio Ateneo Sant'Anselmo"
            },
            "InstitutionFunding": "Private",
            "History": "Erected in 1687 and restored to present status in 1887. Faculty of canon law suspended in 1928",
            "AcademicYear": "N/A",
            "AdmissionRequirements": [
                "Secondary school certificate acceptable for University admission in the country of award"
            ],
            "Languages": [
                "Italian",
                "French",
                "German",
                "English"
            ],
            "StudentBody": "N/A"
        },
        "Divisions": [
            {
                "College": "Philosophy",
                "FieldsOfStudy": [
                    "Philosophy"
                ],
                "Details": "N/A"
            },
            {
                "College": "Theology",
                "FieldsOfStudy": [
                    "Theology"
                ],
                "Details": "N/A"
            },
            {
                "College": "Liturgical Studies",
                "FieldsOfStudy": [
                    "Religion"
                ],
                "Details": "N/A"
            },
            {
                "College": "Monastic Studies",
                "FieldsOfStudy": [
                    "History of Religion",
                    "Theology"
                ],
                "Details": "N/A"
            }
        ],
        "Degrees": {
            "Undergraduate": {
                "CertificateOrDiploma": [],
                "Bachelor'sDegree": []
            },
            "Postgraduate": {
                "PostBachelor'sDiplomaOrCertificate": [],
                "Master'sDegree": [],
                "Doctor'sDegrees": [
                    "Philosophy",
                    "Theology"
                ],
                "ResearchScholarship": [],
                "EducationSpecialistDegree": []
            }
        }
    },
    {
        "GeneralInformation": {
            "Address": {
                "Street": "Largo Angelicum 1",
                "City": "Roma",
                "Province": "N/A",
                "PostCode": "00184",
                "Website": "https://angelicum.it",
                "college_name": "Pontifical University of St. Thomas Aquinas",
                "university_name": "Pontificia Universit\u00e0 S. Tommaso d'Aquino Angelicum (PUST)"
            },
            "InstitutionFunding": "Private",
            "History": "Founded 1577 as College of St. Thomas for students of the Dominican Order. Faculty of Philosophy added 1882 by Apostolic Decree of Pope Leo XIII, Faculty of Canon Law added 1896. Became Pontifical University 1906. Acquired present title 1963",
            "AcademicYear": "October to June (October-February; February-June)",
            "AdmissionRequirements": [
                "Secondary school certificate acceptable for University admission in the country of award"
            ],
            "Languages": [
                "Italian",
                "English"
            ],
            "StudentBody": "N/A"
        },
        "Divisions": [
            {
                "College": "Canon Law",
                "FieldsOfStudy": [
                    "Canon Law"
                ],
                "Details": "N/A"
            },
            {
                "College": "Philosophy",
                "FieldsOfStudy": [
                    "Philosophy"
                ],
                "Details": "N/A"
            },
            {
                "College": "Social Sciences",
                "FieldsOfStudy": [
                    "Social Sciences"
                ],
                "Details": "N/A"
            },
            {
                "College": "Theology",
                "FieldsOfStudy": [
                    "Theology"
                ],
                "Details": "N/A"
            },
            {
                "College": "ISSR Master Ecclesiae",
                "FieldsOfStudy": [
                    "Philosophy",
                    "Religion",
                    "Theology"
                ],
                "Details": "N/A"
            }
        ],
        "Degrees": {
            "Undergraduate": {
                "CertificateOrDiploma": [],
                "Bachelor'sDegree": []
            },
            "Postgraduate": {
                "PostBachelor'sDiplomaOrCertificate": [],
                "Master'sDegree": [],
                "Doctor'sDegrees": [
                    "Canon Law",
                    "Philosophy",
                    "Social Sciences",
                    "Theology"
                ],
                "ResearchScholarship": [],
                "EducationSpecialistDegree": []
            }
        }
    },
    {
        "GeneralInformation": {
            "Address": {
                "Street": "Piazza S. Apollinare, 49",
                "City": "Roma",
                "Province": "N/A",
                "PostCode": "00186",
                "Website": "https://www.pusc.it",
                "college_name": "Pontifical University of the Holy Cross",
                "university_name": "Pontificia Universit\u00e0 della Santa Croce"
            },
            "InstitutionFunding": "Private",
            "History": "Established as the Roman Academic Center of the Holy Cross in 1984. Current title and approval earned by the Congregation for Catholic Education in 1998",
            "AcademicYear": "October to June (October - January; February - June)",
            "AdmissionRequirements": [
                "Secondary school certificate acceptable for University admission in the country of award"
            ],
            "Languages": [
                "Italian",
                "English"
            ],
            "StudentBody": "co-ed"
        },
        "Divisions": [
            {
                "College": "Center for Priestly Formation",
                "FieldsOfStudy": [
                    "Pastoral Studies"
                ],
                "Details": "N/A"
            },
            {
                "College": "Department of Languages",
                "FieldsOfStudy": [
                    "Classical Languages",
                    "Modern Languages"
                ],
                "Details": "N/A"
            },
            {
                "College": "Higher Institute of Religious Studies",
                "FieldsOfStudy": [
                    "Religious Studies"
                ],
                "Details": "all'Apollinare"
            },
            {
                "College": "Canon Law",
                "FieldsOfStudy": [
                    "Canon Law"
                ],
                "Details": "N/A"
            },
            {
                "College": "Church Communications",
                "FieldsOfStudy": [
                    "Communication Studies",
                    "Information Sciences"
                ],
                "Details": "N/A"
            },
            {
                "College": "Philosophy",
                "FieldsOfStudy": [
                    "Philosophy"
                ],
                "Details": "N/A"
            },
            {
                "College": "Theology",
                "FieldsOfStudy": [
                    "Theology"
                ],
                "Details": "N/A"
            }
        ],
        "Degrees": {
            "Undergraduate": {
                "CertificateOrDiploma": [],
                "Bachelor'sDegree": []
            },
            "Postgraduate": {
                "PostBachelor'sDiplomaOrCertificate": [],
                "Master'sDegree": [],
                "Doctor'sDegrees": [
                    "Canon Law",
                    "Communication Studies",
                    "Philosophy",
                    "Theology"
                ],
                "ResearchScholarship": [],
                "EducationSpecialistDegree": []
            }
        }
    },
    {
        "GeneralInformation": {
            "Address": {
                "Street": "Via degli Aldobrandeschi, 190",
                "City": "Roma",
                "Province": "N/A",
                "PostCode": "00163",
                "Website": "https://www.upra.org",
                "college_name": "Pontifical University Regina Apostolorum",
                "university_name": "Ateneo Pontificio Regina Apostolorum (UPRA)"
            },
            "InstitutionFunding": "Private",
            "History": "Established in 1993 by the Congregation for Catholic Education. Title granted by Pope John Paul II in 1998. Faculty of Bioethics approved in 2001. Acquired canonical status in 2004",
            "AcademicYear": "N/A",
            "AdmissionRequirements": [
                "Secondary school certificate acceptable for University admission in the country of award"
            ],
            "Languages": [
                "Italian"
            ],
            "StudentBody": "N/A"
        },
        "Divisions": [
            {
                "College": "Bioethics",
                "FieldsOfStudy": [
                    "Biology",
                    "Ethics"
                ],
                "Details": "N/A"
            },
            {
                "College": "Philosophy",
                "FieldsOfStudy": [
                    "Philosophy"
                ],
                "Details": "N/A"
            },
            {
                "College": "Theology",
                "FieldsOfStudy": [
                    "Theology"
                ],
                "Details": "N/A"
            },
            {
                "College": "Bioethics and Human Rights",
                "FieldsOfStudy": [
                    "Ethics",
                    "Human Rights"
                ],
                "Details": "N/A"
            },
            {
                "College": "Faith and Science",
                "FieldsOfStudy": [
                    "Natural Sciences",
                    "Philosophy",
                    "Religion"
                ],
                "Details": "N/A"
            },
            {
                "College": "Higher Institute for Religious Sciences",
                "FieldsOfStudy": [
                    "Religious Studies"
                ],
                "Details": "N/A"
            },
            {
                "College": "Institute for Higher Studies on Women",
                "FieldsOfStudy": [
                    "Women's Studies"
                ],
                "Details": "N/A"
            },
            {
                "College": "Sacerdos",
                "FieldsOfStudy": [
                    "Pastoral Studies",
                    "Theology"
                ],
                "Details": "N/A"
            },
            {
                "College": "Social and Business Ethics",
                "FieldsOfStudy": [
                    "Economics",
                    "Ethics"
                ],
                "Details": "Fidelis"
            }
        ],
        "Degrees": {
            "Undergraduate": {
                "CertificateOrDiploma": [],
                "Bachelor'sDegree": []
            },
            "Postgraduate": {
                "PostBachelor'sDiplomaOrCertificate": [],
                "Master'sDegree": [],
                "Doctor'sDegrees": [
                    "Biological and Life Sciences",
                    "Philosophy",
                    "Theology"
                ],
                "ResearchScholarship": [],
                "EducationSpecialistDegree": []
            }
        }
    },
    {
        "GeneralInformation": {
            "Address": {
                "Street": "Via Urbano VIII, 16",
                "City": "Rome",
                "Province": "N/A",
                "PostCode": "00165",
                "Website": "http://www.urbaniana.edu",
                "college_name": "Pontifical Urbanian University",
                "university_name": "Pontificia Universit\u00e0 Urbaniana (PUU)"
            },
            "InstitutionFunding": "Public",
            "History": "Founded by Pope Gregory XV in 1622 for the formation of missionaries. Earned title as Pontifical College in 1627. Earned current rank and title in 1962",
            "AcademicYear": "September to June (September-February; February-June)",
            "AdmissionRequirements": [
                "Secondary school certificate acceptable for University admission in the country of award"
            ],
            "Languages": [
                "Italian"
            ],
            "StudentBody": "N/A"
        },
        "Divisions": [
            {
                "College": "Canon Law",
                "FieldsOfStudy": [
                    "Canon Law"
                ],
                "Details": "N/A"
            },
            {
                "College": "Missiology",
                "FieldsOfStudy": [
                    "Missionary Studies"
                ],
                "Details": "N/A"
            },
            {
                "College": "Philosophy",
                "FieldsOfStudy": [
                    "Philosophy"
                ],
                "Details": "N/A"
            },
            {
                "College": "Theology",
                "FieldsOfStudy": [
                    "Theology"
                ],
                "Details": "N/A"
            },
            {
                "College": "Catechism and Missionary Spirituality",
                "FieldsOfStudy": [
                    "Christian Religious Studies"
                ],
                "Details": "N/A"
            },
            {
                "College": "Non-Belief, Religion and Culture Studies",
                "FieldsOfStudy": [
                    "Agnosticism and Atheism",
                    "Cultural Studies"
                ],
                "Details": "N/A"
            }
        ],
        "Degrees": {
            "Undergraduate": {
                "CertificateOrDiploma": [],
                "Bachelor'sDegree": []
            },
            "Postgraduate": {
                "PostBachelor'sDiplomaOrCertificate": [],
                "Master'sDegree": [],
                "Doctor'sDegrees": [
                    "Canon Law",
                    "Missionary Studies",
                    "Philosophy",
                    "Theology"
                ],
                "ResearchScholarship": [],
                "EducationSpecialistDegree": []
            }
        }
    },
    {
        "GeneralInformation": {
            "Address": {
                "Street": "Piazza dell' Ateneo Salesiano, 1",
                "City": "Roma",
                "Province": "N/A",
                "PostCode": "00139",
                "Website": "https://www.unisal.it",
                "college_name": "Salesian Pontifical University",
                "university_name": "Universit\u00e0 Pontificia Salesiana \u2013 Pontificia Studiorium Universitas Salesiana (UPS)"
            },
            "InstitutionFunding": "Private",
            "History": "Founded 1904 as institute, became athenaeum 1940 and University 1973. Under the jurisdiction of the Congregation for Catholic Education and of the Salesian Order.",
            "AcademicYear": "October to June (October-January; February-June)",
            "AdmissionRequirements": [
                "Secondary school certificate acceptable for University admission in the country of award"
            ],
            "Languages": [
                "Italian"
            ],
            "StudentBody": "co-ed"
        },
        "Divisions": [
            {
                "College": "Christian and Classical Letters",
                "FieldsOfStudy": [
                    "Classical Languages"
                ],
                "Details": "N/A"
            },
            {
                "College": "Educational Sciences",
                "FieldsOfStudy": [
                    "Clinical Psychology",
                    "Education",
                    "Educational Psychology",
                    "Pedagogy",
                    "Psychology"
                ],
                "Details": "N/A"
            },
            {
                "College": "Philosophy",
                "FieldsOfStudy": [
                    "Philosophy",
                    "Social Welfare"
                ],
                "Details": "N/A"
            },
            {
                "College": "Social Communication Sciences",
                "FieldsOfStudy": [
                    "Communication Studies",
                    "Welfare and Protective Services"
                ],
                "Details": "N/A"
            },
            {
                "College": "Theology",
                "FieldsOfStudy": [
                    "Theology"
                ],
                "Details": "N/A"
            }
        ],
        "Degrees": {
            "Undergraduate": {
                "CertificateOrDiploma": [],
                "Bachelor'sDegree": []
            },
            "Postgraduate": {
                "PostBachelor'sDiplomaOrCertificate": [],
                "Master'sDegree": [],
                "Doctor'sDegrees": [
                    "Communication Studies",
                    "Education",
                    "Philosophy",
                    "Psychology",
                    "Theology",
                    "Welfare and Protective Services"
                ],
                "ResearchScholarship": [],
                "EducationSpecialistDegree": []
            }
        }
    },
    {
        "GeneralInformation": {
            "Address": {
                "Street": "Via San Vito n. 28",
                "City": "Loppiano",
                "Province": "N/A",
                "PostCode": "50064",
                "Website": "http://www.iu-sophia.org",
                "college_name": "Sophia University Institute",
                "university_name": "Istituto Universitario Sophia (IUS)"
            },
            "InstitutionFunding": "Private",
            "History": "Founded in 2008 as a reseach and study center in the Abba school of philosophy",
            "AcademicYear": "September to August (September - November; November - January; February - March; April - June)",
            "AdmissionRequirements": [
                "Secondary school certificate acceptable for University admission in the country of award"
            ],
            "Languages": [
                "English",
                "Italian"
            ],
            "StudentBody": "co-ed"
        },
        "Divisions": [
            {
                "College": "Department of Social and Political Sciences, Economics and Management",
                "FieldsOfStudy": [
                    "Economics",
                    "Management",
                    "Political Sciences"
                ],
                "Details": "N/A"
            },
            {
                "College": "Department of Theology, Philosophy, and Human Sciences",
                "FieldsOfStudy": [
                    "Philosophy",
                    "Theology"
                ],
                "Details": "N/A"
            }
        ],
        "Degrees": {
            "Undergraduate": {
                "CertificateOrDiploma": [],
                "Bachelor'sDegree": []
            },
            "Postgraduate": {
                "PostBachelor'sDiplomaOrCertificate": [],
                "Master'sDegree": [],
                "Doctor'sDegrees": [
                    "Economics",
                    "Philosophy",
                    "Political Sciences",
                    "Social Sciences",
                    "Theology"
                ],
                "ResearchScholarship": [],
                "EducationSpecialistDegree": []
            }
        }
    },
    {
        "GeneralInformation": {
            "Address": {
                "Street": "Dorsoduro 1",
                "City": "Venezia",
                "Province": "N/A",
                "PostCode": "30123",
                "Website": "http://fdcmarcianum.it",
                "college_name": "The Faculty of Canon Law Saint Pius X Venice",
                "university_name": "Facolt\u00e0 di Diritto Canonico S. Pio X di Venezia"
            },
            "InstitutionFunding": "Private",
            "History": "Found in 1902 as the Institute of Canon Law at the Patriarchal Seminary in Venice under Patriarch Cardinal Giussepe Sarto. Earned current status in 2003",
            "AcademicYear": "N/A",
            "AdmissionRequirements": [
                "Secondary school certificate acceptable for University admission in the country of award"
            ],
            "Languages": [
                "Italian"
            ],
            "StudentBody": "N/A"
        },
        "Divisions": [
            {
                "College": "Canon Law",
                "FieldsOfStudy": [
                    "Canon Law"
                ],
                "Details": "N/A"
            }
        ],
        "Degrees": {
            "Undergraduate": {
                "CertificateOrDiploma": [],
                "Bachelor'sDegree": []
            },
            "Postgraduate": {
                "PostBachelor'sDiplomaOrCertificate": [],
                "Master'sDegree": [],
                "Doctor'sDegrees": [
                    "Canon Law"
                ],
                "ResearchScholarship": [],
                "EducationSpecialistDegree": []
            }
        }
    }
]