[
    {
        "GeneralInformation": {
            "Address": {
                "Street": "Ntahangwa\nQuartier Kigobe-Sud\nAv. du Cinquantenaire, N\u00ba6",
                "City": "Bujumbura",
                "Province": "N/A",
                "PostCode": "N/A",
                "Website": "https://www.biu.bi",
                "college_name": "Bujumbura International University",
                "university_name": "(BIU)"
            },
            "InstitutionFunding": "Private",
            "History": "Founded 2014",
            "AcademicYear": "N/A",
            "AdmissionRequirements": [],
            "Languages": [
                "French"
            ],
            "StudentBody": "N/A"
        },
        "Divisions": [
            {
                "College": "Business Administration and Management",
                "FieldsOfStudy": [
                    "Business Administration",
                    "International Business",
                    "Logistics Management",
                    "Management",
                    "Sustainable Development"
                ],
                "Details": "N/A"
            },
            {
                "College": "Science and Technology",
                "FieldsOfStudy": [
                    "Network Technology",
                    "Software Engineering",
                    "Telecommunications Technology"
                ],
                "Details": "N/A"
            },
            {
                "College": "Vocational Training",
                "FieldsOfStudy": [
                    "Accountancy",
                    "Computer Graphics",
                    "Computer Science",
                    "English",
                    "Finance",
                    "French",
                    "Logistics Management",
                    "Management",
                    "Video"
                ],
                "Details": "N/A"
            }
        ],
        "Degrees": {
            "Undergraduate": {
                "CertificateOrDiploma": [],
                "Bachelor'sDegree": []
            },
            "Postgraduate": {
                "PostBachelor'sDiplomaOrCertificate": [],
                "Master'sDegree": [],
                "Doctor'sDegrees": [],
                "ResearchScholarship": [],
                "EducationSpecialistDegree": []
            }
        }
    },
    {
        "GeneralInformation": {
            "Address": {
                "Street": "BP 2450\nBoulevard de l\u2019Uprona, Building Nyogozi 3\u00e8me Etage",
                "City": "Bujumbura",
                "Province": "N/A",
                "PostCode": "N/A",
                "Website": "https://isge.bi",
                "college_name": "Higher Institute of Business Administration",
                "university_name": "Institut sup\u00e9rieur de Gestion des Entreprises (ISGE)"
            },
            "InstitutionFunding": "Public",
            "History": "Founded 1987. Acquired current status 1990",
            "AcademicYear": "January to November",
            "AdmissionRequirements": [],
            "Languages": [
                "French"
            ],
            "StudentBody": "co-ed"
        },
        "Divisions": [
            {
                "College": "Accounting, Financial and Audit Management",
                "FieldsOfStudy": [
                    "Accountancy",
                    "Finance",
                    "Management"
                ],
                "Details": "N/A"
            },
            {
                "College": "Business Administrative Management",
                "FieldsOfStudy": [
                    "Business Administration",
                    "Management"
                ],
                "Details": "N/A"
            },
            {
                "College": "Commercial Management and Marketing",
                "FieldsOfStudy": [
                    "Business and Commerce",
                    "Management",
                    "Marketing"
                ],
                "Details": "N/A"
            },
            {
                "College": "Customs Revenue Management",
                "FieldsOfStudy": [
                    "Taxation"
                ],
                "Details": "N/A"
            },
            {
                "College": "EAC Customs Curriculum",
                "FieldsOfStudy": [
                    "Taxation"
                ],
                "Details": "N/A"
            },
            {
                "College": "EAC Tax Curriculum",
                "FieldsOfStudy": [
                    "Taxation"
                ],
                "Details": "N/A"
            },
            {
                "College": "Economics",
                "FieldsOfStudy": [
                    "Economics"
                ],
                "Details": "N/A"
            },
            {
                "College": "Entrepreneurship and Project Management",
                "FieldsOfStudy": [
                    "Entrepreneurship",
                    "Management"
                ],
                "Details": "N/A"
            },
            {
                "College": "Financial Management of Cooperatives",
                "FieldsOfStudy": [
                    "Finance",
                    "Management"
                ],
                "Details": "N/A"
            },
            {
                "College": "Logistics Management and Inventory Supply",
                "FieldsOfStudy": [
                    "Logistics Management",
                    "Transport Management"
                ],
                "Details": "N/A"
            },
            {
                "College": "Mining Contract Management",
                "FieldsOfStudy": [
                    "Management"
                ],
                "Details": "N/A"
            },
            {
                "College": "Monitoring-Evaluation of Projects",
                "FieldsOfStudy": "N/A",
                "Details": "N/A"
            },
            {
                "College": "Strategic Human Resources Management",
                "FieldsOfStudy": [
                    "Human Resources"
                ],
                "Details": "N/A"
            }
        ],
        "Degrees": {
            "Undergraduate": {
                "CertificateOrDiploma": [],
                "Bachelor'sDegree": []
            },
            "Postgraduate": {
                "PostBachelor'sDiplomaOrCertificate": [],
                "Master'sDegree": [],
                "Doctor'sDegrees": [],
                "ResearchScholarship": [],
                "EducationSpecialistDegree": []
            }
        }
    },
    {
        "GeneralInformation": {
            "Address": {
                "Street": "B.P. 238\nQuartier 2-Ngagara",
                "City": "Bujumbura",
                "Province": "N/A",
                "PostCode": "N/A",
                "Website": "https://www.hau.bi",
                "college_name": "Hope Africa University",
                "university_name": "Universit\u00e9 Espoir d'Afrique (HAU/UEA)"
            },
            "InstitutionFunding": "Private",
            "History": "Founded 2000 in Nairobi, Kenya. Relocated 2003",
            "AcademicYear": "N/A",
            "AdmissionRequirements": [],
            "Languages": [
                "English"
            ],
            "StudentBody": "N/A"
        },
        "Divisions": [
            {
                "College": "Mweya (Gitega)",
                "FieldsOfStudy": "N/A",
                "Details": "N/A"
            },
            {
                "College": "Arts and Sciences",
                "FieldsOfStudy": [
                    "Bible",
                    "Clinical Psychology",
                    "Communication Studies",
                    "Community Development",
                    "Social and Community Services",
                    "Social Psychology",
                    "Theology"
                ],
                "Details": "N/A"
            },
            {
                "College": "Business and Professional Studies",
                "FieldsOfStudy": [
                    "Accountancy",
                    "Banking",
                    "Business Administration",
                    "Economics",
                    "Entrepreneurship",
                    "Finance",
                    "Hotel and Restaurant",
                    "Marketing",
                    "Political Sciences",
                    "Tourism"
                ],
                "Details": "N/A"
            },
            {
                "College": "Educational Sciences",
                "FieldsOfStudy": [
                    "Foreign Languages Education",
                    "Mathematics Education",
                    "Science Education",
                    "Special Education"
                ],
                "Details": "N/A"
            },
            {
                "College": "Engineering and Technology",
                "FieldsOfStudy": [
                    "Civil Engineering",
                    "Computer Science",
                    "Network Technology",
                    "Telecommunications Engineering",
                    "Town Planning"
                ],
                "Details": "N/A"
            },
            {
                "College": "Health Sciences",
                "FieldsOfStudy": [
                    "Anaesthesiology",
                    "Dietetics",
                    "Health Administration",
                    "Midwifery",
                    "Nursing",
                    "Nutrition",
                    "Ophthalmology",
                    "Physical Therapy",
                    "Public Administration",
                    "Public Health"
                ],
                "Details": "N/A"
            },
            {
                "College": "Medicine",
                "FieldsOfStudy": [
                    "Dental Surgery",
                    "Medicine"
                ],
                "Details": "N/A"
            }
        ],
        "Degrees": {
            "Undergraduate": {
                "CertificateOrDiploma": [],
                "Bachelor'sDegree": []
            },
            "Postgraduate": {
                "PostBachelor'sDiplomaOrCertificate": [],
                "Master'sDegree": [],
                "Doctor'sDegrees": [
                    "Dentistry",
                    "Medicine",
                    "Stomatology"
                ],
                "ResearchScholarship": [],
                "EducationSpecialistDegree": []
            }
        }
    },
    {
        "GeneralInformation": {
            "Address": {
                "Street": "P.O. Box 2330\nQuartier Asiatique\nAvenue Imbo No. 27",
                "City": "Bujumbura",
                "Province": "N/A",
                "PostCode": "N/A",
                "Website": "https://www.ilu-burundi-edu.com",
                "college_name": "International Leadership University - Burundi",
                "university_name": "Universite International du Leadership - Burundi \u2013 ILU Burundi (ILU)"
            },
            "InstitutionFunding": "Private",
            "History": "Founded 2010, started academic activities 2011",
            "AcademicYear": "September to August (September-February; February-August)",
            "AdmissionRequirements": [
                "Bachelor's programme: Dipl\u00f4me d\u2019Etat or an equivalent recognized by the Ministry of High Education",
                "Master's programme: first degree from a recognized university, minimum GPA of 3",
                "0 on a scale of 4",
                "0, a Second Class Honours (upper division), or the equivalent",
                "Demonstrated leadership and/or professional life experience, competence and goals relevant to the programme"
            ],
            "Languages": [
                "English"
            ],
            "StudentBody": "N/A"
        },
        "Divisions": [
            {
                "College": "Business Administration",
                "FieldsOfStudy": [
                    "Accountancy",
                    "Banking",
                    "Finance",
                    "Hotel Management",
                    "Human Resources",
                    "Management"
                ],
                "Details": "N/A"
            },
            {
                "College": "Leadership and Governance",
                "FieldsOfStudy": [
                    "Government",
                    "Leadership"
                ],
                "Details": "N/A"
            },
            {
                "College": "Theology",
                "FieldsOfStudy": [
                    "Missionary Studies",
                    "Theology"
                ],
                "Details": "N/A"
            }
        ],
        "Degrees": {
            "Undergraduate": {
                "CertificateOrDiploma": [],
                "Bachelor'sDegree": []
            },
            "Postgraduate": {
                "PostBachelor'sDiplomaOrCertificate": [],
                "Master'sDegree": [],
                "Doctor'sDegrees": [],
                "ResearchScholarship": [],
                "EducationSpecialistDegree": []
            }
        }
    },
    {
        "GeneralInformation": {
            "Address": {
                "Street": "B.P. 1368\nCampus Mutanga Nord",
                "City": "Bujumbura",
                "Province": "N/A",
                "PostCode": "N/A",
                "Website": "http://www.ulbu.bi",
                "college_name": "Light University of Bujumbura",
                "university_name": "Universit\u00e9 Lumi\u00e8re de Bujumbura (ULBU)"
            },
            "InstitutionFunding": "Private",
            "History": "Founded 2000",
            "AcademicYear": "October to July (October-December; January-March; April-July)",
            "AdmissionRequirements": [
                "High School Diploma"
            ],
            "Languages": [
                "French",
                "English"
            ],
            "StudentBody": "co-ed"
        },
        "Divisions": [
            {
                "College": "Kajaga",
                "FieldsOfStudy": "N/A",
                "Details": "N/A"
            },
            {
                "College": "Kinindo",
                "FieldsOfStudy": "N/A",
                "Details": "N/A"
            },
            {
                "College": "Kubumenyi Compound",
                "FieldsOfStudy": "N/A",
                "Details": "N/A"
            },
            {
                "College": "Agronomy and Rural Development",
                "FieldsOfStudy": [
                    "Horticulture",
                    "Vegetable Production"
                ],
                "Details": "N/A"
            },
            {
                "College": "Communication Sciences",
                "FieldsOfStudy": [
                    "Communication Studies"
                ],
                "Details": "N/A"
            },
            {
                "College": "Economics and Management",
                "FieldsOfStudy": [
                    "Business Administration",
                    "Management"
                ],
                "Details": "N/A"
            },
            {
                "College": "Health Sciences",
                "FieldsOfStudy": [
                    "Health Administration",
                    "Nursing",
                    "Nutrition",
                    "Public Health"
                ],
                "Details": "N/A"
            },
            {
                "College": "Law, Political Science and International Relations",
                "FieldsOfStudy": [
                    "International Relations and Diplomacy",
                    "Law",
                    "Political Sciences"
                ],
                "Details": "N/A"
            },
            {
                "College": "Psychology",
                "FieldsOfStudy": [
                    "Clinical Psychology"
                ],
                "Details": "N/A"
            },
            {
                "College": "Science and Technology",
                "FieldsOfStudy": [
                    "Business Computing",
                    "Civil Engineering",
                    "Statistics"
                ],
                "Details": "N/A"
            },
            {
                "College": "Theology",
                "FieldsOfStudy": [
                    "Theology"
                ],
                "Details": "N/A"
            },
            {
                "College": "Entrepreneurship and Project Management (ISPEG)",
                "FieldsOfStudy": [
                    "Professional"
                ],
                "Details": "N/A"
            },
            {
                "College": "Management and Commerce (ISGECO)",
                "FieldsOfStudy": [
                    "Professional"
                ],
                "Details": "N/A"
            }
        ],
        "Degrees": {
            "Undergraduate": {
                "CertificateOrDiploma": [],
                "Bachelor'sDegree": []
            },
            "Postgraduate": {
                "PostBachelor'sDiplomaOrCertificate": [],
                "Master'sDegree": [],
                "Doctor'sDegrees": [],
                "ResearchScholarship": [],
                "EducationSpecialistDegree": []
            }
        }
    },
    {
        "GeneralInformation": {
            "Address": {
                "Street": "Avenue de l\u2019H\u00f4pital, N\u00b0 3\nB.P. 6807",
                "City": "Bujumbura",
                "Province": "N/A",
                "PostCode": "N/A",
                "Website": "https://insp.bi",
                "college_name": "National Institute of Public Health",
                "university_name": "Institut national de Sant\u00e9 publique (INSP)"
            },
            "InstitutionFunding": "Public",
            "History": "Founded 1991, started academic activities 1999",
            "AcademicYear": "N/A",
            "AdmissionRequirements": [],
            "Languages": [
                "French"
            ],
            "StudentBody": "N/A"
        },
        "Divisions": [
            {
                "College": "Clinical Sciences",
                "FieldsOfStudy": [
                    "Anaesthesiology",
                    "Dental Hygiene",
                    "Midwifery",
                    "Nursing",
                    "Physical Therapy",
                    "Psychiatry and Mental Health"
                ],
                "Details": "N/A"
            },
            {
                "College": "Paraclinical Sciences",
                "FieldsOfStudy": [
                    "Laboratory Techniques",
                    "Medical Technology",
                    "Pharmacy"
                ],
                "Details": "N/A"
            },
            {
                "College": "Public Health",
                "FieldsOfStudy": [
                    "Public Health"
                ],
                "Details": "N/A"
            }
        ],
        "Degrees": {
            "Undergraduate": {
                "CertificateOrDiploma": [],
                "Bachelor'sDegree": []
            },
            "Postgraduate": {
                "PostBachelor'sDiplomaOrCertificate": [],
                "Master'sDegree": [],
                "Doctor'sDegrees": [],
                "ResearchScholarship": [],
                "EducationSpecialistDegree": []
            }
        }
    },
    {
        "GeneralInformation": {
            "Address": {
                "Street": "N/A",
                "City": "Bujumbura",
                "Province": "N/A",
                "PostCode": "N/A",
                "Website": "https://ens.edu.bi",
                "college_name": "Teacher Training School",
                "university_name": "Ecole Normale sup\u00e9rieure (ENS)"
            },
            "InstitutionFunding": "Public",
            "History": "Founded 1999",
            "AcademicYear": "N/A",
            "AdmissionRequirements": [],
            "Languages": [
                "French"
            ],
            "StudentBody": "N/A"
        },
        "Divisions": [
            {
                "College": "Applied Sciences",
                "FieldsOfStudy": [
                    "Computer Education",
                    "Science Education"
                ],
                "Details": "N/A"
            },
            {
                "College": "Languages \u200b\u200band Humanities",
                "FieldsOfStudy": [
                    "Foreign Languages Education",
                    "Humanities and Social Science Education"
                ],
                "Details": "N/A"
            },
            {
                "College": "Natural Sciences",
                "FieldsOfStudy": [
                    "Mathematics Education",
                    "Science Education",
                    "Technology Education"
                ],
                "Details": "N/A"
            }
        ],
        "Degrees": {
            "Undergraduate": {
                "CertificateOrDiploma": [],
                "Bachelor'sDegree": []
            },
            "Postgraduate": {
                "PostBachelor'sDiplomaOrCertificate": [],
                "Master'sDegree": [],
                "Doctor'sDegrees": [],
                "ResearchScholarship": [],
                "EducationSpecialistDegree": []
            }
        }
    },
    {
        "GeneralInformation": {
            "Address": {
                "Street": "Avenue de l'UNESCO No.2\nB.P. 1550",
                "City": "Bujumbura",
                "Province": "N/A",
                "PostCode": "N/A",
                "Website": "https://www.ub.edu.bi",
                "college_name": "University of Burundi",
                "university_name": "Universit\u00e9 du Burundi (UB)"
            },
            "InstitutionFunding": "Public",
            "History": "Founded 1960, incorporating the Institut agronomique du Rwanda-Urundi, previously Faculty of Agriculture of the Universit\u00e9 officielle du Congo Belge founded 1958 and the Centre universitaire Rumuri founded 1960. Title of Universit\u00e9 officielle de Bujumbura adopted 1964, acquired present title 1977",
            "AcademicYear": "October to July (October-December; January-April; April-July)",
            "AdmissionRequirements": [
                "Secondary school certificate (Certificat d'Humanit\u00e9s compl\u00e8tes) or foreign equivalent"
            ],
            "Languages": [
                "French"
            ],
            "StudentBody": "co-ed"
        },
        "Divisions": [
            {
                "College": "Agronomy and Bio-Engineering",
                "FieldsOfStudy": [
                    "Agriculture",
                    "Agronomy",
                    "Natural Sciences"
                ],
                "Details": "N/A"
            },
            {
                "College": "Arts and Humanities",
                "FieldsOfStudy": [
                    "African Languages",
                    "English",
                    "French",
                    "Geography",
                    "History",
                    "Literature"
                ],
                "Details": "N/A"
            },
            {
                "College": "Economics and Management",
                "FieldsOfStudy": [
                    "Administration",
                    "Economics",
                    "Law"
                ],
                "Details": "N/A"
            },
            {
                "College": "Engineering Sciences",
                "FieldsOfStudy": [
                    "Architecture",
                    "Civil Engineering",
                    "Electronic Engineering",
                    "Environmental Engineering",
                    "Town Planning"
                ],
                "Details": "N/A"
            },
            {
                "College": "Law, Political Science and International Relations",
                "FieldsOfStudy": [
                    "Law"
                ],
                "Details": "N/A"
            },
            {
                "College": "Medicine",
                "FieldsOfStudy": [
                    "Medicine"
                ],
                "Details": "N/A"
            },
            {
                "College": "Psychology and Educational Sciences",
                "FieldsOfStudy": [
                    "Education",
                    "Psychology"
                ],
                "Details": "N/A"
            },
            {
                "College": "Science",
                "FieldsOfStudy": [
                    "Biology",
                    "Chemistry",
                    "Earth Sciences",
                    "Mathematics",
                    "Physics"
                ],
                "Details": "N/A"
            },
            {
                "College": "Agricultural Training",
                "FieldsOfStudy": [
                    "Agriculture"
                ],
                "Details": "N/A"
            },
            {
                "College": "Applied Pedagogy",
                "FieldsOfStudy": [
                    "Foreign Languages Education",
                    "Mathematics Education",
                    "Native Language Education",
                    "Science Education",
                    "Technology Education"
                ],
                "Details": "N/A"
            },
            {
                "College": "Applied Sciences",
                "FieldsOfStudy": [
                    "Applied Chemistry",
                    "Applied Mathematics",
                    "Applied Physics",
                    "Natural Sciences"
                ],
                "Details": "N/A"
            },
            {
                "College": "Applied Statistics",
                "FieldsOfStudy": [
                    "Statistics"
                ],
                "Details": "N/A"
            },
            {
                "College": "Commerce",
                "FieldsOfStudy": [
                    "Accountancy",
                    "Administration",
                    "Business Administration",
                    "Business and Commerce",
                    "Library Science",
                    "Marketing",
                    "Taxation"
                ],
                "Details": "N/A"
            },
            {
                "College": "Land Administration and Mapping",
                "FieldsOfStudy": [
                    "Environmental Management",
                    "Surveying and Mapping"
                ],
                "Details": "N/A"
            },
            {
                "College": "Physical Education and Sports",
                "FieldsOfStudy": [
                    "Physical Education",
                    "Sports"
                ],
                "Details": "N/A"
            }
        ],
        "Degrees": {
            "Undergraduate": {
                "CertificateOrDiploma": [],
                "Bachelor'sDegree": []
            },
            "Postgraduate": {
                "PostBachelor'sDiplomaOrCertificate": [],
                "Master'sDegree": [],
                "Doctor'sDegrees": [
                    "Agronomy",
                    "Arts and Humanities",
                    "Biology",
                    "Chemistry",
                    "Earth Sciences",
                    "Educational Sciences",
                    "Environmental Studies",
                    "Law",
                    "Mathematics",
                    "Medicine",
                    "Physics"
                ],
                "ResearchScholarship": [],
                "EducationSpecialistDegree": []
            }
        }
    },
    {
        "GeneralInformation": {
            "Address": {
                "Street": "Quartier Kigobe Nord\nB.P. 5403\nMutanga",
                "City": "Bujumbura",
                "Province": "N/A",
                "PostCode": "N/A",
                "Website": "https://ult.bi",
                "college_name": "University of Lake Tanganyika",
                "university_name": "Universit\u00e9 du Lac Tanganyika (ULT)"
            },
            "InstitutionFunding": "Private",
            "History": "Founded 2000",
            "AcademicYear": "N/A",
            "AdmissionRequirements": [],
            "Languages": [
                "French"
            ],
            "StudentBody": "co-ed"
        },
        "Divisions": [
            {
                "College": "Professional Education",
                "FieldsOfStudy": [
                    "Accountancy",
                    "Banking",
                    "Community Development",
                    "Insurance",
                    "Maintenance Technology",
                    "Network Technology"
                ],
                "Details": "N/A"
            },
            {
                "College": "Civil Engineering",
                "FieldsOfStudy": [
                    "Civil Engineering",
                    "Hydraulic Engineering"
                ],
                "Details": "N/A"
            },
            {
                "College": "Computer Science",
                "FieldsOfStudy": [
                    "Business Computing",
                    "Computer Networks",
                    "Electronic Engineering",
                    "Network Technology",
                    "Software Engineering",
                    "Telecommunications Engineering"
                ],
                "Details": "N/A"
            },
            {
                "College": "Electromechanical Engineering",
                "FieldsOfStudy": [
                    "Electrical Engineering",
                    "Mechanical Engineering"
                ],
                "Details": "N/A"
            },
            {
                "College": "Law",
                "FieldsOfStudy": [
                    "Law"
                ],
                "Details": "N/A"
            },
            {
                "College": "Management Sciences and Applied Economics",
                "FieldsOfStudy": [
                    "Accountancy",
                    "Agricultural Economics",
                    "Economics",
                    "Finance",
                    "International Business",
                    "Management",
                    "Marketing"
                ],
                "Details": "N/A"
            },
            {
                "College": "Planning and Urbanism",
                "FieldsOfStudy": [
                    "Regional Planning",
                    "Town Planning"
                ],
                "Details": "N/A"
            },
            {
                "College": "Social and Political Sciences",
                "FieldsOfStudy": [
                    "Communication Studies",
                    "International Relations and Diplomacy",
                    "Mass Communication",
                    "Political Sciences",
                    "Sociology"
                ],
                "Details": "N/A"
            },
            {
                "College": "Statistics",
                "FieldsOfStudy": [
                    "Statistics"
                ],
                "Details": "Interfaculty"
            }
        ],
        "Degrees": {
            "Undergraduate": {
                "CertificateOrDiploma": [],
                "Bachelor'sDegree": []
            },
            "Postgraduate": {
                "PostBachelor'sDiplomaOrCertificate": [],
                "Master'sDegree": [],
                "Doctor'sDegrees": [],
                "ResearchScholarship": [],
                "EducationSpecialistDegree": []
            }
        }
    },
    {
        "GeneralInformation": {
            "Address": {
                "Street": "Quartier Kanyami\nRue de l'Universit\u00e9, No. 1",
                "City": "Ngozi",
                "Province": "Bujumbura",
                "PostCode": "2900",
                "Website": "https://univ-ngozi.bi",
                "college_name": "University of Ngozi",
                "university_name": "Universit\u00e9 de Ngozi"
            },
            "InstitutionFunding": "Private-for-profit",
            "History": "Founded 1999",
            "AcademicYear": "N/A",
            "AdmissionRequirements": [
                "Secondary school certificate"
            ],
            "Languages": [
                "French",
                "English"
            ],
            "StudentBody": "co-ed"
        },
        "Divisions": [
            {
                "College": "Agronomy and Veterinary Sciences",
                "FieldsOfStudy": [
                    "Agricultural Business",
                    "Agriculture",
                    "Agronomy",
                    "Animal Husbandry",
                    "Rural Planning",
                    "Vegetable Production",
                    "Veterinary Science"
                ],
                "Details": "N/A"
            },
            {
                "College": "Law, Economics and Management (FDSEG)",
                "FieldsOfStudy": [
                    "Economics",
                    "Law",
                    "Management"
                ],
                "Details": "N/A"
            },
            {
                "College": "Letters, Languages, Communication and Arts (FLLCA)",
                "FieldsOfStudy": [
                    "Arts and Humanities",
                    "English",
                    "Translation and Interpretation"
                ],
                "Details": "N/A"
            },
            {
                "College": "Medicine and Health Sciences",
                "FieldsOfStudy": [
                    "Health Sciences",
                    "Medicine"
                ],
                "Details": "FM"
            },
            {
                "College": "Science and Technology",
                "FieldsOfStudy": [
                    "Computer Science"
                ],
                "Details": "N/A"
            },
            {
                "College": "Health Science",
                "FieldsOfStudy": [
                    "Health Sciences"
                ],
                "Details": "N/A"
            },
            {
                "College": "Modern Languages Pedagogy",
                "FieldsOfStudy": [
                    "Foreign Languages Education"
                ],
                "Details": "N/A"
            }
        ],
        "Degrees": {
            "Undergraduate": {
                "CertificateOrDiploma": [],
                "Bachelor'sDegree": []
            },
            "Postgraduate": {
                "PostBachelor'sDiplomaOrCertificate": [],
                "Master'sDegree": [],
                "Doctor'sDegrees": [
                    "Medicine"
                ],
                "ResearchScholarship": [],
                "EducationSpecialistDegree": []
            }
        }
    },
    {
        "GeneralInformation": {
            "Address": {
                "Street": "B.P. 2310\nAv. de la Mission, No 11E",
                "City": "Bujumbura",
                "Province": "N/A",
                "PostCode": "N/A",
                "Website": "https://www.ugl.bi",
                "college_name": "University of the Great Lakes",
                "university_name": "Universit\u00e9 des Grands Lacs (UGL)"
            },
            "InstitutionFunding": "Private",
            "History": "Founded 2000",
            "AcademicYear": "N/A",
            "AdmissionRequirements": [],
            "Languages": [
                "French"
            ],
            "StudentBody": "N/A"
        },
        "Divisions": [
            {
                "College": "Bururi",
                "FieldsOfStudy": "N/A",
                "Details": "N/A"
            },
            {
                "College": "Kiremba",
                "FieldsOfStudy": "N/A",
                "Details": "N/A"
            },
            {
                "College": "Makamba",
                "FieldsOfStudy": "N/A",
                "Details": "N/A"
            },
            {
                "College": "Ngagara Q10",
                "FieldsOfStudy": "N/A",
                "Details": "N/A"
            },
            {
                "College": "Rutana",
                "FieldsOfStudy": "N/A",
                "Details": "N/A"
            },
            {
                "College": "Saint Michel",
                "FieldsOfStudy": "N/A",
                "Details": "N/A"
            },
            {
                "College": "Business Administration and Management",
                "FieldsOfStudy": [
                    "Business Administration",
                    "Management"
                ],
                "Details": "N/A"
            },
            {
                "College": "Civil Engineering",
                "FieldsOfStudy": [
                    "Civil Engineering"
                ],
                "Details": "N/A"
            },
            {
                "College": "Clinical and Social Psychology",
                "FieldsOfStudy": [
                    "Clinical Psychology",
                    "Social Psychology"
                ],
                "Details": "N/A"
            },
            {
                "College": "Computer Security",
                "FieldsOfStudy": [
                    "Cybersecurity"
                ],
                "Details": "N/A"
            },
            {
                "College": "Law",
                "FieldsOfStudy": [
                    "Law"
                ],
                "Details": "N/A"
            },
            {
                "College": "Management Information Systems",
                "FieldsOfStudy": [
                    "Business Computing"
                ],
                "Details": "N/A"
            },
            {
                "College": "Midwifery",
                "FieldsOfStudy": [
                    "Midwifery"
                ],
                "Details": "N/A"
            },
            {
                "College": "Nursing",
                "FieldsOfStudy": [
                    "Nursing"
                ],
                "Details": "N/A"
            },
            {
                "College": "Banking and Insurance",
                "FieldsOfStudy": [
                    "Banking",
                    "Insurance"
                ],
                "Details": "N/A"
            },
            {
                "College": "Community Development",
                "FieldsOfStudy": [
                    "Community Development"
                ],
                "Details": "N/A"
            },
            {
                "College": "Computer Maintenance and Networks",
                "FieldsOfStudy": [
                    "Computer Networks",
                    "Computer Repairing"
                ],
                "Details": "N/A"
            },
            {
                "College": "Electricity",
                "FieldsOfStudy": [
                    "Electrical Engineering"
                ],
                "Details": "N/A"
            },
            {
                "College": "Finance and Accounting",
                "FieldsOfStudy": [
                    "Accountancy",
                    "Finance"
                ],
                "Details": "N/A"
            },
            {
                "College": "Marketing and Management",
                "FieldsOfStudy": [
                    "Management",
                    "Marketing"
                ],
                "Details": "N/A"
            },
            {
                "College": "Social Work",
                "FieldsOfStudy": [
                    "Social Work"
                ],
                "Details": "N/A"
            },
            {
                "College": "Telecommunications and Networks",
                "FieldsOfStudy": [
                    "Network Technology",
                    "Telecommunications Technology"
                ],
                "Details": "N/A"
            }
        ],
        "Degrees": {
            "Undergraduate": {
                "CertificateOrDiploma": [],
                "Bachelor'sDegree": []
            },
            "Postgraduate": {
                "PostBachelor'sDiplomaOrCertificate": [],
                "Master'sDegree": [],
                "Doctor'sDegrees": [],
                "ResearchScholarship": [],
                "EducationSpecialistDegree": []
            }
        }
    },
    {
        "GeneralInformation": {
            "Address": {
                "Street": "Quartier Asiatique\nBoulevard de la Mubarazi n\u00b07",
                "City": "Bujumbura",
                "Province": "N/A",
                "PostCode": "N/A",
                "Website": "https://www.usa.edu.bi",
                "college_name": "Wisdom of Africa University",
                "university_name": "Universit\u00e9 Sagesse d'Afrique (USA)"
            },
            "InstitutionFunding": "Private",
            "History": "Founded 2008",
            "AcademicYear": "N/A",
            "AdmissionRequirements": [],
            "Languages": [
                "French"
            ],
            "StudentBody": "N/A"
        },
        "Divisions": [
            {
                "College": "Kamenge",
                "FieldsOfStudy": "N/A",
                "Details": "N/A"
            },
            {
                "College": "Kinindo-Kibenga",
                "FieldsOfStudy": "N/A",
                "Details": "N/A"
            },
            {
                "College": "Business Computing",
                "FieldsOfStudy": [
                    "Business Computing"
                ],
                "Details": "N/A"
            },
            {
                "College": "Economics, Management and Business Administration",
                "FieldsOfStudy": [
                    "Accountancy",
                    "Entrepreneurship",
                    "Management",
                    "Marketing"
                ],
                "Details": "N/A"
            },
            {
                "College": "Law",
                "FieldsOfStudy": [
                    "Law"
                ],
                "Details": "N/A"
            },
            {
                "College": "Science and Technology",
                "FieldsOfStudy": [
                    "Civil Engineering",
                    "Computer Networks",
                    "Maintenance Technology",
                    "Telecommunications Engineering"
                ],
                "Details": "N/A"
            }
        ],
        "Degrees": {
            "Undergraduate": {
                "CertificateOrDiploma": [],
                "Bachelor'sDegree": []
            },
            "Postgraduate": {
                "PostBachelor'sDiplomaOrCertificate": [],
                "Master'sDegree": [],
                "Doctor'sDegrees": [],
                "ResearchScholarship": [],
                "EducationSpecialistDegree": []
            }
        }
    }
]