[
    {
        "GeneralInformation": {
            "Address": {
                "Street": "UOG Station",
                "City": "Mangilao",
                "Province": "Guam",
                "PostCode": "96913",
                "Website": "https://www.uog.edu",
                "college_name": "University of Guam",
                "university_name": ""
            },
            "InstitutionFunding": "Public",
            "History": "Founded 1952.",
            "AcademicYear": "August to May (August-December; January-May)",
            "AdmissionRequirements": [
                "Open Admissions",
                "Graduation from high school or equivalent and TOEFL test for foreign students"
            ],
            "Languages": [
                "English"
            ],
            "StudentBody": "co-ed"
        },
        "Divisions": [
            {
                "College": "Liberal Arts and Social Sciences",
                "FieldsOfStudy": [
                    "Anthropology",
                    "Business Administration",
                    "Communication Studies",
                    "East Asian Studies",
                    "Education",
                    "English",
                    "Fine Arts",
                    "History",
                    "Information Sciences",
                    "Journalism",
                    "Media Studies",
                    "Music",
                    "Pacific Area Studies",
                    "Philosophy",
                    "Political Sciences",
                    "Psychology",
                    "Public Administration",
                    "Public Relations",
                    "Sociology",
                    "Teacher Training",
                    "Theatre"
                ],
                "Details": "N/A"
            },
            {
                "College": "Natural and Applied Sciences",
                "FieldsOfStudy": [
                    "Agriculture",
                    "Computer Science",
                    "Engineering",
                    "Mathematics",
                    "Natural Sciences",
                    "Social Work"
                ],
                "Details": "N/A"
            },
            {
                "College": "Business and Public Administration",
                "FieldsOfStudy": [
                    "Accountancy",
                    "Business Administration",
                    "Economics",
                    "Finance",
                    "Human Resources",
                    "Marketing",
                    "Public Administration",
                    "Tourism"
                ],
                "Details": "N/A"
            },
            {
                "College": "Education",
                "FieldsOfStudy": [
                    "Educational Administration",
                    "Educational and Student Counselling",
                    "Foreign Languages Education",
                    "Physical Education",
                    "Preschool Education",
                    "Primary Education",
                    "Secondary Education",
                    "Special Education"
                ],
                "Details": "N/A"
            },
            {
                "College": "Nursing and Health Sciences",
                "FieldsOfStudy": [
                    "Nursing",
                    "Physical Therapy",
                    "Public Health"
                ],
                "Details": "N/A"
            }
        ],
        "Degrees": {
            "Undergraduate": {
                "CertificateOrDiploma": [],
                "Bachelor'sDegree": [
                    "Accountancy",
                    "Agriculture",
                    "Anthropology",
                    "Asian Studies",
                    "Biology",
                    "Business Administration",
                    "Chemistry",
                    "Civil Engineering",
                    "Communication Studies",
                    "Computer Science",
                    "Criminal Law",
                    "Economics",
                    "English",
                    "Finance",
                    "Fine Arts",
                    "Health Sciences",
                    "History",
                    "Human Resources",
                    "Mathematics",
                    "Music",
                    "Nursing",
                    "Pacific Area Studies",
                    "Philosophy",
                    "Physical Education",
                    "Physical Therapy",
                    "Political Sciences",
                    "Preschool Education",
                    "Primary Education",
                    "Psychology",
                    "Public Administration",
                    "Public Health",
                    "Public Relations",
                    "Secondary Education",
                    "Social Work",
                    "Sociology",
                    "Special Education",
                    "Theatre",
                    "Tourism"
                ]
            },
            "Postgraduate": {
                "PostBachelor'sDiplomaOrCertificate": [],
                "Master'sDegree": [
                    "Accountancy",
                    "Agriculture",
                    "Biology",
                    "Business Administration",
                    "Clinical Psychology",
                    "Education",
                    "Educational Administration",
                    "Educational and Student Counselling",
                    "English",
                    "Environmental Management",
                    "Environmental Studies",
                    "Food Science",
                    "Natural Resources",
                    "Pacific Area Studies",
                    "Public Administration",
                    "Secondary Education",
                    "Special Education",
                    "Teacher Training"
                ],
                "Doctor'sDegrees": [],
                "ResearchScholarship": [],
                "EducationSpecialistDegree": []
            }
        }
    }
]