[
    {
        "GeneralInformation": {
            "Address": {
                "Street": "Spg 347, Jalan Pasar Baharu, Gadong",
                "City": "Bandar Seri Begawan",
                "Province": "Negara Brunei Darussalam",
                "PostCode": "BE1310",
                "Website": "https://unissa.edu.bn",
                "college_name": "Sultan Sharif Ali Islamic University",
                "university_name": "Universiti Islam Sultan Sharif Ali (UNISSA)"
            },
            "InstitutionFunding": "Public",
            "History": "Founded 2007",
            "AcademicYear": "N/A",
            "AdmissionRequirements": [],
            "Languages": [
                "Malay",
                "English"
            ],
            "StudentBody": "co-ed"
        },
        "Divisions": [
            {
                "College": "Madhhab Shafi\u2019i Research Centre (MSRC)",
                "FieldsOfStudy": "N/A",
                "Details": "N/A"
            },
            {
                "College": "Postgraduate Studies and Research (CPSR)",
                "FieldsOfStudy": "N/A",
                "Details": "N/A"
            },
            {
                "College": "Promotion of Knowledge and Language Learning",
                "FieldsOfStudy": "N/A",
                "Details": "N/A"
            },
            {
                "College": "Research and Publication",
                "FieldsOfStudy": "N/A",
                "Details": "N/A"
            },
            {
                "College": "Technology and Multimedia",
                "FieldsOfStudy": "N/A",
                "Details": "N/A"
            },
            {
                "College": "Arabic Language",
                "FieldsOfStudy": [
                    "Arabic"
                ],
                "Details": "N/A"
            },
            {
                "College": "Islamic Economics and Finance",
                "FieldsOfStudy": [
                    "Economics",
                    "Finance"
                ],
                "Details": "N/A"
            },
            {
                "College": "Shariah and Law",
                "FieldsOfStudy": [
                    "Islamic Law"
                ],
                "Details": "N/A"
            },
            {
                "College": "Usuluddin",
                "FieldsOfStudy": [
                    "Islamic Studies"
                ],
                "Details": "N/A"
            }
        ],
        "Degrees": {
            "Undergraduate": {
                "CertificateOrDiploma": [],
                "Bachelor'sDegree": [
                    "Arabic",
                    "Business Administration",
                    "Finance",
                    "History",
                    "Islamic Law",
                    "Islamic Studies",
                    "Koran",
                    "Law",
                    "Translation and Interpretation"
                ]
            },
            "Postgraduate": {
                "PostBachelor'sDiplomaOrCertificate": [],
                "Master'sDegree": [
                    "Arabic",
                    "Economics",
                    "History",
                    "Islamic Law",
                    "Islamic Studies",
                    "Koran"
                ],
                "Doctor'sDegrees": [],
                "ResearchScholarship": [],
                "EducationSpecialistDegree": []
            }
        }
    },
    {
        "GeneralInformation": {
            "Address": {
                "Street": "Jalan Tungku Link",
                "City": "Gadong",
                "Province": "N/A",
                "PostCode": "BE1410",
                "Website": "http://www.utb.edu.bn",
                "college_name": "Brunei University of Technology",
                "university_name": "Universiti Teknologi Brunei (UTB)"
            },
            "InstitutionFunding": "Public",
            "History": "Founded 1986 as Institut Teknologi Brunei (Brunei Institute of Technology). Acquired current title and status 2016",
            "AcademicYear": "N/A",
            "AdmissionRequirements": [],
            "Languages": [
                "Malay",
                "English"
            ],
            "StudentBody": "co-ed"
        },
        "Divisions": [
            {
                "College": "Communication, Teaching and Learning (CCTL)",
                "FieldsOfStudy": [
                    "Communication Studies"
                ],
                "Details": "N/A"
            },
            {
                "College": "Engineering",
                "FieldsOfStudy": [
                    "Chemical Engineering",
                    "Civil Engineering",
                    "Electrical and Electronic Engineering",
                    "Mechanical Engineering",
                    "Petroleum and Gas Engineering"
                ],
                "Details": "N/A"
            },
            {
                "College": "Applied Sciences and Mathematics",
                "FieldsOfStudy": [
                    "Applied Mathematics",
                    "Economics",
                    "Food Science",
                    "Food Technology"
                ],
                "Details": "N/A"
            },
            {
                "College": "Business",
                "FieldsOfStudy": [
                    "Accountancy",
                    "Banking",
                    "Business Computing",
                    "Economics",
                    "Finance",
                    "Management",
                    "Marketing",
                    "Technology"
                ],
                "Details": "N/A"
            },
            {
                "College": "Computing and Informatics",
                "FieldsOfStudy": [
                    "Computer Engineering",
                    "Computer Networks",
                    "Computer Science",
                    "Information Technology"
                ],
                "Details": "N/A"
            },
            {
                "College": "Design",
                "FieldsOfStudy": [
                    "Architecture",
                    "Industrial Design"
                ],
                "Details": "N/A"
            }
        ],
        "Degrees": {
            "Undergraduate": {
                "CertificateOrDiploma": [],
                "Bachelor'sDegree": [
                    "Accountancy",
                    "Applied Mathematics",
                    "Architecture",
                    "Business Administration",
                    "Chemical Engineering",
                    "Civil Engineering",
                    "Computer Engineering",
                    "Computer Networks",
                    "Computer Science",
                    "Data Processing",
                    "Economics",
                    "Electrical and Electronic Engineering",
                    "Electronic Engineering",
                    "Engineering Management",
                    "Finance",
                    "Food Science",
                    "Food Technology",
                    "Industrial Design",
                    "Information Management",
                    "Information Technology",
                    "Insurance",
                    "Management",
                    "Marketing",
                    "Mechanical Engineering",
                    "Media Studies",
                    "Multimedia",
                    "Petroleum and Gas Engineering",
                    "Structural Architecture"
                ]
            },
            "Postgraduate": {
                "PostBachelor'sDiplomaOrCertificate": [],
                "Master'sDegree": [
                    "Accountancy",
                    "Applied Mathematics",
                    "Banking",
                    "Business Computing",
                    "Computer Science",
                    "Economics",
                    "Electrical and Electronic Engineering",
                    "Engineering Management",
                    "Environmental Engineering",
                    "Finance",
                    "Food Science",
                    "Information Management",
                    "Information Technology",
                    "Management",
                    "Marketing",
                    "Mechanical Engineering",
                    "Petroleum and Gas Engineering"
                ],
                "Doctor'sDegrees": [],
                "ResearchScholarship": [],
                "EducationSpecialistDegree": []
            }
        }
    },
    {
        "GeneralInformation": {
            "Address": {
                "Street": "KM 2, Jalan Raja Isteri Pengiran Anak Saleha",
                "City": "Bandar Seri Begawan",
                "Province": "N/A",
                "PostCode": "BA 2111",
                "Website": "http://www.kupu-sb.edu.bn",
                "college_name": "Seri Begawan Religious Teachers University College",
                "university_name": "Kolej Universiti Perguruan Ugama Seri Begawan (KUPU SB)"
            },
            "InstitutionFunding": "Public",
            "History": "Founded 2007",
            "AcademicYear": "N/A",
            "AdmissionRequirements": [],
            "Languages": [
                "Malay"
            ],
            "StudentBody": "co-ed"
        },
        "Divisions": [
            {
                "College": "Core Knowledge",
                "FieldsOfStudy": "N/A",
                "Details": "N/A"
            },
            {
                "College": "Language",
                "FieldsOfStudy": "N/A",
                "Details": "N/A"
            },
            {
                "College": "Multimedia and Technology",
                "FieldsOfStudy": "N/A",
                "Details": "N/A"
            },
            {
                "College": "Postgraduate Studies and Research",
                "FieldsOfStudy": "N/A",
                "Details": "N/A"
            },
            {
                "College": "Education",
                "FieldsOfStudy": [
                    "Education",
                    "Religious Education",
                    "Religious Studies"
                ],
                "Details": "N/A"
            },
            {
                "College": "Shariah",
                "FieldsOfStudy": [
                    "Islamic Law",
                    "Religious Education",
                    "Religious Studies"
                ],
                "Details": "N/A"
            },
            {
                "College": "Ushuluddin",
                "FieldsOfStudy": [
                    "Islamic Studies",
                    "Religious Education",
                    "Religious Studies"
                ],
                "Details": "N/A"
            },
            {
                "College": "Fiqh Al-Usrah",
                "FieldsOfStudy": "N/A",
                "Details": "N/A"
            }
        ],
        "Degrees": {
            "Undergraduate": {
                "CertificateOrDiploma": [
                    "Religious Education"
                ],
                "Bachelor'sDegree": [
                    "History of Religion",
                    "Islamic Law",
                    "Islamic Theology",
                    "Religious Education",
                    "Religious Studies"
                ]
            },
            "Postgraduate": {
                "PostBachelor'sDiplomaOrCertificate": [],
                "Master'sDegree": [
                    "Religious Studies"
                ],
                "Doctor'sDegrees": [],
                "ResearchScholarship": [],
                "EducationSpecialistDegree": []
            }
        }
    },
    {
        "GeneralInformation": {
            "Address": {
                "Street": "Tungku Link Road",
                "City": "Gadong",
                "Province": "N/A",
                "PostCode": "BE1410",
                "Website": "http://www.ubd.edu.bn",
                "college_name": "University of Brunei Darussalam",
                "university_name": "Universiti Brunei Darussalam (UBD)"
            },
            "InstitutionFunding": "Public",
            "History": "Founded 1985.",
            "AcademicYear": "August to May (August-December; January-May)",
            "AdmissionRequirements": [
                "General Certificate of Education (GCE) 'A' levels, International Baccalaureate (I",
                "B",
                "), or equivalent"
            ],
            "Languages": [
                "English"
            ],
            "StudentBody": "co-ed"
        },
        "Divisions": [
            {
                "College": "Brunei Studies",
                "FieldsOfStudy": [
                    "Asian Studies",
                    "Cultural Studies",
                    "Development Studies",
                    "Economics",
                    "Fishery",
                    "Geography (Human)",
                    "History",
                    "International Relations and Diplomacy",
                    "Islamic Law",
                    "Islamic Studies",
                    "Literature",
                    "Modern Languages",
                    "Technology"
                ],
                "Details": "N/A"
            },
            {
                "College": "Advanced Material and Energy Sciences",
                "FieldsOfStudy": [
                    "Energy Engineering",
                    "Materials Engineering"
                ],
                "Details": "N/A"
            },
            {
                "College": "Advanced Research",
                "FieldsOfStudy": [
                    "Economics",
                    "Education",
                    "Health Sciences",
                    "Social Sciences",
                    "Welfare and Protective Services"
                ],
                "Details": "N/A"
            },
            {
                "College": "Language",
                "FieldsOfStudy": [
                    "Arabic",
                    "Chinese",
                    "Communication Studies",
                    "English",
                    "Filipino",
                    "French",
                    "German",
                    "Japanese",
                    "Korean",
                    "Malay",
                    "South and Southeast Asian Languages"
                ],
                "Details": "N/A"
            },
            {
                "College": "Lifelong Learning",
                "FieldsOfStudy": "N/A",
                "Details": "N/A"
            },
            {
                "College": "FPT-UBD Innovation Lab",
                "FieldsOfStudy": [
                    "Information Technology",
                    "Software Engineering"
                ],
                "Details": "N/A"
            },
            {
                "College": "Arts and Social Sciences",
                "FieldsOfStudy": [
                    "Anthropology",
                    "Applied Linguistics",
                    "Development Studies",
                    "English",
                    "Environmental Studies",
                    "Geography (Human)",
                    "History",
                    "Linguistics",
                    "Literature",
                    "Malay",
                    "Mass Communication",
                    "Media Studies",
                    "Sociology"
                ],
                "Details": "N/A"
            },
            {
                "College": "Integrated Technologies",
                "FieldsOfStudy": [
                    "Chemical Engineering",
                    "Energy Engineering",
                    "Engineering",
                    "Industrial Engineering",
                    "Information Technology",
                    "Production Engineering",
                    "Telecommunications Engineering"
                ],
                "Details": "N/A"
            },
            {
                "College": "Science",
                "FieldsOfStudy": [
                    "Applied Physics",
                    "Biological and Life Sciences",
                    "Biology",
                    "Biotechnology",
                    "Chemistry",
                    "Computer Science",
                    "Earth Sciences",
                    "Mathematics",
                    "Physics"
                ],
                "Details": "N/A"
            },
            {
                "College": "Asian Studies (IAS)",
                "FieldsOfStudy": [
                    "Asian Studies"
                ],
                "Details": "N/A"
            },
            {
                "College": "Biodiversity and Environmental Research (IBER)",
                "FieldsOfStudy": [
                    "Environmental Studies"
                ],
                "Details": "N/A"
            },
            {
                "College": "Education (SHBIE, Sultan Hassanal Bolkiah)",
                "FieldsOfStudy": [
                    "Art Education",
                    "Education",
                    "Educational Psychology",
                    "Mathematics Education",
                    "Native Language Education",
                    "Preschool Education",
                    "Science Education",
                    "Social Sciences",
                    "Teacher Training"
                ],
                "Details": "N/A"
            },
            {
                "College": "Health Sciences (Pengiran Anak Puteri Rashidah Sa\u2019adatul Bolkiah)",
                "FieldsOfStudy": [
                    "Biomedicine",
                    "Medicine",
                    "Midwifery",
                    "Nursing",
                    "Pharmacy"
                ],
                "Details": "N/A"
            },
            {
                "College": "Islamic Studies (SOASCIS, Sultan Omar \u2018Ali Saifuddien)",
                "FieldsOfStudy": [
                    "Islamic Studies"
                ],
                "Details": "N/A"
            },
            {
                "College": "Leadership, Innovation and Advancement (ILIA)",
                "FieldsOfStudy": [
                    "Leadership",
                    "Management",
                    "Social Problems"
                ],
                "Details": "N/A"
            },
            {
                "College": "Policy Studies",
                "FieldsOfStudy": [
                    "Political Sciences"
                ],
                "Details": "N/A"
            },
            {
                "College": "Business and Economics",
                "FieldsOfStudy": [
                    "Accountancy",
                    "Banking",
                    "Business Administration",
                    "Economics",
                    "Finance",
                    "Human Resources",
                    "Management"
                ],
                "Details": "N/A"
            }
        ],
        "Degrees": {
            "Undergraduate": {
                "CertificateOrDiploma": [],
                "Bachelor'sDegree": [
                    "Accountancy",
                    "Anthropology",
                    "Applied Physics",
                    "Arts and Humanities",
                    "Biology",
                    "Business Administration",
                    "Chemical Engineering",
                    "Chemistry",
                    "Computer Science",
                    "Design",
                    "Development Studies",
                    "Economics",
                    "Energy Engineering",
                    "Engineering",
                    "English",
                    "Environmental Studies",
                    "Finance",
                    "Geography (Human)",
                    "Geology",
                    "History",
                    "Information Technology",
                    "Linguistics",
                    "Literature",
                    "Malay",
                    "Mathematics",
                    "Natural Sciences",
                    "Production Engineering",
                    "Social Sciences",
                    "Sociology",
                    "Southeast Asian Studies",
                    "Telecommunications Engineering"
                ]
            },
            "Postgraduate": {
                "PostBachelor'sDiplomaOrCertificate": [],
                "Master'sDegree": [
                    "Anthropology",
                    "Applied Physics",
                    "Arts and Humanities",
                    "Biological and Life Sciences",
                    "Biology",
                    "Biomedicine",
                    "Biotechnology",
                    "Business Administration",
                    "Chemical Engineering",
                    "Chemistry",
                    "Computer Engineering",
                    "Computer Science",
                    "Earth Sciences",
                    "Economics",
                    "Education",
                    "Educational and Student Counselling",
                    "Energy Engineering",
                    "English",
                    "Environmental Studies",
                    "Finance",
                    "Geography",
                    "Government",
                    "Health Sciences",
                    "History",
                    "Islamic Studies",
                    "Linguistics",
                    "Literature",
                    "Malay",
                    "Management",
                    "Mass Communication",
                    "Mathematics",
                    "Media Studies",
                    "Medicine",
                    "Midwifery",
                    "Nursing",
                    "Political Sciences",
                    "Public Health",
                    "Social Problems",
                    "Sociology",
                    "South Asian Studies",
                    "Teacher Training",
                    "Transport Management"
                ],
                "Doctor'sDegrees": [],
                "ResearchScholarship": [],
                "EducationSpecialistDegree": []
            }
        }
    }
]