[
    {
        "GeneralInformation": {
            "Address": {
                "Street": "8363 West Sunset Road, Suite 200",
                "City": "Las Vegas",
                "Province": "Nevada",
                "PostCode": "89113",
                "Website": "https://www.arizonacollege.edu/las-vegas-nursing-school",
                "college_name": "Arizona College of Nursing-Las Vegas",
                "university_name": ""
            },
            "InstitutionFunding": "Private-for-profit",
            "History": "Founded 2013",
            "AcademicYear": "N/A",
            "AdmissionRequirements": [],
            "Languages": [
                "English"
            ],
            "StudentBody": "co-ed"
        },
        "Divisions": [
            {
                "College": "Nursing",
                "FieldsOfStudy": [
                    "Nursing"
                ],
                "Details": "N/A"
            }
        ],
        "Degrees": {
            "Undergraduate": {
                "CertificateOrDiploma": [],
                "Bachelor'sDegree": [
                    "Nursing"
                ]
            },
            "Postgraduate": {
                "PostBachelor'sDiplomaOrCertificate": [],
                "Master'sDegree": [],
                "Doctor'sDegrees": [],
                "ResearchScholarship": [],
                "EducationSpecialistDegree": []
            }
        }
    },
    {
        "GeneralInformation": {
            "Address": {
                "Street": "9901 Covington Cross Drive",
                "City": "Las Vegas",
                "Province": "Nevada",
                "PostCode": "89144",
                "Website": "https://www.chamberlain.edu/nursing-school/nevada/las-vegas",
                "college_name": "Chamberlain University \u2013 Chamberlain University-Nevada",
                "university_name": ""
            },
            "InstitutionFunding": "Private-for-profit",
            "History": "A campus of Chamberlain University, with the main campus located in Addison, Illinois.",
            "AcademicYear": "N/A",
            "AdmissionRequirements": [],
            "Languages": [
                "English"
            ],
            "StudentBody": "co-ed"
        },
        "Divisions": [
            {
                "College": "Nursing",
                "FieldsOfStudy": [
                    "Nursing"
                ],
                "Details": "N/A"
            }
        ],
        "Degrees": {
            "Undergraduate": {
                "CertificateOrDiploma": [],
                "Bachelor'sDegree": [
                    "Nursing"
                ]
            },
            "Postgraduate": {
                "PostBachelor'sDiplomaOrCertificate": [],
                "Master'sDegree": [],
                "Doctor'sDegrees": [],
                "ResearchScholarship": [],
                "EducationSpecialistDegree": []
            }
        }
    },
    {
        "GeneralInformation": {
            "Address": {
                "Street": "Charleston Campus\n6375 W. Charleston Blvd",
                "City": "Las Vegas",
                "Province": "Nevada",
                "PostCode": "89146",
                "Website": "https://www.csn.edu",
                "college_name": "College of Southern Nevada",
                "university_name": ""
            },
            "InstitutionFunding": "Public",
            "History": "Founded 1971",
            "AcademicYear": "N/A",
            "AdmissionRequirements": [],
            "Languages": [
                "English"
            ],
            "StudentBody": "co-ed"
        },
        "Divisions": [
            {
                "College": "Workforce and Economic Development",
                "FieldsOfStudy": [
                    "Adult Education",
                    "Banking",
                    "Cardiology",
                    "Insurance",
                    "Occupational Health",
                    "Real Estate",
                    "Sales Techniques",
                    "Social Problems",
                    "Transport Management"
                ],
                "Details": "N/A"
            },
            {
                "College": "Advanced and Applied Technologies",
                "FieldsOfStudy": [
                    "Architectural and Environmental Design",
                    "Automotive Engineering",
                    "Computer Science",
                    "Construction Engineering",
                    "Engineering",
                    "Film",
                    "Heating and Refrigeration",
                    "Horticulture",
                    "Information Technology",
                    "Media Studies",
                    "Metal Techniques",
                    "Photography",
                    "Technology",
                    "Transport Engineering",
                    "Video"
                ],
                "Details": "N/A"
            },
            {
                "College": "Arts and Letters",
                "FieldsOfStudy": [
                    "Communication Studies",
                    "English",
                    "Fine Arts",
                    "Modern Languages"
                ],
                "Details": "N/A"
            },
            {
                "College": "Business, Hospitality and Public Services",
                "FieldsOfStudy": [
                    "Accountancy",
                    "Business Administration",
                    "Cooking and Catering",
                    "Criminology",
                    "Finance",
                    "Fire Science",
                    "Hotel Management",
                    "Tourism"
                ],
                "Details": "N/A"
            },
            {
                "College": "Education, Behavioural and Social Sciences",
                "FieldsOfStudy": [
                    "Anthropology",
                    "Education",
                    "History",
                    "Philosophy",
                    "Political Sciences",
                    "Psychiatry and Mental Health",
                    "Psychology",
                    "Social Sciences",
                    "Sociology",
                    "Women's Studies"
                ],
                "Details": "N/A"
            },
            {
                "College": "Health Sciences",
                "FieldsOfStudy": [
                    "Dental Hygiene",
                    "Laboratory Techniques",
                    "Medical Auxiliaries",
                    "Nursing",
                    "Ophthalmology",
                    "Physical Therapy",
                    "Radiology",
                    "Respiratory Therapy",
                    "Surgery"
                ],
                "Details": "Ralph & Betty Engelstad"
            },
            {
                "College": "Science, Engineering & Mathematics",
                "FieldsOfStudy": [
                    "Biology",
                    "Environmental Studies",
                    "Mathematics",
                    "Physics"
                ],
                "Details": "N/A"
            }
        ],
        "Degrees": {
            "Undergraduate": {
                "CertificateOrDiploma": [],
                "Bachelor'sDegree": [
                    "Cooking and Catering",
                    "Dental Hygiene",
                    "Education of the Handicapped",
                    "Environmental Management",
                    "Environmental Studies",
                    "Fire Science",
                    "Management",
                    "Medical Technology",
                    "Nursing",
                    "Respiratory Therapy",
                    "Tourism"
                ]
            },
            "Postgraduate": {
                "PostBachelor'sDiplomaOrCertificate": [],
                "Master'sDegree": [],
                "Doctor'sDegrees": [],
                "ResearchScholarship": [],
                "EducationSpecialistDegree": []
            }
        }
    },
    {
        "GeneralInformation": {
            "Address": {
                "Street": "2490 Paseo Verde Pkwy, Suite 150",
                "City": "Henderson",
                "Province": "Nevada",
                "PostCode": "98074",
                "Website": "https://www.devry.edu/about/campus-locations/nevada/henderson.html",
                "college_name": "DeVry University Illinois \u2013 DeVry University Nevada",
                "university_name": ""
            },
            "InstitutionFunding": "Private-for-profit",
            "History": "Founded in 1931 as De Forest's Training, Inc. Merged with Keller Graduate School of Management in 2002. Acquired current title and accreditation status in 2002. Focusing on business and management.",
            "AcademicYear": "August-December; January-April; May-August",
            "AdmissionRequirements": [
                "High School Diploma or GED (or equivalent); Admissions interview",
                ""
            ],
            "Languages": [
                "English"
            ],
            "StudentBody": "co-ed"
        },
        "Divisions": [
            {
                "College": "Accounting",
                "FieldsOfStudy": [
                    "Accountancy",
                    "Business Administration",
                    "Management"
                ],
                "Details": "N/A"
            },
            {
                "College": "Business",
                "FieldsOfStudy": [
                    "Business Administration",
                    "Management"
                ],
                "Details": "N/A"
            },
            {
                "College": "Healthcare",
                "FieldsOfStudy": [
                    "Health Administration",
                    "Medical Technology"
                ],
                "Details": "N/A"
            },
            {
                "College": "Liberal Arts",
                "FieldsOfStudy": [
                    "Communication Arts",
                    "Justice Administration"
                ],
                "Details": "N/A"
            },
            {
                "College": "Media Arts",
                "FieldsOfStudy": [
                    "Computer Graphics",
                    "Computer Science"
                ],
                "Details": "N/A"
            },
            {
                "College": "Technology",
                "FieldsOfStudy": [
                    "Information Sciences",
                    "Information Technology"
                ],
                "Details": "N/A"
            },
            {
                "College": "Keller Graduate School of Management",
                "FieldsOfStudy": [
                    "Business Administration",
                    "Management"
                ],
                "Details": "N/A"
            }
        ],
        "Degrees": {
            "Undergraduate": {
                "CertificateOrDiploma": [],
                "Bachelor'sDegree": [
                    "Business Administration",
                    "Communication Studies",
                    "Computer Engineering",
                    "Computer Science",
                    "Criminology",
                    "Engineering",
                    "Health Administration",
                    "Management",
                    "Medical Technology",
                    "Software Engineering",
                    "Technology",
                    "Telecommunications Engineering"
                ]
            },
            "Postgraduate": {
                "PostBachelor'sDiplomaOrCertificate": [
                    "Business Administration",
                    "Human Resources",
                    "Management"
                ],
                "Master'sDegree": [
                    "Accountancy",
                    "Business Administration",
                    "Computer Networks",
                    "Finance",
                    "Health Administration",
                    "Human Resources",
                    "Information Technology",
                    "Public Administration"
                ],
                "Doctor'sDegrees": [],
                "ResearchScholarship": [],
                "EducationSpecialistDegree": []
            }
        }
    },
    {
        "GeneralInformation": {
            "Address": {
                "Street": "1500 College Parkway",
                "City": "Elko",
                "Province": "Nevada",
                "PostCode": "89801",
                "Website": "https://www.gbcnv.edu",
                "college_name": "Great Basin College",
                "university_name": "(GBC)"
            },
            "InstitutionFunding": "Public",
            "History": "Founded 1967.",
            "AcademicYear": "N/A",
            "AdmissionRequirements": [],
            "Languages": [
                "English"
            ],
            "StudentBody": "co-ed"
        },
        "Divisions": [
            {
                "College": "Arts and Science",
                "FieldsOfStudy": [
                    "Biology",
                    "Engineering",
                    "English",
                    "Environmental Studies",
                    "Geography",
                    "Geology",
                    "Natural Resources",
                    "Physics",
                    "Surveying and Mapping"
                ],
                "Details": "N/A"
            },
            {
                "College": "Business",
                "FieldsOfStudy": [
                    "Accountancy",
                    "Business Administration",
                    "Human Resources",
                    "Management",
                    "Real Estate"
                ],
                "Details": "N/A"
            },
            {
                "College": "Computer Technologies",
                "FieldsOfStudy": [
                    "Computer Engineering",
                    "Computer Graphics",
                    "Computer Networks",
                    "Computer Science",
                    "Information Technology",
                    "Surveying and Mapping"
                ],
                "Details": "N/A"
            },
            {
                "College": "Education",
                "FieldsOfStudy": [
                    "Education",
                    "Physical Education",
                    "Preschool Education",
                    "Primary Education",
                    "Secondary Education"
                ],
                "Details": "N/A"
            },
            {
                "College": "English",
                "FieldsOfStudy": [
                    "Communication Studies",
                    "English",
                    "Journalism",
                    "Library Science",
                    "Literacy Education"
                ],
                "Details": "N/A"
            },
            {
                "College": "Fine Arts and Humanities",
                "FieldsOfStudy": [
                    "Arts and Humanities",
                    "Dance",
                    "Film",
                    "Fine Arts",
                    "French",
                    "German",
                    "Music",
                    "Philosophy",
                    "Spanish",
                    "Theatre"
                ],
                "Details": "N/A"
            },
            {
                "College": "Health Sciences",
                "FieldsOfStudy": [
                    "Medical Auxiliaries",
                    "Medical Technology",
                    "Nursing",
                    "Radiology"
                ],
                "Details": "N/A"
            },
            {
                "College": "Human and Social Services",
                "FieldsOfStudy": [
                    "Social and Community Services",
                    "Social Work"
                ],
                "Details": "N/A"
            },
            {
                "College": "Mathematics",
                "FieldsOfStudy": [
                    "Mathematics",
                    "Statistics"
                ],
                "Details": "N/A"
            },
            {
                "College": "Social Sciences",
                "FieldsOfStudy": [
                    "Criminology",
                    "Social Sciences"
                ],
                "Details": "N/A"
            },
            {
                "College": "Technology/Industry",
                "FieldsOfStudy": [
                    "Automotive Engineering",
                    "Construction Engineering",
                    "Electrical Engineering",
                    "Electronic Engineering",
                    "Heating and Refrigeration",
                    "Industrial Engineering",
                    "Industrial Maintenance",
                    "Management",
                    "Metal Techniques",
                    "Mining Engineering",
                    "Technology",
                    "Wood Technology"
                ],
                "Details": "N/A"
            }
        ],
        "Degrees": {
            "Undergraduate": {
                "CertificateOrDiploma": [],
                "Bachelor'sDegree": [
                    "Biology",
                    "English",
                    "Information Technology",
                    "Management",
                    "Medical Technology",
                    "Natural Resources",
                    "Nursing",
                    "Preschool Education",
                    "Primary Education",
                    "Secondary Education",
                    "Social and Community Services",
                    "Social Sciences",
                    "Social Work",
                    "Surveying and Mapping",
                    "Technology"
                ]
            },
            "Postgraduate": {
                "PostBachelor'sDiplomaOrCertificate": [],
                "Master'sDegree": [],
                "Doctor'sDegrees": [],
                "ResearchScholarship": [],
                "EducationSpecialistDegree": []
            }
        }
    },
    {
        "GeneralInformation": {
            "Address": {
                "Street": "1300 Nevada State Drive",
                "City": "Henderson",
                "Province": "Nevada",
                "PostCode": "89002",
                "Website": "https://nevadastate.edu",
                "college_name": "Nevada State University",
                "university_name": "admissions@nsc.edu"
            },
            "InstitutionFunding": "Public",
            "History": "Founded as Nevada State College, 2002. Acquired present title 2023.",
            "AcademicYear": "N/A",
            "AdmissionRequirements": [],
            "Languages": [
                "English"
            ],
            "StudentBody": "co-ed"
        },
        "Divisions": [
            {
                "College": "Education",
                "FieldsOfStudy": [
                    "Bilingual and Bicultural Education",
                    "Education",
                    "Primary Education",
                    "Science Education",
                    "Secondary Education",
                    "Speech Therapy and Audiology",
                    "Teacher Training"
                ],
                "Details": "N/A"
            },
            {
                "College": "Liberal Arts, Sciences, & Business",
                "FieldsOfStudy": [
                    "Biology",
                    "Business Administration",
                    "Communication Studies",
                    "Criminology",
                    "English",
                    "Environmental Studies",
                    "Ethnology",
                    "Mathematics",
                    "Multimedia",
                    "Psychology",
                    "Sociology",
                    "Visual Arts"
                ],
                "Details": "N/A"
            },
            {
                "College": "Nursing",
                "FieldsOfStudy": [
                    "Nursing"
                ],
                "Details": "N/A"
            }
        ],
        "Degrees": {
            "Undergraduate": {
                "CertificateOrDiploma": [],
                "Bachelor'sDegree": [
                    "Bilingual and Bicultural Education",
                    "Biology",
                    "Business Administration",
                    "Communication Studies",
                    "Computer Engineering",
                    "Criminology",
                    "Education",
                    "Education of the Handicapped",
                    "Electrical Engineering",
                    "English",
                    "Environmental Studies",
                    "Health Sciences",
                    "History",
                    "Humanities and Social Science Education",
                    "Information Technology",
                    "Management",
                    "Mathematics",
                    "Mathematics Education",
                    "Natural Resources",
                    "Preschool Education",
                    "Primary Education",
                    "Psychology",
                    "Public Administration",
                    "Science Education",
                    "Secondary Education",
                    "Speech Therapy and Audiology",
                    "Visual Arts"
                ]
            },
            "Postgraduate": {
                "PostBachelor'sDiplomaOrCertificate": [],
                "Master'sDegree": [
                    "Speech Therapy and Audiology"
                ],
                "Doctor'sDegrees": [],
                "ResearchScholarship": [],
                "EducationSpecialistDegree": []
            }
        }
    },
    {
        "GeneralInformation": {
            "Address": {
                "Street": "11 Sunset Way",
                "City": "Henderson",
                "Province": "Nevada",
                "PostCode": "89014",
                "Website": "https://www.roseman.edu",
                "college_name": "Roseman University of Health Sciences",
                "university_name": "(USN)"
            },
            "InstitutionFunding": "Private",
            "History": "Founded in 1999 as the Nevada College of Pharmacy. Acquired current title and status 2004. Formerly known as University of Southern Nevada.",
            "AcademicYear": "July to June",
            "AdmissionRequirements": [
                "Nursing: GPA of 3",
                "00 or above, with a cumulative non-science GPA of 2",
                "5 or above; completion of 57 semester credit hours or equivalent of specific coursework unless granted a waiver; interview",
                "MBA: Bachelor's degree or equivalent",
                "Pharmacy: completion of 60 credit hours or equivalent; GPA of 2",
                "8/4",
                "00"
            ],
            "Languages": [
                "English"
            ],
            "StudentBody": "co-ed"
        },
        "Divisions": [
            {
                "College": "Dental Medicine",
                "FieldsOfStudy": [
                    "Dentistry",
                    "Orthodontics"
                ],
                "Details": "N/A"
            },
            {
                "College": "Medicine",
                "FieldsOfStudy": [
                    "Medicine"
                ],
                "Details": "N/A"
            },
            {
                "College": "Nursing",
                "FieldsOfStudy": [
                    "Nursing"
                ],
                "Details": "N/A"
            },
            {
                "College": "Pharmacy",
                "FieldsOfStudy": [
                    "Pharmacy"
                ],
                "Details": "N/A"
            }
        ],
        "Degrees": {
            "Undergraduate": {
                "CertificateOrDiploma": [],
                "Bachelor'sDegree": [
                    "Nursing"
                ]
            },
            "Postgraduate": {
                "PostBachelor'sDiplomaOrCertificate": [],
                "Master'sDegree": [
                    "Biomedicine",
                    "Nursing",
                    "Pharmacy"
                ],
                "Doctor'sDegrees": [
                    "Dentistry",
                    "Medicine",
                    "Pharmacy"
                ],
                "ResearchScholarship": [],
                "EducationSpecialistDegree": []
            }
        }
    },
    {
        "GeneralInformation": {
            "Address": {
                "Street": "874 American Pacific Drive",
                "City": "Henderson",
                "Province": "Nevada",
                "PostCode": "89014",
                "Website": "https://tun.touro.edu",
                "college_name": "Touro University Nevada",
                "university_name": ""
            },
            "InstitutionFunding": "Private",
            "History": "Founded 2004",
            "AcademicYear": "N/A",
            "AdmissionRequirements": [],
            "Languages": [
                "English"
            ],
            "StudentBody": "co-ed"
        },
        "Divisions": [
            {
                "College": "Health and Human Services",
                "FieldsOfStudy": [
                    "Education",
                    "Health Sciences",
                    "Medical Auxiliaries",
                    "Nursing",
                    "Occupational Therapy",
                    "Physical Therapy"
                ],
                "Details": "N/A"
            },
            {
                "College": "Osteopathic Medicine",
                "FieldsOfStudy": [
                    "Osteopathy"
                ],
                "Details": "N/A"
            }
        ],
        "Degrees": {
            "Undergraduate": {
                "CertificateOrDiploma": [],
                "Bachelor'sDegree": [
                    "Nursing"
                ]
            },
            "Postgraduate": {
                "PostBachelor'sDiplomaOrCertificate": [],
                "Master'sDegree": [
                    "Education",
                    "Educational and Student Counselling",
                    "Health Sciences",
                    "Medical Auxiliaries",
                    "Nursing",
                    "Occupational Therapy"
                ],
                "Doctor'sDegrees": [
                    "Education",
                    "Medical Auxiliaries",
                    "Nursing",
                    "Osteopathy",
                    "Physical Therapy"
                ],
                "ResearchScholarship": [],
                "EducationSpecialistDegree": []
            }
        }
    },
    {
        "GeneralInformation": {
            "Address": {
                "Street": "7000 Dandini Boulevard",
                "City": "Reno",
                "Province": "Nevada",
                "PostCode": "89512",
                "Website": "https://www.tmcc.edu",
                "college_name": "Truckee Meadows Community College",
                "university_name": "(TMCC)"
            },
            "InstitutionFunding": "Public",
            "History": "Founded 1971",
            "AcademicYear": "N/A",
            "AdmissionRequirements": [],
            "Languages": [
                "English"
            ],
            "StudentBody": "co-ed"
        },
        "Divisions": [
            {
                "College": "Architecture, Construction, and Building Trades",
                "FieldsOfStudy": [
                    "Architecture"
                ],
                "Details": "N/A"
            },
            {
                "College": "Business, Entrepreneurship, and Professional Services",
                "FieldsOfStudy": [
                    "Accountancy",
                    "Cooking and Catering",
                    "Entrepreneurship",
                    "Hotel Management",
                    "Law",
                    "Office Management",
                    "Real Estate",
                    "Retailing and Wholesaling",
                    "Small Business",
                    "Tourism"
                ],
                "Details": "N/A"
            },
            {
                "College": "Computer and Information Technology",
                "FieldsOfStudy": [
                    "Computer Engineering",
                    "Computer Science",
                    "Information Technology"
                ],
                "Details": "N/A"
            },
            {
                "College": "Culinary & Hospitality",
                "FieldsOfStudy": [
                    "Cooking and Catering",
                    "Hotel and Restaurant",
                    "Hotel Management",
                    "Tourism"
                ],
                "Details": "N/A"
            },
            {
                "College": "Education and Child Development",
                "FieldsOfStudy": [
                    "Education",
                    "Educational Administration",
                    "Preschool Education",
                    "Primary Education",
                    "Secondary Education",
                    "Technology Education"
                ],
                "Details": "N/A"
            },
            {
                "College": "General Education",
                "FieldsOfStudy": [
                    "Education"
                ],
                "Details": "N/A"
            },
            {
                "College": "Graphic Arts and Media",
                "FieldsOfStudy": [
                    "Graphic Arts",
                    "Media Studies"
                ],
                "Details": "N/A"
            },
            {
                "College": "Health Care and Veterinary Medicine",
                "FieldsOfStudy": [
                    "Arts and Humanities",
                    "Dental Science",
                    "Dietetics",
                    "Fine Arts",
                    "Health Sciences",
                    "Kinesiology",
                    "Medical Technology",
                    "Natural Sciences",
                    "Nursing",
                    "Veterinary Science",
                    "Wildlife"
                ],
                "Details": "N/A"
            },
            {
                "College": "Languages and Communications",
                "FieldsOfStudy": [
                    "Communication Studies",
                    "English",
                    "Spanish"
                ],
                "Details": "N/A"
            },
            {
                "College": "Law and Public Safety",
                "FieldsOfStudy": [
                    "Criminology",
                    "Fire Science",
                    "Law",
                    "Political Sciences",
                    "Protective Services"
                ],
                "Details": "N/A"
            },
            {
                "College": "Manufacturing and Production",
                "FieldsOfStudy": [
                    "Automation",
                    "Computer Science",
                    "Energy Engineering",
                    "Industrial Engineering",
                    "Industrial Maintenance",
                    "Logistics Management",
                    "Metal Techniques",
                    "Robotics"
                ],
                "Details": "N/A"
            },
            {
                "College": "Science, Technology, Engineering, and Mathematics",
                "FieldsOfStudy": [
                    "Biology",
                    "Chemistry",
                    "Computer Science",
                    "Engineering",
                    "Environmental Studies",
                    "Mathematics",
                    "Wildlife"
                ],
                "Details": "N/A"
            },
            {
                "College": "Society, Social Sciences, and Human Services",
                "FieldsOfStudy": [
                    "Anthropology",
                    "Data Processing",
                    "Development Studies",
                    "Dietetics",
                    "Family Studies",
                    "Fire Science",
                    "Health Sciences",
                    "History",
                    "Kinesiology",
                    "Nursing",
                    "Psychology",
                    "Public Health",
                    "Social Work",
                    "Spanish"
                ],
                "Details": "N/A"
            },
            {
                "College": "Transportation and Logistics",
                "FieldsOfStudy": [
                    "Automotive Engineering",
                    "Logistics Management",
                    "Petroleum and Gas Engineering"
                ],
                "Details": "N/A"
            },
            {
                "College": "Visual & Performing Arts",
                "FieldsOfStudy": [
                    "Performing Arts",
                    "Visual Arts"
                ],
                "Details": "N/A"
            }
        ],
        "Degrees": {
            "Undergraduate": {
                "CertificateOrDiploma": [],
                "Bachelor'sDegree": [
                    "Architecture",
                    "Dental Hygiene",
                    "Logistics Management",
                    "Nursing",
                    "Protective Services",
                    "Technology Education"
                ]
            },
            "Postgraduate": {
                "PostBachelor'sDiplomaOrCertificate": [],
                "Master'sDegree": [],
                "Doctor'sDegrees": [],
                "ResearchScholarship": [],
                "EducationSpecialistDegree": []
            }
        }
    },
    {
        "GeneralInformation": {
            "Address": {
                "Street": "4505 s. Maryland Parkway",
                "City": "Las Vegas",
                "Province": "Nevada",
                "PostCode": "89154",
                "Website": "https://www.unlv.edu",
                "college_name": "University of Nevada-Las Vegas",
                "university_name": "(UNLV)"
            },
            "InstitutionFunding": "Public",
            "History": "Founded 1957.",
            "AcademicYear": "August to May (August-December; January-May). Also Summer Session (June-August)",
            "AdmissionRequirements": [
                "Graduation from high school or equivalent, and College Board SAT or ACT examination",
                "TOEFL test for foreign students"
            ],
            "Languages": [
                "English"
            ],
            "StudentBody": "co-ed"
        },
        "Divisions": [
            {
                "College": "Education",
                "FieldsOfStudy": [
                    "Curriculum",
                    "Education",
                    "Educational Administration",
                    "Educational and Student Counselling",
                    "Educational Psychology",
                    "Foreign Languages Education",
                    "Native Language Education",
                    "Preschool Education",
                    "Primary Education",
                    "Secondary Education",
                    "Special Education",
                    "Sports",
                    "Sports Management"
                ],
                "Details": "N/A"
            },
            {
                "College": "Engineering",
                "FieldsOfStudy": [
                    "Aeronautical and Aerospace Engineering",
                    "Biomedical Engineering",
                    "Civil Engineering",
                    "Computer Engineering",
                    "Computer Science",
                    "Construction Engineering",
                    "Data Processing",
                    "Design",
                    "Electrical Engineering",
                    "Engineering Management",
                    "Environmental Engineering",
                    "Mechanical Engineering",
                    "Military Science"
                ],
                "Details": "Howard R. Hughes"
            },
            {
                "College": "Fine Arts",
                "FieldsOfStudy": [
                    "Architecture",
                    "Art History",
                    "Dance",
                    "Display and Stage Design",
                    "Film",
                    "Fine Arts",
                    "Interior Design",
                    "Jazz and Popular Music",
                    "Landscape Architecture",
                    "Music",
                    "Music Education",
                    "Music Theory and Composition",
                    "Musical Instruments",
                    "Painting and Drawing",
                    "Sculpture",
                    "Singing",
                    "Theatre"
                ],
                "Details": "N/A"
            },
            {
                "College": "Hospitality",
                "FieldsOfStudy": [
                    "Cooking and Catering",
                    "Hotel Management",
                    "Tourism"
                ],
                "Details": "William F. Harrah"
            },
            {
                "College": "Liberal Arts",
                "FieldsOfStudy": [
                    "African American Studies",
                    "Anthropology",
                    "Asian Studies",
                    "Clinical Psychology",
                    "English",
                    "Gender Studies",
                    "Hispanic American Studies",
                    "History",
                    "Indigenous Studies",
                    "Latin American Studies",
                    "Literature",
                    "Modern Languages",
                    "Native American Studies",
                    "Neurosciences",
                    "Philosophy",
                    "Political Sciences",
                    "Psychology",
                    "Sociology",
                    "Translation and Interpretation",
                    "Women's Studies",
                    "Writing"
                ],
                "Details": "N/A"
            },
            {
                "College": "Sciences",
                "FieldsOfStudy": [
                    "Applied Mathematics",
                    "Astronomy and Space Science",
                    "Biochemistry",
                    "Biology",
                    "Cell Biology",
                    "Chemistry",
                    "Earth Sciences",
                    "Ecology",
                    "Environmental Studies",
                    "Geography",
                    "Geology",
                    "Mathematics",
                    "Mathematics Education",
                    "Microbiology",
                    "Molecular Biology",
                    "Neurosciences",
                    "Physics",
                    "Physiology",
                    "Water Management"
                ],
                "Details": "N/A"
            },
            {
                "College": "Urban Affairs",
                "FieldsOfStudy": [
                    "Communication Studies",
                    "Criminal Law",
                    "Environmental Studies",
                    "Family Studies",
                    "Journalism",
                    "Management",
                    "Media Studies",
                    "Public Administration",
                    "Social Work"
                ],
                "Details": "Greenspun"
            },
            {
                "College": "Business",
                "FieldsOfStudy": [
                    "Accountancy",
                    "Business Administration",
                    "Economics",
                    "Finance",
                    "Health Administration",
                    "Hotel Management",
                    "Information Technology",
                    "International Business",
                    "Management",
                    "Marketing",
                    "Real Estate",
                    "Small Business"
                ],
                "Details": "Lee"
            },
            {
                "College": "Dental Medicine",
                "FieldsOfStudy": [
                    "Dentistry",
                    "Orthodontics"
                ],
                "Details": "N/A"
            },
            {
                "College": "Integrated Health Sciences",
                "FieldsOfStudy": [
                    "Dietetics",
                    "Health Administration",
                    "Health Sciences",
                    "Kinesiology",
                    "Medical Technology",
                    "Neurosciences",
                    "Nutrition",
                    "Occupational Health",
                    "Occupational Therapy",
                    "Physical Therapy",
                    "Physics"
                ],
                "Details": "N/A"
            },
            {
                "College": "Law",
                "FieldsOfStudy": [
                    "Law"
                ],
                "Details": "William S. Boyd"
            },
            {
                "College": "Medicine",
                "FieldsOfStudy": [
                    "Medicine",
                    "Neurosciences"
                ],
                "Details": "Kirk Kerkorian"
            },
            {
                "College": "Nursing",
                "FieldsOfStudy": [
                    "Nursing"
                ],
                "Details": "N/A"
            },
            {
                "College": "Public Health",
                "FieldsOfStudy": [
                    "Environmental Management",
                    "Epidemiology",
                    "Health Administration",
                    "Health Education",
                    "Occupational Health",
                    "Public Health"
                ],
                "Details": "N/A"
            }
        ],
        "Degrees": {
            "Undergraduate": {
                "CertificateOrDiploma": [
                    "Design",
                    "Education",
                    "Energy Engineering",
                    "Nuclear Engineering",
                    "Nursing",
                    "Psychology",
                    "Teacher Training",
                    "Writing"
                ],
                "Bachelor'sDegree": [
                    "Accountancy",
                    "African American Studies",
                    "Anthropology",
                    "Architecture",
                    "Art History",
                    "Asian Studies",
                    "Biochemistry",
                    "Biology",
                    "Business Administration",
                    "Cell Biology",
                    "Chemistry",
                    "Civil Engineering",
                    "Communication Studies",
                    "Computer Engineering",
                    "Computer Science",
                    "Construction Engineering",
                    "Criminology",
                    "Dance",
                    "Design",
                    "Earth Sciences",
                    "Economics",
                    "Electrical Engineering",
                    "English",
                    "Entrepreneurship",
                    "Environmental Studies",
                    "Film",
                    "Fine Arts",
                    "Gender Studies",
                    "Geology",
                    "Graphic Design",
                    "Health Administration",
                    "Health Sciences",
                    "History",
                    "Hotel Management",
                    "Information Technology",
                    "Interior Design",
                    "International Business",
                    "Jazz and Popular Music",
                    "Journalism",
                    "Kinesiology",
                    "Landscape Architecture",
                    "Latin American Studies",
                    "Management",
                    "Marketing",
                    "Mathematics",
                    "Mechanical Engineering",
                    "Media Studies",
                    "Medical Technology",
                    "Microbiology",
                    "Molecular Biology",
                    "Music",
                    "Nursing",
                    "Nutrition",
                    "Occupational Health",
                    "Painting and Drawing",
                    "Philosophy",
                    "Photography",
                    "Physics",
                    "Political Sciences",
                    "Preschool Education",
                    "Primary Education",
                    "Printing and Printmaking",
                    "Psychology",
                    "Public Health",
                    "Real Estate",
                    "Sculpture",
                    "Secondary Education",
                    "Social and Community Services",
                    "Social Sciences",
                    "Social Work",
                    "Sociology",
                    "Special Education",
                    "Theatre",
                    "Urban Studies",
                    "Writing"
                ]
            },
            "Postgraduate": {
                "PostBachelor'sDiplomaOrCertificate": [],
                "Master'sDegree": [
                    "Accountancy",
                    "Aeronautical and Aerospace Engineering",
                    "Anthropology",
                    "Architecture",
                    "Astronomy and Space Science",
                    "Biochemistry",
                    "Biology",
                    "Business Administration",
                    "Business Computing",
                    "Chemistry",
                    "Civil Engineering",
                    "Clinical Psychology",
                    "Communication Studies",
                    "Computer Science",
                    "Construction Engineering",
                    "Criminology",
                    "Curriculum",
                    "Earth Sciences",
                    "Economics",
                    "Education",
                    "Educational Administration",
                    "Educational and Student Counselling",
                    "Educational Psychology",
                    "Electrical Engineering",
                    "Engineering",
                    "English",
                    "Environmental Engineering",
                    "Family Studies",
                    "Finance",
                    "Fine Arts",
                    "Health Administration",
                    "Health Sciences",
                    "Higher Education",
                    "History",
                    "Hotel Management",
                    "Information Technology",
                    "Journalism",
                    "Kinesiology",
                    "Leadership",
                    "Mathematics",
                    "Mechanical Engineering",
                    "Media Studies",
                    "Music",
                    "Nuclear Engineering",
                    "Nursing",
                    "Nutrition",
                    "Oral Pathology",
                    "Physics",
                    "Physiology",
                    "Political Sciences",
                    "Preschool Education",
                    "Primary Education",
                    "Protective Services",
                    "Public Administration",
                    "Public Health",
                    "Secondary Education",
                    "Social Work",
                    "Spanish",
                    "Special Education",
                    "Sports",
                    "Sports Management",
                    "Theatre",
                    "Water Management",
                    "Writing"
                ],
                "Doctor'sDegrees": [
                    "Biomedicine",
                    "Computer Science",
                    "Curriculum",
                    "Dentistry",
                    "Education",
                    "Educational Administration",
                    "Information Technology",
                    "Law",
                    "Medical Technology",
                    "Medicine",
                    "Music",
                    "Nursing",
                    "Occupational Therapy",
                    "Physical Therapy",
                    "Public Administration"
                ],
                "ResearchScholarship": [
                    "Anthropology",
                    "Astronomy and Space Science",
                    "Biological and Life Sciences",
                    "Chemistry",
                    "Civil Engineering",
                    "Clinical Psychology",
                    "Computer Science",
                    "Criminal Law",
                    "Criminology",
                    "Curriculum",
                    "Earth Sciences",
                    "Educational Psychology",
                    "Educational Technology",
                    "Electrical Engineering",
                    "English",
                    "Environmental Engineering",
                    "Environmental Studies",
                    "Experimental Psychology",
                    "Health Education",
                    "Higher Education",
                    "History",
                    "Hotel and Restaurant",
                    "Human Resources",
                    "Leadership",
                    "Mathematics",
                    "Mechanical Engineering",
                    "Neurosciences",
                    "Oral Pathology",
                    "Philosophy",
                    "Physical Therapy",
                    "Physics",
                    "Political Sciences",
                    "Psychology",
                    "Public Administration",
                    "Public Health",
                    "Sociology",
                    "Special Education",
                    "Teacher Training",
                    "Water Management",
                    "Writing"
                ],
                "EducationSpecialistDegree": [
                    "Curriculum",
                    "Educational Psychology"
                ]
            }
        }
    },
    {
        "GeneralInformation": {
            "Address": {
                "Street": "1664 North Virginia Street",
                "City": "Reno",
                "Province": "Nevada",
                "PostCode": "89557",
                "Website": "https://www.unr.edu",
                "college_name": "University of Nevada-Reno",
                "university_name": ""
            },
            "InstitutionFunding": "Public",
            "History": "Founded 1874. A State and Grant institution.",
            "AcademicYear": "August to May. Also Summer Session (May-August)",
            "AdmissionRequirements": [
                "Graduation from high school or equivalent, and College Board SAT or ACT examination",
                "TOEFL test for foreign students"
            ],
            "Languages": [
                "English"
            ],
            "StudentBody": "co-ed"
        },
        "Divisions": [
            {
                "College": "Agriculture, Biotechnology and Natural Resources",
                "FieldsOfStudy": [
                    "Agriculture",
                    "Biochemistry",
                    "Biotechnology",
                    "Dietetics",
                    "Ecology",
                    "Environmental Studies",
                    "Forest Management",
                    "Hydraulic Engineering",
                    "Molecular Biology",
                    "Nutrition",
                    "Veterinary Science",
                    "Wildlife"
                ],
                "Details": "N/A"
            },
            {
                "College": "Business",
                "FieldsOfStudy": [
                    "Accountancy",
                    "Business Administration",
                    "Economics",
                    "Finance",
                    "International Business",
                    "Management",
                    "Marketing"
                ],
                "Details": "N/A"
            },
            {
                "College": "Education & Human Development",
                "FieldsOfStudy": [
                    "Education",
                    "Educational and Student Counselling",
                    "Educational Psychology",
                    "Family Studies",
                    "Preschool Education",
                    "Primary Education",
                    "Special Education",
                    "Teacher Training"
                ],
                "Details": "N/A"
            },
            {
                "College": "Engineering",
                "FieldsOfStudy": [
                    "Biomedical Engineering",
                    "Chemical Engineering",
                    "Civil Engineering",
                    "Computer Engineering",
                    "Computer Science",
                    "Electrical Engineering",
                    "Engineering",
                    "Environmental Engineering",
                    "Mechanical Engineering",
                    "Metallurgical Engineering",
                    "Mining Engineering"
                ],
                "Details": "N/A"
            },
            {
                "College": "Liberal Arts",
                "FieldsOfStudy": [
                    "Anthropology",
                    "Art Education",
                    "Arts and Humanities",
                    "Communication Studies",
                    "Criminology",
                    "Dance",
                    "English",
                    "Fine Arts",
                    "History",
                    "Literature",
                    "Military Science",
                    "Modern Languages",
                    "Music",
                    "Philosophy",
                    "Political Sciences",
                    "Psychology",
                    "Sociology",
                    "Theatre"
                ],
                "Details": "N/A"
            },
            {
                "College": "Science",
                "FieldsOfStudy": [
                    "Biology",
                    "Chemistry",
                    "Earth Sciences",
                    "Geography",
                    "Geological Engineering",
                    "Mathematics",
                    "Mining Engineering",
                    "Physics",
                    "Statistics"
                ],
                "Details": "N/A"
            },
            {
                "College": "Health Sciences",
                "FieldsOfStudy": [
                    "Community Health",
                    "Medicine",
                    "Social Work"
                ],
                "Details": "N/A"
            },
            {
                "College": "Journalism",
                "FieldsOfStudy": [
                    "Journalism"
                ],
                "Details": "Donald W. Reynolds\n"
            },
            {
                "College": "Medicine",
                "FieldsOfStudy": [
                    "Medicine",
                    "Speech Therapy and Audiology"
                ],
                "Details": "N/A"
            },
            {
                "College": "Nursing",
                "FieldsOfStudy": [
                    "Nursing"
                ],
                "Details": "Orvis"
            },
            {
                "College": "Public Health",
                "FieldsOfStudy": [
                    "Public Health"
                ],
                "Details": "N/A"
            },
            {
                "College": "Social Work",
                "FieldsOfStudy": [
                    "Social Work"
                ],
                "Details": "N/A"
            }
        ],
        "Degrees": {
            "Undergraduate": {
                "CertificateOrDiploma": [],
                "Bachelor'sDegree": [
                    "Accountancy",
                    "Agricultural Economics",
                    "Agriculture",
                    "Anthropology",
                    "Art History",
                    "Biochemistry",
                    "Biomedical Engineering",
                    "Biotechnology",
                    "Business Administration",
                    "Chemical Engineering",
                    "Chemistry",
                    "Civil Engineering",
                    "Communication Studies",
                    "Computer Engineering",
                    "Criminology",
                    "Dance",
                    "Development Studies",
                    "Ecology",
                    "Economics",
                    "Electrical Engineering",
                    "English",
                    "Environmental Engineering",
                    "Environmental Studies",
                    "Family Studies",
                    "Finance",
                    "Fine Arts",
                    "Forest Management",
                    "French",
                    "Gender Studies",
                    "Geography",
                    "Geological Engineering",
                    "Geology",
                    "Geophysics",
                    "History",
                    "Immunology",
                    "Information Technology",
                    "International Business",
                    "International Studies",
                    "Journalism",
                    "Kinesiology",
                    "Linguistics",
                    "Management",
                    "Marketing",
                    "Materials Engineering",
                    "Mathematics",
                    "Mechanical Engineering",
                    "Metallurgical Engineering",
                    "Meteorology",
                    "Mining Engineering",
                    "Molecular Biology",
                    "Music",
                    "Neurosciences",
                    "Nursing",
                    "Nutrition",
                    "Philosophy",
                    "Physical Engineering",
                    "Physics",
                    "Political Sciences",
                    "Preschool Education",
                    "Primary Education",
                    "Psychology",
                    "Public Health",
                    "Secondary Education",
                    "Social Work",
                    "Sociology",
                    "Spanish",
                    "Speech Therapy and Audiology",
                    "Teacher Training",
                    "Theatre",
                    "Veterinary Science",
                    "Water Science",
                    "Wildlife"
                ]
            },
            "Postgraduate": {
                "PostBachelor'sDiplomaOrCertificate": [],
                "Master'sDegree": [
                    "Accountancy",
                    "Animal Husbandry",
                    "Anthropology",
                    "Architecture and Planning",
                    "Behavioural Sciences",
                    "Biochemistry",
                    "Biology",
                    "Biomedical Engineering",
                    "Biotechnology",
                    "Business Administration",
                    "Cell Biology",
                    "Chemical Engineering",
                    "Chemistry",
                    "Civil Engineering",
                    "Communication Studies",
                    "Computer Engineering",
                    "Computer Science",
                    "Criminology",
                    "Curriculum",
                    "Development Studies",
                    "Earth Sciences",
                    "Ecology",
                    "Economics",
                    "Education",
                    "Educational Administration",
                    "Educational and Student Counselling",
                    "Electrical Engineering",
                    "English",
                    "Environmental Engineering",
                    "Environmental Studies",
                    "Family Studies",
                    "Finance",
                    "Fine Arts",
                    "Gender Studies",
                    "Geography",
                    "Geological Engineering",
                    "Geology",
                    "Geophysics",
                    "Higher Education",
                    "History",
                    "Information Technology",
                    "Journalism",
                    "Justice Administration",
                    "Kinesiology",
                    "Law",
                    "Literature",
                    "Materials Engineering",
                    "Mathematics",
                    "Mechanical Engineering",
                    "Metallurgical Engineering",
                    "Meteorology",
                    "Mining Engineering",
                    "Modern Languages",
                    "Molecular Biology",
                    "Music",
                    "Music Education",
                    "Natural Resources",
                    "Neurosciences",
                    "Nursing",
                    "Nutrition",
                    "Philosophy",
                    "Physics",
                    "Political Sciences",
                    "Primary Education",
                    "Psychology",
                    "Public Administration",
                    "Public Health",
                    "Secondary Education",
                    "Social Work",
                    "Sociology",
                    "Spanish",
                    "Special Education",
                    "Speech Therapy and Audiology",
                    "Statistics",
                    "Visual Arts",
                    "Water Science",
                    "Writing"
                ],
                "Doctor'sDegrees": [
                    "Medicine",
                    "Music",
                    "Nursing"
                ],
                "ResearchScholarship": [
                    "Anthropology",
                    "Applied Physics",
                    "Biochemistry",
                    "Biology",
                    "Biomedical Engineering",
                    "Business Administration",
                    "Cell Biology",
                    "Chemical Engineering",
                    "Chemistry",
                    "Civil Engineering",
                    "Computer Engineering",
                    "Computer Science",
                    "Cultural Studies",
                    "Curriculum",
                    "Development Studies",
                    "Earth Sciences",
                    "Ecology",
                    "Economics",
                    "Education",
                    "Educational Administration",
                    "Educational Psychology",
                    "Electrical Engineering",
                    "Engineering",
                    "English",
                    "Environmental Engineering",
                    "Environmental Studies",
                    "Family Studies",
                    "Geography",
                    "Geological Engineering",
                    "Geology",
                    "Geophysics",
                    "History",
                    "Law",
                    "Literacy Education",
                    "Materials Engineering",
                    "Mathematics",
                    "Mathematics Education",
                    "Mechanical Engineering",
                    "Medicine",
                    "Meteorology",
                    "Mining Engineering",
                    "Molecular Biology",
                    "Music",
                    "Natural Resources",
                    "Neurosciences",
                    "Pharmacology",
                    "Physics",
                    "Physiology",
                    "Political Sciences",
                    "Psychology",
                    "Public Health",
                    "Science Education",
                    "Social Psychology",
                    "Special Education",
                    "Speech Therapy and Audiology",
                    "Statistics",
                    "Technology Education",
                    "Water Science"
                ],
                "EducationSpecialistDegree": []
            }
        }
    },
    {
        "GeneralInformation": {
            "Address": {
                "Street": "2201 West College Parkway",
                "City": "Carson City",
                "Province": "Nevada",
                "PostCode": "89703",
                "Website": "https://wnc.edu",
                "college_name": "Western Nevada College",
                "university_name": "(WNC)"
            },
            "InstitutionFunding": "Public",
            "History": "Founded 1971",
            "AcademicYear": "N/A",
            "AdmissionRequirements": [],
            "Languages": [
                "English"
            ],
            "StudentBody": "co-ed"
        },
        "Divisions": [
            {
                "College": "Liberal Arts",
                "FieldsOfStudy": [
                    "Accountancy",
                    "Arts and Humanities",
                    "Business Administration",
                    "Communication Studies",
                    "Economics",
                    "Education",
                    "Engineering",
                    "English",
                    "Fine Arts",
                    "History",
                    "Information Technology",
                    "Marketing",
                    "Mathematics",
                    "Natural Sciences",
                    "Performing Arts",
                    "Psychology",
                    "Social Sciences",
                    "Social Work"
                ],
                "Details": "N/A"
            },
            {
                "College": "Nursing and Allied Health",
                "FieldsOfStudy": [
                    "Health Sciences",
                    "Medical Auxiliaries",
                    "Medical Technology",
                    "Nursing"
                ],
                "Details": "N/A"
            },
            {
                "College": "Workforce, Career & Technical Education",
                "FieldsOfStudy": [
                    "Accountancy",
                    "Automotive Engineering",
                    "Business Administration",
                    "Computer Science",
                    "Construction Engineering",
                    "Criminology",
                    "Education",
                    "Graphic Design",
                    "Information Technology",
                    "Machine Building",
                    "Management",
                    "Special Education",
                    "Technology"
                ],
                "Details": "N/A"
            }
        ],
        "Degrees": {
            "Undergraduate": {
                "CertificateOrDiploma": [],
                "Bachelor'sDegree": [
                    "Construction Engineering",
                    "Management"
                ]
            },
            "Postgraduate": {
                "PostBachelor'sDiplomaOrCertificate": [],
                "Master'sDegree": [],
                "Doctor'sDegrees": [],
                "ResearchScholarship": [],
                "EducationSpecialistDegree": []
            }
        }
    },
    {
        "GeneralInformation": {
            "Address": {
                "Street": "8620 South Eastern Avenue",
                "City": "Las Vegas",
                "Province": "Nevada",
                "PostCode": "89123-2836",
                "Website": "https://wongu.edu",
                "college_name": "Wongu University of Oriental Medicine",
                "university_name": ""
            },
            "InstitutionFunding": "Private",
            "History": "Founded 2012",
            "AcademicYear": "N/A",
            "AdmissionRequirements": [],
            "Languages": [
                "English"
            ],
            "StudentBody": "co-ed"
        },
        "Divisions": [
            {
                "College": "Oriental Medicine",
                "FieldsOfStudy": [
                    "Acupuncture and Oriental Medicine"
                ],
                "Details": "N/A"
            }
        ],
        "Degrees": {
            "Undergraduate": {
                "CertificateOrDiploma": [],
                "Bachelor'sDegree": []
            },
            "Postgraduate": {
                "PostBachelor'sDiplomaOrCertificate": [],
                "Master'sDegree": [
                    "Acupuncture and Oriental Medicine"
                ],
                "Doctor'sDegrees": [],
                "ResearchScholarship": [],
                "EducationSpecialistDegree": []
            }
        }
    }
]