[
    {
        "GeneralInformation": {
            "Address": {
                "Street": "Ermitage - Rue des artistes",
                "City": "Fort-de-France",
                "Province": "N/A",
                "PostCode": "97200",
                "Website": "https://cca-martinique.com",
                "college_name": "Caribbean Arts Campus",
                "university_name": "Campus Cara\u00efb\u00e9en des Arts (CCA)"
            },
            "InstitutionFunding": "Public",
            "History": "Founded 2011",
            "AcademicYear": "N/A",
            "AdmissionRequirements": [],
            "Languages": [
                "French"
            ],
            "StudentBody": "co-ed"
        },
        "Divisions": [
            {
                "College": "Arts",
                "FieldsOfStudy": [
                    "Fine Arts",
                    "Visual Arts"
                ],
                "Details": "M\u00e9tiers des Arts"
            },
            {
                "College": "Cinema and Communication",
                "FieldsOfStudy": [
                    "Cinema and Television"
                ],
                "Details": "N/A"
            },
            {
                "College": "Performing Arts",
                "FieldsOfStudy": [
                    "Dance",
                    "Music",
                    "Performing Arts",
                    "Theatre"
                ],
                "Details": "N/A"
            },
            {
                "College": "Research",
                "FieldsOfStudy": "N/A",
                "Details": "N/A"
            },
            {
                "College": "Visual Arts",
                "FieldsOfStudy": [
                    "Visual Arts"
                ],
                "Details": "N/A"
            }
        ],
        "Degrees": {
            "Undergraduate": {
                "CertificateOrDiploma": [],
                "Bachelor'sDegree": []
            },
            "Postgraduate": {
                "PostBachelor'sDiplomaOrCertificate": [],
                "Master'sDegree": [
                    "Design",
                    "Fine Arts",
                    "Visual Arts"
                ],
                "Doctor'sDegrees": [],
                "ResearchScholarship": [],
                "EducationSpecialistDegree": []
            }
        }
    },
    {
        "GeneralInformation": {
            "Address": {
                "Street": "35, boulevard du g\u00e9n\u00e9ral de Gaulle Palais de Justice - BP 447",
                "City": "Fort-de-France",
                "Province": "N/A",
                "PostCode": "97200",
                "Website": "https://www.ecoleavocats-martinique.fr",
                "college_name": "EDA Martinique",
                "university_name": ""
            },
            "InstitutionFunding": "Public",
            "History": "EDA Martinique provides initial training for student lawyers and prepares and exams the Certificate of Aptitude for the Legal Profession (CAPA). It also provides training as part of the continuing education process for practising lawyers",
            "AcademicYear": "N/A",
            "AdmissionRequirements": [],
            "Languages": [
                "French"
            ],
            "StudentBody": "N/A"
        },
        "Divisions": [
            {
                "College": "Lawyer Training",
                "FieldsOfStudy": [
                    "Law"
                ],
                "Details": "N/A"
            }
        ],
        "Degrees": {
            "Undergraduate": {
                "CertificateOrDiploma": [],
                "Bachelor'sDegree": []
            },
            "Postgraduate": {
                "PostBachelor'sDiplomaOrCertificate": [],
                "Master'sDegree": [],
                "Doctor'sDegrees": [],
                "ResearchScholarship": [],
                "EducationSpecialistDegree": []
            }
        }
    },
    {
        "GeneralInformation": {
            "Address": {
                "Street": "BP 250\nCampus de Fouillole",
                "City": "Pointe \u00e0 Pitre",
                "Province": "Cedex",
                "PostCode": "97157",
                "Website": "http://www.univ-ag.fr",
                "college_name": "University of the French West Indies",
                "university_name": "Universit\u00e9 des Antilles"
            },
            "InstitutionFunding": "Public",
            "History": "Founded 1850 as School of Law, became Centre universitaire des Antilles-Guyane 1949. Became Universit\u00e9 des Antilles et de la Guyane (University of the West Indies and Guiana) 1982. Acquired present title resulting from the transformation of the University of the West Indies and Guiana, 2015. The University has two regional university centers, one in Guadeloupe and the other in Martinique.",
            "AcademicYear": "N/A",
            "AdmissionRequirements": [
                "Secondary school certificate (baccalaur\u00e9at) or foreign equivalent, or special entrance examination"
            ],
            "Languages": [
                "French"
            ],
            "StudentBody": "co-ed"
        },
        "Divisions": [
            {
                "College": "Continuing Education (Guadeloupe)",
                "FieldsOfStudy": "N/A",
                "Details": "N/A"
            },
            {
                "College": "Literature, Arts and Humanities (Guadeloupe)",
                "FieldsOfStudy": [
                    "Dance",
                    "English",
                    "History",
                    "Literature",
                    "Music",
                    "Performing Arts",
                    "Social Sciences",
                    "Spanish"
                ],
                "Details": "(St Claude)"
            },
            {
                "College": "Natural Sciences - Martinique",
                "FieldsOfStudy": [
                    "Biological and Life Sciences",
                    "Chemistry",
                    "Mathematics",
                    "Natural Sciences",
                    "Physics"
                ],
                "Details": "DSI"
            },
            {
                "College": "Law and Economics (Guadeloupe)",
                "FieldsOfStudy": [
                    "Economics",
                    "Law",
                    "Political Sciences"
                ],
                "Details": "N/A"
            },
            {
                "College": "Law and Economics (Martinique)",
                "FieldsOfStudy": [
                    "Economics",
                    "Law"
                ],
                "Details": "N/A"
            },
            {
                "College": "Literature and Art and Humanities (Martinique)",
                "FieldsOfStudy": [
                    "Arts and Humanities",
                    "Caribbean Studies",
                    "Educational Sciences",
                    "History",
                    "Information Sciences"
                ],
                "Details": "N/A"
            },
            {
                "College": "Medicine (Guadeloupe)",
                "FieldsOfStudy": [
                    "Medicine"
                ],
                "Details": "H. Bastaraud"
            },
            {
                "College": "Medicine (Martinique)",
                "FieldsOfStudy": [
                    "Medicine"
                ],
                "Details": "N/A"
            },
            {
                "College": "Natural Sciences (Guadeloupe)",
                "FieldsOfStudy": [
                    "Biological and Life Sciences",
                    "Chemistry",
                    "Engineering",
                    "Geology",
                    "Mathematics and Computer Science",
                    "Physics"
                ],
                "Details": "N/A"
            },
            {
                "College": "Sports Sciences (Guadeloupe)",
                "FieldsOfStudy": [
                    "Sports"
                ],
                "Details": "STAPS"
            },
            {
                "College": "Continuing Education (Martinique)",
                "FieldsOfStudy": "N/A",
                "Details": "N/A"
            },
            {
                "College": "Intercultural and Francophone Studies (ICEF)",
                "FieldsOfStudy": [
                    "French"
                ],
                "Details": "N/A"
            },
            {
                "College": "Law (IEJ - Martinique)",
                "FieldsOfStudy": [
                    "Business and Commerce",
                    "Law",
                    "Management",
                    "Transport Management"
                ],
                "Details": "N/A"
            },
            {
                "College": "Public Administration (IPAG - Martinique)",
                "FieldsOfStudy": [
                    "Administration",
                    "Public Administration"
                ],
                "Details": "N/A"
            },
            {
                "College": "Public Administration (IPAG - Martnique)",
                "FieldsOfStudy": [
                    "Mathematics Education"
                ],
                "Details": "N/A"
            },
            {
                "College": "Teacher Training (INSPE - Martinique)",
                "FieldsOfStudy": [
                    "Teacher Training"
                ],
                "Details": "N/A"
            },
            {
                "College": "Teacher Training (INSPE - Martinique)",
                "FieldsOfStudy": [
                    "Teacher Training"
                ],
                "Details": "N/A"
            },
            {
                "College": "Technology (IUT - Martinique)",
                "FieldsOfStudy": [
                    "Biotechnology"
                ],
                "Details": "N/A"
            },
            {
                "College": "Technology (IUT Saint Claude - Guadeloupe)",
                "FieldsOfStudy": [
                    "Bioengineering",
                    "Biotechnology",
                    "Business Administration",
                    "Business Computing",
                    "Electrical Engineering",
                    "Hygiene",
                    "Management",
                    "Safety Engineering",
                    "Sales Techniques",
                    "Technology",
                    "Telecommunications Engineering",
                    "Transport Engineering"
                ],
                "Details": "N/A"
            }
        ],
        "Degrees": {
            "Undergraduate": {
                "CertificateOrDiploma": [],
                "Bachelor'sDegree": []
            },
            "Postgraduate": {
                "PostBachelor'sDiplomaOrCertificate": [],
                "Master'sDegree": [
                    "Banking",
                    "Biological and Life Sciences",
                    "Biology",
                    "Cell Biology",
                    "Chemistry",
                    "Communication Studies",
                    "Computer Science",
                    "Cultural Studies",
                    "Ecology",
                    "Economics",
                    "Education",
                    "Educational Sciences",
                    "Engineering",
                    "Environmental Management",
                    "Environmental Studies",
                    "Finance",
                    "French",
                    "Geography",
                    "Health Sciences",
                    "Heritage Preservation",
                    "History",
                    "Information Sciences",
                    "Insurance",
                    "Law",
                    "Materials Engineering",
                    "Mathematics",
                    "Mathematics and Computer Science",
                    "Modern Languages",
                    "Molecular Biology",
                    "Natural Sciences",
                    "Political Sciences",
                    "Primary Education",
                    "Teacher Training"
                ],
                "Doctor'sDegrees": [
                    "Agronomy",
                    "Applied Mathematics",
                    "Archaeology",
                    "Astronomy and Space Science",
                    "Biological and Life Sciences",
                    "Chemistry",
                    "Civil Engineering",
                    "Communication Studies",
                    "Computer Science",
                    "Demography and Population",
                    "Electrical Engineering",
                    "Engineering",
                    "Ethnology",
                    "Food Science",
                    "French",
                    "History",
                    "Industrial Engineering",
                    "Information Sciences",
                    "Law",
                    "Linguistics",
                    "Literature",
                    "Mathematics and Computer Science",
                    "Mechanical Engineering",
                    "Musicology",
                    "Physics",
                    "Political Sciences",
                    "Prehistory",
                    "Public Health",
                    "Sociology",
                    "Sports",
                    "Technology",
                    "Town Planning"
                ],
                "ResearchScholarship": [],
                "EducationSpecialistDegree": []
            }
        }
    },
    {
        "GeneralInformation": {
            "Address": {
                "Street": "P\u00f4le Guadeloupe\nMorne Ferret - BP 517",
                "City": "Abymes",
                "Province": "N/A",
                "PostCode": "97178",
                "Website": "http://www.espe-guadeloupe.fr",
                "college_name": "University of the French West Indies \u2013 Insp\u00e9 of the Academy of Guadeloupe",
                "university_name": "Universit\u00e9 des Antilles \u2013 Insp\u00e9 de l'acad\u00e9mie de Guadeloupe \u2013 Institut national sup\u00e9rieur du professorat et de l'\u00e9ducation"
            },
            "InstitutionFunding": "Public",
            "History": "Founded in 2013 as Ecole sup\u00e9rieure du professorat et de l'\u00e9ducation (ESPE), became Insp\u00e9 in 2019",
            "AcademicYear": "N/A",
            "AdmissionRequirements": [],
            "Languages": [
                "French"
            ],
            "StudentBody": "N/A"
        },
        "Divisions": [
            {
                "College": "Education",
                "FieldsOfStudy": [
                    "Education",
                    "Teacher Training"
                ],
                "Details": "N/A"
            }
        ],
        "Degrees": {
            "Undergraduate": {
                "CertificateOrDiploma": [],
                "Bachelor'sDegree": []
            },
            "Postgraduate": {
                "PostBachelor'sDiplomaOrCertificate": [],
                "Master'sDegree": [
                    "Education",
                    "Teacher Training"
                ],
                "Doctor'sDegrees": [],
                "ResearchScholarship": [],
                "EducationSpecialistDegree": []
            }
        }
    },
    {
        "GeneralInformation": {
            "Address": {
                "Street": "Pole Martinique\nRoute du phare BP 678",
                "City": "Fort de France",
                "Province": "N/A",
                "PostCode": "97262",
                "Website": "http://www.espe-martinique.fr",
                "college_name": "University of the French West Indies \u2013 Insp\u00e9 of the Academy of Martinique",
                "university_name": "Universit\u00e9 des Antilles \u2013 Insp\u00e9 de l'acad\u00e9mie de Martinique \u2013 Institut national sup\u00e9rieur du professorat et de l'\u00e9ducation"
            },
            "InstitutionFunding": "Public",
            "History": "Founded in 2013 as Ecole sup\u00e9rieure du professorat et de l'\u00e9ducation (ESPE), became Insp\u00e9 in 2019",
            "AcademicYear": "N/A",
            "AdmissionRequirements": [],
            "Languages": [
                "French"
            ],
            "StudentBody": "N/A"
        },
        "Divisions": [
            {
                "College": "Education",
                "FieldsOfStudy": [
                    "Education",
                    "Teacher Training"
                ],
                "Details": "N/A"
            }
        ],
        "Degrees": {
            "Undergraduate": {
                "CertificateOrDiploma": [],
                "Bachelor'sDegree": []
            },
            "Postgraduate": {
                "PostBachelor'sDiplomaOrCertificate": [],
                "Master'sDegree": [
                    "Education",
                    "Teacher Training"
                ],
                "Doctor'sDegrees": [],
                "ResearchScholarship": [],
                "EducationSpecialistDegree": []
            }
        }
    }
]