[
    {
        "GeneralInformation": {
            "Address": {
                "Street": "Avenue Djanaleh\nP.O. Box 1904",
                "City": "Djibouti",
                "Province": "N/A",
                "PostCode": "N/A",
                "Website": "http://www.univ.edu.dj",
                "college_name": "University of Djibouti",
                "university_name": "Universit\u00e9 de Djibouti (UD)"
            },
            "InstitutionFunding": "Public",
            "History": "Founded 2006 on the basis of the P\u00f4le universitaire de Djibouti.",
            "AcademicYear": "October-May (October/January; February/May)",
            "AdmissionRequirements": [],
            "Languages": [
                "French"
            ],
            "StudentBody": "co-ed"
        },
        "Divisions": [
            {
                "College": "Engineering",
                "FieldsOfStudy": [
                    "Civil Engineering",
                    "Electrical Engineering",
                    "Engineering"
                ],
                "Details": "N/A"
            },
            {
                "College": "Law, Economics and Management",
                "FieldsOfStudy": [
                    "Accountancy",
                    "Administration",
                    "Arabic",
                    "Business Administration",
                    "Business and Commerce",
                    "Commercial Law",
                    "Economics",
                    "Law",
                    "Management",
                    "Sales Techniques",
                    "Social Work",
                    "Transport and Communications",
                    "Transport Management"
                ],
                "Details": "N/A"
            },
            {
                "College": "Literature, Languages and Humanities",
                "FieldsOfStudy": [
                    "Arabic",
                    "Educational Sciences",
                    "English",
                    "Geography (Human)",
                    "History",
                    "Information Sciences",
                    "Information Technology",
                    "Literature",
                    "Mass Communication",
                    "Modern Languages",
                    "Regional Planning",
                    "Town Planning"
                ],
                "Details": "N/A"
            },
            {
                "College": "Medicine",
                "FieldsOfStudy": [
                    "Protective Services"
                ],
                "Details": "Former Ecole de M\u00e9decine de Djibouti (EMD)"
            },
            {
                "College": "Sciences",
                "FieldsOfStudy": [
                    "Biology",
                    "Chemistry",
                    "Civil Engineering",
                    "Computer Engineering",
                    "Computer Science",
                    "Data Processing",
                    "Electrical Engineering",
                    "Geology",
                    "Industrial Engineering",
                    "Mathematics",
                    "Mechanical Engineering",
                    "Physics",
                    "Radio and Television Broadcasting",
                    "Statistics",
                    "Surveying and Mapping"
                ],
                "Details": "N/A"
            },
            {
                "College": "Industrial Technology",
                "FieldsOfStudy": [
                    "Civil Engineering",
                    "Computer Science",
                    "Electrical Engineering",
                    "Energy Engineering",
                    "Industrial Engineering",
                    "Industrial Maintenance",
                    "Mechanical Engineering",
                    "Surveying and Mapping",
                    "Telecommunications Services"
                ],
                "Details": "N/A"
            },
            {
                "College": "Tertiary Technology",
                "FieldsOfStudy": [
                    "Accountancy",
                    "Administration",
                    "Business and Commerce",
                    "International Business",
                    "Management",
                    "Small Business",
                    "Technology",
                    "Transport Management"
                ],
                "Details": "N/A"
            }
        ],
        "Degrees": {
            "Undergraduate": {
                "CertificateOrDiploma": [],
                "Bachelor'sDegree": []
            },
            "Postgraduate": {
                "PostBachelor'sDiplomaOrCertificate": [],
                "Master'sDegree": [
                    "Data Processing",
                    "Foreign Languages Education",
                    "Health Administration",
                    "Law",
                    "Literature",
                    "Protective Services"
                ],
                "Doctor'sDegrees": [],
                "ResearchScholarship": [],
                "EducationSpecialistDegree": []
            }
        }
    }
]