[
    {
        "GeneralInformation": {
            "Address": {
                "Street": "P.O. Box 278",
                "City": "Zomba",
                "Province": "N/A",
                "PostCode": "N/A",
                "Website": "https://www.unima.ac.mw",
                "college_name": "University of Malawi",
                "university_name": "(UNIMA)"
            },
            "InstitutionFunding": "Public",
            "History": "Founded 1964, integrating all the country's facilities for further and higher education.",
            "AcademicYear": "August to May (August-December; January-May)",
            "AdmissionRequirements": [
                "Malawi School Certificate of Education or equivalent"
            ],
            "Languages": [
                "English"
            ],
            "StudentBody": "co-ed"
        },
        "Divisions": [
            {
                "College": "Humanities",
                "FieldsOfStudy": [
                    "African Studies",
                    "Arts and Humanities",
                    "Bible",
                    "Communication Studies",
                    "Development Studies",
                    "Theatre",
                    "Theology"
                ],
                "Details": "N/A"
            },
            {
                "College": "Law",
                "FieldsOfStudy": [
                    "Commercial Law",
                    "Law"
                ],
                "Details": "N/A"
            },
            {
                "College": "Science",
                "FieldsOfStudy": [
                    "Applied Chemistry",
                    "Applied Linguistics",
                    "Biology",
                    "Chemistry",
                    "Earth Sciences",
                    "Environmental Studies",
                    "Geography",
                    "Industrial Chemistry",
                    "Information Technology",
                    "Mathematics",
                    "Natural Sciences",
                    "Nutrition",
                    "Water Management"
                ],
                "Details": "N/A"
            },
            {
                "College": "Social Science",
                "FieldsOfStudy": [
                    "Communication Studies",
                    "Cultural Studies",
                    "Development Studies",
                    "Economics",
                    "Family Studies",
                    "Gender Studies",
                    "Human Resources",
                    "Labour and Industrial Relations",
                    "Political Sciences",
                    "Public Administration",
                    "Social Sciences",
                    "Social Work",
                    "Sociology"
                ],
                "Details": "N/A"
            },
            {
                "College": "Education",
                "FieldsOfStudy": [
                    "Educational Psychology",
                    "Educational Testing and Evaluation",
                    "Environmental Studies",
                    "Humanities and Social Science Education",
                    "Literacy Education",
                    "Native Language Education",
                    "Science Education"
                ],
                "Details": "N/A"
            }
        ],
        "Degrees": {
            "Undergraduate": {
                "CertificateOrDiploma": [],
                "Bachelor'sDegree": [
                    "Arts and Humanities",
                    "Communication Studies",
                    "Cultural Studies",
                    "Development Studies",
                    "Earth Sciences",
                    "Family Studies",
                    "Gender Studies",
                    "Human Resources",
                    "Humanities and Social Science Education",
                    "Law",
                    "Native Language Education",
                    "Natural Sciences",
                    "Nutrition",
                    "Public Administration",
                    "Science Education",
                    "Social Sciences",
                    "Social Work"
                ]
            },
            "Postgraduate": {
                "PostBachelor'sDiplomaOrCertificate": [],
                "Master'sDegree": [
                    "African Studies",
                    "Applied Chemistry",
                    "Applied Linguistics",
                    "Biology",
                    "Chemistry",
                    "Commercial Law",
                    "Development Studies",
                    "Economics",
                    "Educational Psychology",
                    "Educational Testing and Evaluation",
                    "Environmental Studies",
                    "Geography",
                    "Human Resources",
                    "Humanities and Social Science Education",
                    "Industrial Chemistry",
                    "Information Technology",
                    "Labour and Industrial Relations",
                    "Linguistics",
                    "Literacy Education",
                    "Literature",
                    "Mathematics",
                    "Philosophy",
                    "Political Sciences",
                    "Public Administration",
                    "Science Education",
                    "Sociology",
                    "Theatre",
                    "Theology",
                    "Water Management"
                ],
                "Doctor'sDegrees": [
                    "Applied Linguistics",
                    "Bible",
                    "Biology",
                    "Chemistry",
                    "Development Studies",
                    "Economics",
                    "Humanities and Social Science Education",
                    "Linguistics",
                    "Literature",
                    "Native Language Education",
                    "Public Administration",
                    "Science Education",
                    "Sociology",
                    "Theology"
                ],
                "ResearchScholarship": [],
                "EducationSpecialistDegree": []
            }
        }
    },
    {
        "GeneralInformation": {
            "Address": {
                "Street": "Private Bag 98",
                "City": "Blantyre",
                "Province": "N/A",
                "PostCode": "N/A",
                "Website": "http://www.cybertechmw.com/biu",
                "college_name": "Blantyre International University",
                "university_name": "(BIU)"
            },
            "InstitutionFunding": "Private",
            "History": "Founded 2008. Acquired current status 2010.",
            "AcademicYear": "N/A",
            "AdmissionRequirements": [],
            "Languages": [
                "English"
            ],
            "StudentBody": "N/A"
        },
        "Divisions": [
            {
                "College": "Applied Sciences and Arts",
                "FieldsOfStudy": [
                    "Actuarial Science",
                    "Development Studies",
                    "Information Technology",
                    "Journalism",
                    "Law",
                    "Psychology",
                    "Social and Community Services"
                ],
                "Details": "N/A"
            },
            {
                "College": "Commerce",
                "FieldsOfStudy": [
                    "Accountancy",
                    "Banking",
                    "Business Administration",
                    "Economics",
                    "Finance",
                    "Hotel and Restaurant",
                    "Management",
                    "Tourism"
                ],
                "Details": "N/A"
            }
        ],
        "Degrees": {
            "Undergraduate": {
                "CertificateOrDiploma": [],
                "Bachelor'sDegree": [
                    "Accountancy",
                    "Actuarial Science",
                    "Banking",
                    "Business Administration",
                    "Development Studies",
                    "Economics",
                    "Finance",
                    "Hotel and Restaurant",
                    "Information Technology",
                    "Journalism",
                    "Law",
                    "Management",
                    "Psychology",
                    "Social and Community Services",
                    "Tourism"
                ]
            },
            "Postgraduate": {
                "PostBachelor'sDiplomaOrCertificate": [],
                "Master'sDegree": [],
                "Doctor'sDegrees": [],
                "ResearchScholarship": [],
                "EducationSpecialistDegree": []
            }
        }
    },
    {
        "GeneralInformation": {
            "Address": {
                "Street": "Montfort Campus, Nguludi\n17 km from Limbe off the Robert Mugabe Highway (Midima Road)\nP.O. Box 5452",
                "City": "Limbe",
                "Province": "Southern Region",
                "PostCode": "N/A",
                "Website": "http://www.cunima.ac.mw",
                "college_name": "Catholic University of Malawi",
                "university_name": "None (CUNIMA)"
            },
            "InstitutionFunding": "Private",
            "History": "Founded 2004. Acquired current status 2006.",
            "AcademicYear": "August to June",
            "AdmissionRequirements": [],
            "Languages": [
                "English"
            ],
            "StudentBody": "co-ed"
        },
        "Divisions": [
            {
                "College": "Commerce",
                "FieldsOfStudy": [
                    "Accountancy",
                    "Banking",
                    "Business Administration",
                    "Business and Commerce",
                    "Finance",
                    "Marketing"
                ],
                "Details": "N/A"
            },
            {
                "College": "Education",
                "FieldsOfStudy": [
                    "Education",
                    "Foreign Languages Education",
                    "Geography",
                    "Humanities and Social Science Education",
                    "Mathematics Education",
                    "Natural Sciences",
                    "Philosophy",
                    "Science Education",
                    "Special Education"
                ],
                "Details": "N/A"
            },
            {
                "College": "Law",
                "FieldsOfStudy": [
                    "Law"
                ],
                "Details": "N/A"
            },
            {
                "College": "Social Sciences",
                "FieldsOfStudy": [
                    "Anthropology",
                    "Economics",
                    "Leadership",
                    "Political Sciences",
                    "Social Sciences",
                    "Social Work"
                ],
                "Details": "N/A"
            },
            {
                "College": "Theology",
                "FieldsOfStudy": [
                    "Missionary Studies",
                    "Philosophy",
                    "Religious Studies",
                    "Theology"
                ],
                "Details": "N/A"
            }
        ],
        "Degrees": {
            "Undergraduate": {
                "CertificateOrDiploma": [],
                "Bachelor'sDegree": [
                    "Accountancy",
                    "Anthropology",
                    "Banking",
                    "Business Administration",
                    "Development Studies",
                    "Economics",
                    "Education",
                    "Finance",
                    "Humanities and Social Science Education",
                    "Law",
                    "Leadership",
                    "Marketing",
                    "Mathematics Education",
                    "Nursing",
                    "Philosophy",
                    "Political Sciences",
                    "Science Education",
                    "Social Work",
                    "Special Education",
                    "Statistics",
                    "Theology"
                ]
            },
            "Postgraduate": {
                "PostBachelor'sDiplomaOrCertificate": [],
                "Master'sDegree": [],
                "Doctor'sDegrees": [],
                "ResearchScholarship": [],
                "EducationSpecialistDegree": []
            }
        }
    },
    {
        "GeneralInformation": {
            "Address": {
                "Street": "P.O. Box 30330\nKanengo",
                "City": "Lilongwe",
                "Province": "N/A",
                "PostCode": "N/A",
                "Website": "http://dyuni.ac.mw",
                "college_name": "Daeyang University",
                "university_name": ""
            },
            "InstitutionFunding": "Private",
            "History": "Founded 2010.",
            "AcademicYear": "N/A",
            "AdmissionRequirements": [],
            "Languages": [
                "English"
            ],
            "StudentBody": "N/A"
        },
        "Divisions": [
            {
                "College": "ICT",
                "FieldsOfStudy": [
                    "Information Technology"
                ],
                "Details": "N/A"
            },
            {
                "College": "Nursing",
                "FieldsOfStudy": [
                    "Midwifery",
                    "Nursing"
                ],
                "Details": "N/A"
            },
            {
                "College": "Pastoral Training",
                "FieldsOfStudy": [
                    "Pastoral Studies"
                ],
                "Details": "N/A"
            }
        ],
        "Degrees": {
            "Undergraduate": {
                "CertificateOrDiploma": [],
                "Bachelor'sDegree": [
                    "Information Technology",
                    "Midwifery",
                    "Nursing"
                ]
            },
            "Postgraduate": {
                "PostBachelor'sDiplomaOrCertificate": [],
                "Master'sDegree": [],
                "Doctor'sDegrees": [],
                "ResearchScholarship": [],
                "EducationSpecialistDegree": []
            }
        }
    },
    {
        "GeneralInformation": {
            "Address": {
                "Street": "Mangochi Campus\nP.O. Box 406",
                "City": "Mangochi",
                "Province": "N/A",
                "PostCode": "+265(991) 287-235 +265(1) 599-790",
                "Website": "http://www.dmisjbu.edu.mw",
                "college_name": "DMI St.John the Baptist University",
                "university_name": "(DMISJBU)"
            },
            "InstitutionFunding": "Private",
            "History": "Founded 2010. Accredited 2011. Accredited by NCHE 2016",
            "AcademicYear": "N/A",
            "AdmissionRequirements": [],
            "Languages": [
                "English"
            ],
            "StudentBody": "co-ed"
        },
        "Divisions": [
            {
                "College": "Business Administration",
                "FieldsOfStudy": [
                    "Banking",
                    "Management",
                    "Taxation"
                ],
                "Details": "N/A"
            },
            {
                "College": "Commerce",
                "FieldsOfStudy": [
                    "Accountancy",
                    "Business and Commerce",
                    "Finance"
                ],
                "Details": "N/A"
            },
            {
                "College": "Education - Arts",
                "FieldsOfStudy": [
                    "Education",
                    "Humanities and Social Science Education"
                ],
                "Details": "N/A"
            },
            {
                "College": "Education - Science",
                "FieldsOfStudy": [
                    "Education",
                    "Science Education"
                ],
                "Details": "N/A"
            },
            {
                "College": "Engineering",
                "FieldsOfStudy": [
                    "Computer Engineering",
                    "Engineering",
                    "Information Technology"
                ],
                "Details": "N/A"
            },
            {
                "College": "Information Technology",
                "FieldsOfStudy": [
                    "Information Technology"
                ],
                "Details": "N/A"
            },
            {
                "College": "Social Work",
                "FieldsOfStudy": [
                    "Development Studies",
                    "Social Work"
                ],
                "Details": "N/A"
            }
        ],
        "Degrees": {
            "Undergraduate": {
                "CertificateOrDiploma": [],
                "Bachelor'sDegree": [
                    "Business Administration",
                    "Business and Commerce",
                    "Computer Science",
                    "Education",
                    "Social Work"
                ]
            },
            "Postgraduate": {
                "PostBachelor'sDiplomaOrCertificate": [],
                "Master'sDegree": [],
                "Doctor'sDegrees": [],
                "ResearchScholarship": [],
                "EducationSpecialistDegree": []
            }
        }
    },
    {
        "GeneralInformation": {
            "Address": {
                "Street": "Near Shayona Cement\noff Paul Kagame (Chilambula) Road\nP.O. Box 40187",
                "City": "Lilongwe",
                "Province": "N/A",
                "PostCode": "4",
                "Website": "http://www.exploitsuniversity.com",
                "college_name": "Exploits University",
                "university_name": "(EU)"
            },
            "InstitutionFunding": "Private",
            "History": "Founded 2010.",
            "AcademicYear": "N/A",
            "AdmissionRequirements": [],
            "Languages": [
                "English"
            ],
            "StudentBody": "N/A"
        },
        "Divisions": [
            {
                "College": "Finance and Administration",
                "FieldsOfStudy": [
                    "Administration",
                    "Finance"
                ],
                "Details": "N/A"
            },
            {
                "College": "Commerce",
                "FieldsOfStudy": [
                    "Accountancy",
                    "Administration",
                    "Business Administration",
                    "Health Administration"
                ],
                "Details": "N/A"
            },
            {
                "College": "Postgraduate Studies",
                "FieldsOfStudy": [
                    "Business Administration",
                    "Finance",
                    "Human Resources",
                    "Management"
                ],
                "Details": "N/A"
            }
        ],
        "Degrees": {
            "Undergraduate": {
                "CertificateOrDiploma": [],
                "Bachelor'sDegree": [
                    "Accountancy",
                    "Business Administration",
                    "Health Administration",
                    "Human Resources",
                    "Transport Management"
                ]
            },
            "Postgraduate": {
                "PostBachelor'sDiplomaOrCertificate": [],
                "Master'sDegree": [
                    "Finance",
                    "Human Resources",
                    "Management"
                ],
                "Doctor'sDegrees": [
                    "Management"
                ],
                "ResearchScholarship": [],
                "EducationSpecialistDegree": []
            }
        }
    },
    {
        "GeneralInformation": {
            "Address": {
                "Street": "P.O. Box 219",
                "City": "Lilongwe",
                "Province": "N/A",
                "PostCode": "N/A",
                "Website": "https://www.luanar.ac.mw",
                "college_name": "Lilongwe University of Agriculture and Natural Resources",
                "university_name": "(LUANAR)"
            },
            "InstitutionFunding": "Public",
            "History": "Founded 1964 as Bunda College of Agriculture (a former constituent college of the University of Malawi). Acquired present status from the merging of Bunda College of Agriculture (Bunda), Natural Resources College (NRC) and Agricultural Research and Extension Trust (ARET), 2012.",
            "AcademicYear": "N/A",
            "AdmissionRequirements": [],
            "Languages": [
                "English"
            ],
            "StudentBody": "co-ed"
        },
        "Divisions": [
            {
                "College": "MACOHA and Sogecoa Golden Peacock Satellite Campuses",
                "FieldsOfStudy": [
                    "Agricultural Business",
                    "Agricultural Economics",
                    "Agriculture",
                    "Communication Studies",
                    "Development Studies",
                    "Economics",
                    "Environmental Studies",
                    "Food Science",
                    "Food Technology",
                    "Gender Studies",
                    "Meteorology",
                    "Nutrition",
                    "Rural Studies"
                ],
                "Details": "N/A"
            },
            {
                "College": "NRC Campus",
                "FieldsOfStudy": [
                    "Agriculture",
                    "Natural Resources"
                ],
                "Details": "N/A"
            },
            {
                "College": "Agriculture",
                "FieldsOfStudy": [
                    "Agricultural Engineering",
                    "Agriculture",
                    "Animal Husbandry",
                    "Crop Production",
                    "Horticulture",
                    "Soil Science",
                    "Veterinary Science"
                ],
                "Details": "N/A"
            },
            {
                "College": "Development Studies",
                "FieldsOfStudy": [
                    "Agricultural Business",
                    "Agricultural Economics",
                    "Agricultural Education",
                    "Agriculture",
                    "Communication Studies",
                    "Development Studies"
                ],
                "Details": "N/A"
            },
            {
                "College": "Food and Human Sciences",
                "FieldsOfStudy": [
                    "Development Studies",
                    "Ecology",
                    "Food Science",
                    "Food Technology",
                    "Gender Studies",
                    "Health Sciences",
                    "Nutrition"
                ],
                "Details": "N/A"
            },
            {
                "College": "Natural Resources",
                "FieldsOfStudy": [
                    "Aquaculture",
                    "Environmental Management",
                    "Environmental Studies",
                    "Fishery",
                    "Forestry"
                ],
                "Details": "N/A"
            },
            {
                "College": "Postgraduate Studies",
                "FieldsOfStudy": [
                    "Agricultural Business",
                    "Agricultural Economics",
                    "Agricultural Education",
                    "Agricultural Engineering",
                    "Animal Husbandry",
                    "Aquaculture",
                    "Communication Studies",
                    "Crop Production",
                    "Development Studies",
                    "Ecology",
                    "Environmental Management",
                    "Environmental Studies",
                    "Fishery",
                    "Food Science",
                    "Food Technology",
                    "Forestry",
                    "Health Sciences",
                    "Horticulture",
                    "Nutrition",
                    "Rural Studies",
                    "Soil Science"
                ],
                "Details": "N/A"
            },
            {
                "College": "Agricultural Research Development (CARD)",
                "FieldsOfStudy": [
                    "Agriculture"
                ],
                "Details": "N/A"
            }
        ],
        "Degrees": {
            "Undergraduate": {
                "CertificateOrDiploma": [],
                "Bachelor'sDegree": "N/A"
            },
            "Postgraduate": {
                "PostBachelor'sDiplomaOrCertificate": [],
                "Master'sDegree": [
                    "Agricultural Business",
                    "Agricultural Economics",
                    "Agricultural Education",
                    "Agricultural Engineering",
                    "Agronomy",
                    "Animal Husbandry",
                    "Aquaculture",
                    "Development Studies",
                    "Dietetics",
                    "Economics",
                    "Entomology",
                    "Environmental Studies",
                    "Fishery",
                    "Food Science",
                    "Food Technology",
                    "Forestry",
                    "Gender Studies",
                    "Horticulture",
                    "Meteorology",
                    "Natural Resources",
                    "Plant and Crop Protection",
                    "Plant Pathology",
                    "Rural Studies",
                    "Soil Science"
                ],
                "Doctor'sDegrees": [
                    "Agricultural Economics",
                    "Animal Husbandry",
                    "Aquaculture",
                    "Development Studies",
                    "Environmental Management",
                    "Fishery",
                    "Natural Resources",
                    "Rural Studies"
                ],
                "ResearchScholarship": [],
                "EducationSpecialistDegree": []
            }
        }
    },
    {
        "GeneralInformation": {
            "Address": {
                "Street": "P.O. Box 148",
                "City": "Ntcheu",
                "Province": "N/A",
                "PostCode": "N/A",
                "Website": "http://mau.ac.mw",
                "college_name": "Malawi Adventist University",
                "university_name": "(MAU)"
            },
            "InstitutionFunding": "Private",
            "History": "Founded 2000 as Malawi Adventist College. Affiliated as a Junior College to the University of Eastern Africa, Baraton (Kenya) 2007 before acquiring affiliated University status.",
            "AcademicYear": "N/A",
            "AdmissionRequirements": [],
            "Languages": [
                "English"
            ],
            "StudentBody": "N/A"
        },
        "Divisions": [
            {
                "College": "Agriculture",
                "FieldsOfStudy": [
                    "Agricultural Business",
                    "Agriculture"
                ],
                "Details": "N/A"
            },
            {
                "College": "Business",
                "FieldsOfStudy": [
                    "Accountancy",
                    "Business Administration",
                    "Management",
                    "Marketing"
                ],
                "Details": "N/A"
            },
            {
                "College": "Education",
                "FieldsOfStudy": [
                    "Agricultural Education",
                    "Business Education",
                    "Education",
                    "Foreign Languages Education",
                    "Literature",
                    "Religion",
                    "Theology"
                ],
                "Details": "N/A"
            }
        ],
        "Degrees": {
            "Undergraduate": {
                "CertificateOrDiploma": [],
                "Bachelor'sDegree": [
                    "Accountancy",
                    "Agricultural Business",
                    "Agricultural Education",
                    "Agriculture",
                    "Business Administration",
                    "Business Education",
                    "Education",
                    "Foreign Languages Education",
                    "Literature",
                    "Management",
                    "Marketing",
                    "Religion",
                    "Theology"
                ]
            },
            "Postgraduate": {
                "PostBachelor'sDiplomaOrCertificate": [],
                "Master'sDegree": [],
                "Doctor'sDegrees": [],
                "ResearchScholarship": [],
                "EducationSpecialistDegree": []
            }
        }
    },
    {
        "GeneralInformation": {
            "Address": {
                "Street": "Ginnery Corner\nP.O. Box 30644\nChichiri",
                "City": "Blantyre",
                "Province": "N/A",
                "PostCode": "3",
                "Website": "http://www.mca.ac.mw",
                "college_name": "Malawi College of Accountancy",
                "university_name": "(MCA)"
            },
            "InstitutionFunding": "Private",
            "History": "Founded 1980. A professional training institution and statutory body (Government owned organization)",
            "AcademicYear": "N/A",
            "AdmissionRequirements": [],
            "Languages": [
                "English"
            ],
            "StudentBody": "N/A"
        },
        "Divisions": [
            {
                "College": "Auditing and Information Systems",
                "FieldsOfStudy": [
                    "Accountancy",
                    "Business Computing"
                ],
                "Details": "N/A"
            },
            {
                "College": "Business Management and Entrepreneurship",
                "FieldsOfStudy": [
                    "Business Administration",
                    "Management"
                ],
                "Details": "N/A"
            },
            {
                "College": "Commerce Marketing and Public Relations",
                "FieldsOfStudy": [
                    "Marketing",
                    "Public Relations"
                ],
                "Details": "N/A"
            },
            {
                "College": "Management Information System",
                "FieldsOfStudy": [
                    "Business Administration",
                    "Information Technology",
                    "Management"
                ],
                "Details": "N/A"
            }
        ],
        "Degrees": {
            "Undergraduate": {
                "CertificateOrDiploma": [],
                "Bachelor'sDegree": "N/A"
            },
            "Postgraduate": {
                "PostBachelor'sDiplomaOrCertificate": [],
                "Master'sDegree": [],
                "Doctor'sDegrees": [],
                "ResearchScholarship": [],
                "EducationSpecialistDegree": []
            }
        }
    },
    {
        "GeneralInformation": {
            "Address": {
                "Street": "PO Box 5196",
                "City": "Limbe",
                "Province": "N/A",
                "PostCode": "N/A",
                "Website": "https://www.must.ac.mw",
                "college_name": "Malawi University of Science and Technology",
                "university_name": "(MUST)"
            },
            "InstitutionFunding": "Public",
            "History": "Founded 2012 and  opened to students in 2014",
            "AcademicYear": "N/A",
            "AdmissionRequirements": [],
            "Languages": [
                "English"
            ],
            "StudentBody": "N/A"
        },
        "Divisions": [
            {
                "College": "Medical Sciences",
                "FieldsOfStudy": [
                    "Immunology",
                    "Medicine",
                    "Microbiology",
                    "Sports"
                ],
                "Details": "N/A"
            },
            {
                "College": "Malawi Institute of Technology",
                "FieldsOfStudy": [
                    "Biomedical Engineering",
                    "Chemical Engineering",
                    "Computer Science",
                    "Food Science",
                    "Information Technology",
                    "Metallurgical Engineering",
                    "Polymer and Plastics Technology",
                    "Production Engineering"
                ],
                "Details": "N/A"
            },
            {
                "College": "Bingu School of Culture and Heritage",
                "FieldsOfStudy": [
                    "African Studies",
                    "Heritage Preservation",
                    "Indigenous Studies",
                    "Musicology"
                ],
                "Details": "N/A"
            },
            {
                "College": "Ndata School of Climate and Earth Sciences",
                "FieldsOfStudy": [
                    "Earth Sciences",
                    "Environmental Management",
                    "Geology",
                    "Meteorology",
                    "Natural Resources",
                    "Surveying and Mapping",
                    "Water Management"
                ],
                "Details": "N/A"
            }
        ],
        "Degrees": {
            "Undergraduate": {
                "CertificateOrDiploma": [],
                "Bachelor'sDegree": [
                    "Biomedical Engineering",
                    "Chemical Engineering",
                    "Computer Science",
                    "Energy Engineering",
                    "Environmental Management",
                    "Food Science",
                    "Geology",
                    "Immunology",
                    "Indigenous Studies",
                    "Information Technology",
                    "Management",
                    "Medicine",
                    "Metallurgical Engineering",
                    "Meteorology",
                    "Microbiology",
                    "Musicology",
                    "Polymer and Plastics Technology",
                    "Production Engineering",
                    "Sports",
                    "Surveying and Mapping",
                    "Water Management"
                ]
            },
            "Postgraduate": {
                "PostBachelor'sDiplomaOrCertificate": [],
                "Master'sDegree": [
                    "Environmental Studies",
                    "Management"
                ],
                "Doctor'sDegrees": [],
                "ResearchScholarship": [],
                "EducationSpecialistDegree": []
            }
        }
    },
    {
        "GeneralInformation": {
            "Address": {
                "Street": "Private Bag 201",
                "City": "Luwinga",
                "Province": "Mzuzu 2",
                "PostCode": "320-722/575",
                "Website": "http://www.mzuni.ac.mw",
                "college_name": "Mzuzu University",
                "university_name": ""
            },
            "InstitutionFunding": "Public",
            "History": "Founded 1997.",
            "AcademicYear": "January to October (January-June; June-October)",
            "AdmissionRequirements": [
                "Malawi Certificate of Education or equivalent"
            ],
            "Languages": [
                "English"
            ],
            "StudentBody": "co-ed"
        },
        "Divisions": [
            {
                "College": "Education",
                "FieldsOfStudy": [
                    "Biology",
                    "Chemistry",
                    "Earth Sciences",
                    "Education",
                    "Geography",
                    "History",
                    "Literature",
                    "Mathematics",
                    "Modern Languages",
                    "Physics",
                    "Religious Studies",
                    "Teacher Training",
                    "Theology"
                ],
                "Details": "N/A"
            },
            {
                "College": "Environmental Sciences",
                "FieldsOfStudy": [
                    "Environmental Studies",
                    "Fishery",
                    "Forestry",
                    "Natural Resources",
                    "Soil Management",
                    "Water Management"
                ],
                "Details": "N/A"
            },
            {
                "College": "Health Sciences",
                "FieldsOfStudy": [
                    "Biomedicine",
                    "Health Sciences",
                    "Midwifery",
                    "Nursing",
                    "Optometry"
                ],
                "Details": "N/A"
            },
            {
                "College": "Information Science and Communication",
                "FieldsOfStudy": [
                    "Information Management",
                    "Information Sciences",
                    "Information Technology",
                    "Library Science",
                    "Telecommunications Engineering"
                ],
                "Details": "N/A"
            },
            {
                "College": "Tourism and Hospitality Management",
                "FieldsOfStudy": [
                    "Hotel and Restaurant",
                    "Tourism"
                ],
                "Details": "N/A"
            }
        ],
        "Degrees": {
            "Undergraduate": {
                "CertificateOrDiploma": [],
                "Bachelor'sDegree": [
                    "Biomedicine",
                    "Civil Security",
                    "Environmental Studies",
                    "Fishery",
                    "Foreign Languages Education",
                    "Forestry",
                    "Humanities and Social Science Education",
                    "Information Sciences",
                    "Information Technology",
                    "Library Science",
                    "Mathematics Education",
                    "Midwifery",
                    "Nursing",
                    "Optometry",
                    "Religious Education",
                    "Science Education",
                    "Soil Management",
                    "Tourism",
                    "Water Management"
                ]
            },
            "Postgraduate": {
                "PostBachelor'sDiplomaOrCertificate": [],
                "Master'sDegree": [
                    "Educational Administration",
                    "Fishery",
                    "Information Sciences",
                    "Social and Community Services",
                    "Teacher Training",
                    "Theology"
                ],
                "Doctor'sDegrees": [
                    "Information Sciences",
                    "Theology"
                ],
                "ResearchScholarship": [],
                "EducationSpecialistDegree": []
            }
        }
    },
    {
        "GeneralInformation": {
            "Address": {
                "Street": "The Learning Centre\nM1 Road Area 36\nOff Katete Farm Road\nP.O. Box 1446",
                "City": "Lilongwe",
                "Province": "N/A",
                "PostCode": "N/A",
                "Website": "http://shareworld.edu.mw",
                "college_name": "ShareWORLD Open University",
                "university_name": "(SOUMA)"
            },
            "InstitutionFunding": "Private",
            "History": "Founded as University in Blantyre 1994. Acquired current status and title 2007.",
            "AcademicYear": "N/A",
            "AdmissionRequirements": [],
            "Languages": [
                "English"
            ],
            "StudentBody": "N/A"
        },
        "Divisions": [
            {
                "College": "Business Administration",
                "FieldsOfStudy": [
                    "Business Administration"
                ],
                "Details": "(BBA)"
            },
            {
                "College": "Business and Finance",
                "FieldsOfStudy": [
                    "Business Administration",
                    "Finance"
                ],
                "Details": "N/A"
            },
            {
                "College": "Disaster Management and Sustainable Development",
                "FieldsOfStudy": [
                    "Environmental Studies",
                    "Protective Services"
                ],
                "Details": "N/A"
            },
            {
                "College": "HIV and AIDS Management",
                "FieldsOfStudy": [
                    "Epidemiology",
                    "Health Sciences"
                ],
                "Details": "N/A"
            },
            {
                "College": "Human Resource and Management",
                "FieldsOfStudy": [
                    "Human Resources",
                    "Management"
                ],
                "Details": "N/A"
            },
            {
                "College": "Managing Rural and Community Development",
                "FieldsOfStudy": [
                    "Development Studies",
                    "Rural Studies"
                ],
                "Details": "N/A"
            },
            {
                "College": "Mass Communication",
                "FieldsOfStudy": [
                    "Mass Communication"
                ],
                "Details": "N/A"
            },
            {
                "College": "Permaculture and Community Development",
                "FieldsOfStudy": [
                    "Agriculture",
                    "Development Studies"
                ],
                "Details": "N/A"
            },
            {
                "College": "Postgraduate Studies",
                "FieldsOfStudy": [
                    "Business Administration",
                    "Development Studies",
                    "Environmental Studies",
                    "Finance",
                    "Government",
                    "Health Administration",
                    "Health Sciences",
                    "International Relations and Diplomacy",
                    "Public Health",
                    "Social and Community Services"
                ],
                "Details": "N/A"
            },
            {
                "College": "Public Health",
                "FieldsOfStudy": [
                    "Public Health"
                ],
                "Details": "N/A"
            },
            {
                "College": "Undergraduate Diploma",
                "FieldsOfStudy": [
                    "Law"
                ],
                "Details": "N/A"
            }
        ],
        "Degrees": {
            "Undergraduate": {
                "CertificateOrDiploma": [],
                "Bachelor'sDegree": "N/A"
            },
            "Postgraduate": {
                "PostBachelor'sDiplomaOrCertificate": [],
                "Master'sDegree": [
                    "Development Studies",
                    "Government",
                    "Health Administration",
                    "Health Sciences",
                    "International Relations and Diplomacy",
                    "Mass Communication",
                    "Public Health",
                    "Social and Community Services"
                ],
                "Doctor'sDegrees": [],
                "ResearchScholarship": [],
                "EducationSpecialistDegree": []
            }
        }
    },
    {
        "GeneralInformation": {
            "Address": {
                "Street": "Private Bag A155",
                "City": "Lilongwe",
                "Province": "Central Region",
                "PostCode": "N/A",
                "Website": "http://www.skywayuniversity.net",
                "college_name": "Skyway University",
                "university_name": "(SU)"
            },
            "InstitutionFunding": "Private",
            "History": "Formerly known as Skyway Business College, acquired current status and title 2012.",
            "AcademicYear": "N/A",
            "AdmissionRequirements": [],
            "Languages": [
                "English"
            ],
            "StudentBody": "co-ed"
        },
        "Divisions": [
            {
                "College": "Accountancy",
                "FieldsOfStudy": [
                    "Accountancy"
                ],
                "Details": "N/A"
            },
            {
                "College": "Business Administration",
                "FieldsOfStudy": [
                    "Business Administration"
                ],
                "Details": "N/A"
            },
            {
                "College": "Community Development",
                "FieldsOfStudy": [
                    "Development Studies",
                    "Social and Community Services"
                ],
                "Details": "N/A"
            },
            {
                "College": "Education",
                "FieldsOfStudy": [
                    "Education",
                    "Humanities and Social Science Education"
                ],
                "Details": "N/A"
            },
            {
                "College": "Human Resources Management",
                "FieldsOfStudy": [
                    "Human Resources"
                ],
                "Details": "N/A"
            },
            {
                "College": "International Diploma Studies",
                "FieldsOfStudy": [
                    "Accountancy",
                    "Business Administration",
                    "Computer Science",
                    "Cooking and Catering",
                    "Development Studies",
                    "Epidemiology",
                    "Journalism",
                    "Management",
                    "Marketing",
                    "Social and Community Services",
                    "Transport Management"
                ],
                "Details": "N/A"
            },
            {
                "College": "Postgraduate Studies",
                "FieldsOfStudy": [
                    "Development Studies"
                ],
                "Details": "N/A"
            },
            {
                "College": "Project Management",
                "FieldsOfStudy": [
                    "Management"
                ],
                "Details": "N/A"
            },
            {
                "College": "Public Health",
                "FieldsOfStudy": [
                    "Public Health"
                ],
                "Details": "N/A"
            }
        ],
        "Degrees": {
            "Undergraduate": {
                "CertificateOrDiploma": [],
                "Bachelor'sDegree": [
                    "Accountancy",
                    "Business Administration",
                    "Development Studies",
                    "Human Resources",
                    "Humanities and Social Science Education",
                    "Management",
                    "Public Health",
                    "Social and Community Services"
                ]
            },
            "Postgraduate": {
                "PostBachelor'sDiplomaOrCertificate": [],
                "Master'sDegree": [
                    "Development Studies"
                ],
                "Doctor'sDegrees": [],
                "ResearchScholarship": [],
                "EducationSpecialistDegree": []
            }
        }
    },
    {
        "GeneralInformation": {
            "Address": {
                "Street": "Unit 1 Shoppers Mall (Opposite Fame and Shoprite)\nArea 4, Plot 67",
                "City": "Lilongwe",
                "Province": "N/A",
                "PostCode": "N/A",
                "Website": "https://unicafuniversity.ac.mw",
                "college_name": "UNICAF University Malawi",
                "university_name": ""
            },
            "InstitutionFunding": "Private",
            "History": "Founded 2016.",
            "AcademicYear": "N/A",
            "AdmissionRequirements": [],
            "Languages": [
                "English"
            ],
            "StudentBody": "N/A"
        },
        "Divisions": [
            {
                "College": "Business Administration",
                "FieldsOfStudy": [
                    "Accountancy",
                    "Business Administration",
                    "Computer Science",
                    "Hotel and Restaurant",
                    "Hotel Management",
                    "Industrial and Organizational Psychology",
                    "Information Technology",
                    "Management"
                ],
                "Details": "N/A"
            },
            {
                "College": "Education",
                "FieldsOfStudy": [
                    "Education"
                ],
                "Details": "N/A"
            }
        ],
        "Degrees": {
            "Undergraduate": {
                "CertificateOrDiploma": [],
                "Bachelor'sDegree": [
                    "Business Administration",
                    "Computer Science",
                    "Hotel Management"
                ]
            },
            "Postgraduate": {
                "PostBachelor'sDiplomaOrCertificate": [],
                "Master'sDegree": [
                    "Business Administration",
                    "Education",
                    "Industrial and Organizational Psychology"
                ],
                "Doctor'sDegrees": [
                    "Accountancy",
                    "Business Administration",
                    "Education",
                    "Information Technology",
                    "Management"
                ],
                "ResearchScholarship": [],
                "EducationSpecialistDegree": []
            }
        }
    },
    {
        "GeneralInformation": {
            "Address": {
                "Street": "P.O. Box 37",
                "City": "Livingstonia",
                "Province": "N/A",
                "PostCode": "N/A",
                "Website": "http://www.ulivingstonia.com",
                "college_name": "University of Livingstonia",
                "university_name": "(UNILIA)"
            },
            "InstitutionFunding": "Private",
            "History": "Founded 1875 as Livingstonia Mission. Started offering Higher Education programmes 1895, acquired present title 2003.",
            "AcademicYear": "N/A",
            "AdmissionRequirements": [
                "Malawi School Certificate of Education (M",
                "S",
                "CE",
                ") or equivalent, with an aggregate of not more than 36 points in the best 6 subjects",
                "Applicants must have a credit in English; Admission tests and interview",
                ""
            ],
            "Languages": [
                "English"
            ],
            "StudentBody": "N/A"
        },
        "Divisions": [
            {
                "College": "Commerce",
                "FieldsOfStudy": [
                    "Business Administration",
                    "Business and Commerce"
                ],
                "Details": "Ekwendeni Campus"
            },
            {
                "College": "Education",
                "FieldsOfStudy": [
                    "Education",
                    "Teacher Training"
                ],
                "Details": "Livingstonia Campus"
            },
            {
                "College": "Nursing",
                "FieldsOfStudy": [
                    "Health Sciences",
                    "Nursing"
                ],
                "Details": "Ekwendeni Campus"
            },
            {
                "College": "Technical Studies",
                "FieldsOfStudy": [
                    "Business Administration",
                    "Computer Science",
                    "Mechanical Equipment and Maintenance",
                    "Secretarial Studies"
                ],
                "Details": "Livingstonia Campus"
            },
            {
                "College": "Theology",
                "FieldsOfStudy": [
                    "Christian Religious Studies",
                    "Theology"
                ],
                "Details": "Ekwendeni Campus"
            }
        ],
        "Degrees": {
            "Undergraduate": {
                "CertificateOrDiploma": [],
                "Bachelor'sDegree": [
                    "Education",
                    "Theology"
                ]
            },
            "Postgraduate": {
                "PostBachelor'sDiplomaOrCertificate": [],
                "Master'sDegree": [],
                "Doctor'sDegrees": [],
                "ResearchScholarship": [],
                "EducationSpecialistDegree": []
            }
        }
    },
    {
        "GeneralInformation": {
            "Address": {
                "Street": "P.O. Box 280",
                "City": "Zomba",
                "Province": "N/A",
                "PostCode": "N/A",
                "Website": "http://www.chanco.unima.mw",
                "college_name": "University of Malawi \u2013 Chancellor College",
                "university_name": "(CHANCO)"
            },
            "InstitutionFunding": "Public",
            "History": "Founded 1964. Relocated from Blantyre to Zomba 1973. A constituent college of the University of Malawi.",
            "AcademicYear": "N/A",
            "AdmissionRequirements": [],
            "Languages": [
                "English"
            ],
            "StudentBody": "N/A"
        },
        "Divisions": [
            {
                "College": "Education Training and Research",
                "FieldsOfStudy": [
                    "Educational Research",
                    "Teacher Training"
                ],
                "Details": "N/A"
            },
            {
                "College": "Language Studies",
                "FieldsOfStudy": [
                    "Modern Languages"
                ],
                "Details": "N/A"
            },
            {
                "College": "LEAD Southern and Eastern Africa",
                "FieldsOfStudy": [
                    "African Studies"
                ],
                "Details": "N/A"
            },
            {
                "College": "Peace and Conflict Management",
                "FieldsOfStudy": [
                    "Peace and Disarmament"
                ],
                "Details": "N/A"
            },
            {
                "College": "Social Research",
                "FieldsOfStudy": [
                    "Social Studies"
                ],
                "Details": "N/A"
            },
            {
                "College": "Humanities",
                "FieldsOfStudy": [
                    "African Languages",
                    "Classical Languages",
                    "Communication Studies",
                    "English",
                    "Fine Arts",
                    "French",
                    "Linguistics",
                    "Modern Languages",
                    "Performing Arts",
                    "Philosophy",
                    "Religious Studies",
                    "Theology"
                ],
                "Details": "N/A"
            },
            {
                "College": "Education",
                "FieldsOfStudy": [
                    "Curriculum",
                    "Demography and Population",
                    "Education",
                    "Teacher Training"
                ],
                "Details": "N/A"
            },
            {
                "College": "Law",
                "FieldsOfStudy": [
                    "Law"
                ],
                "Details": "N/A"
            },
            {
                "College": "Science",
                "FieldsOfStudy": [
                    "Biological and Life Sciences",
                    "Computer Science",
                    "Earth Sciences",
                    "Ecology",
                    "Geography",
                    "Mathematics",
                    "Physics"
                ],
                "Details": "N/A"
            },
            {
                "College": "Social Science",
                "FieldsOfStudy": [
                    "Administration",
                    "Demography and Population",
                    "Economics",
                    "History",
                    "Political Sciences",
                    "Psychology",
                    "Sociology"
                ],
                "Details": "N/A"
            }
        ],
        "Degrees": {
            "Undergraduate": {
                "CertificateOrDiploma": [],
                "Bachelor'sDegree": [
                    "Arts and Humanities",
                    "Biology",
                    "Chemistry",
                    "Communication Studies",
                    "Computer Science",
                    "Cultural Studies",
                    "Demography and Population",
                    "Earth Sciences",
                    "Ecology",
                    "Economics",
                    "Education",
                    "Gender Studies",
                    "Geography",
                    "History",
                    "Human Resources",
                    "Law",
                    "Mathematics",
                    "Media Studies",
                    "Physics",
                    "Political Sciences",
                    "Primary Education",
                    "Psychology",
                    "Public Administration",
                    "Secondary Education",
                    "Social Sciences",
                    "Social Work",
                    "Sociology",
                    "Statistics",
                    "Theology"
                ]
            },
            "Postgraduate": {
                "PostBachelor'sDiplomaOrCertificate": [],
                "Master'sDegree": [
                    "African Studies",
                    "Applied Chemistry",
                    "Applied Linguistics",
                    "Biological and Life Sciences",
                    "Biology",
                    "Chemistry",
                    "Commercial Law",
                    "Communication Studies",
                    "Curriculum",
                    "Development Studies",
                    "Earth Sciences",
                    "Economics",
                    "Educational Administration",
                    "Educational Psychology",
                    "Educational Sciences",
                    "Educational Testing and Evaluation",
                    "English",
                    "Environmental Studies",
                    "Foreign Languages Education",
                    "Geography",
                    "Government",
                    "History",
                    "Human Resources",
                    "Humanities and Social Science Education",
                    "Industrial Chemistry",
                    "Labour and Industrial Relations",
                    "Linguistics",
                    "Literature",
                    "Management",
                    "Mathematics",
                    "Mathematics Education",
                    "Media Studies",
                    "Native Language Education",
                    "Philosophy",
                    "Political Sciences",
                    "Primary Education",
                    "Public Administration",
                    "Religious Studies",
                    "Science Education",
                    "Sociology",
                    "Statistics",
                    "Theatre",
                    "Theology",
                    "Water Management"
                ],
                "Doctor'sDegrees": [
                    "Applied Linguistics",
                    "Bible",
                    "Biological and Life Sciences",
                    "Biology",
                    "Chemistry",
                    "Development Studies",
                    "Economics",
                    "Foreign Languages Education",
                    "Humanities and Social Science Education",
                    "Linguistics",
                    "Literature",
                    "Public Administration",
                    "Religious Studies",
                    "Science Education",
                    "Sociology",
                    "Statistics",
                    "Theology"
                ],
                "ResearchScholarship": [],
                "EducationSpecialistDegree": []
            }
        }
    },
    {
        "GeneralInformation": {
            "Address": {
                "Street": "Private Bag 360",
                "City": "Chichiri",
                "Province": "Blantyre",
                "PostCode": "3",
                "Website": "http://www.medcol.mw",
                "college_name": "University of Malawi \u2013 College of Medicine",
                "university_name": "(CoM)"
            },
            "InstitutionFunding": "Public",
            "History": "Founded 1991. A constituent college of University of Malawi (UNIMA).",
            "AcademicYear": "January to November",
            "AdmissionRequirements": [
                "'A' level passes in Biology, Chemistry, Mathematics or Physics"
            ],
            "Languages": [
                "English"
            ],
            "StudentBody": "N/A"
        },
        "Divisions": [
            {
                "College": "Anaesthesia",
                "FieldsOfStudy": [
                    "Anaesthesiology"
                ],
                "Details": "N/A"
            },
            {
                "College": "Basic Medical Sciences",
                "FieldsOfStudy": [
                    "Medicine"
                ],
                "Details": "N/A"
            },
            {
                "College": "Family Medicine",
                "FieldsOfStudy": [
                    "Community Health"
                ],
                "Details": "N/A"
            },
            {
                "College": "Gynaecology and Obstetrics",
                "FieldsOfStudy": [
                    "Obstetrics and Gynaecology"
                ],
                "Details": "N/A"
            },
            {
                "College": "Information Technology",
                "FieldsOfStudy": [
                    "Information Technology"
                ],
                "Details": "N/A"
            },
            {
                "College": "Internal Medicine",
                "FieldsOfStudy": [
                    "Medicine"
                ],
                "Details": "N/A"
            },
            {
                "College": "Medical Laboratory Sciencies",
                "FieldsOfStudy": [
                    "Medical Technology"
                ],
                "Details": "N/A"
            },
            {
                "College": "Medicine",
                "FieldsOfStudy": [
                    "Medicine"
                ],
                "Details": "N/A"
            },
            {
                "College": "Mental Health",
                "FieldsOfStudy": [
                    "Psychiatry and Mental Health"
                ],
                "Details": "N/A"
            },
            {
                "College": "Microbiology",
                "FieldsOfStudy": [
                    "Biological and Life Sciences",
                    "Microbiology"
                ],
                "Details": "N/A"
            },
            {
                "College": "Paediatrics and Child Health",
                "FieldsOfStudy": [
                    "Paediatrics"
                ],
                "Details": "N/A"
            },
            {
                "College": "Pharmacy",
                "FieldsOfStudy": [
                    "Pharmacy"
                ],
                "Details": "N/A"
            },
            {
                "College": "Physical Therapy",
                "FieldsOfStudy": [
                    "Physical Therapy"
                ],
                "Details": "N/A"
            },
            {
                "College": "Physiology",
                "FieldsOfStudy": [
                    "Physiology"
                ],
                "Details": "N/A"
            },
            {
                "College": "Surgery",
                "FieldsOfStudy": [
                    "Surgery"
                ],
                "Details": "N/A"
            },
            {
                "College": "Public Health and Family Medicine",
                "FieldsOfStudy": [
                    "Community Health",
                    "Health Administration",
                    "Public Health"
                ],
                "Details": "N/A"
            }
        ],
        "Degrees": {
            "Undergraduate": {
                "CertificateOrDiploma": [],
                "Bachelor'sDegree": [
                    "Health Administration",
                    "Laboratory Techniques",
                    "Medical Technology",
                    "Medicine",
                    "Orthopaedics",
                    "Paediatrics",
                    "Pharmacy",
                    "Physical Therapy",
                    "Surgery"
                ]
            },
            "Postgraduate": {
                "PostBachelor'sDiplomaOrCertificate": [],
                "Master'sDegree": [
                    "Medicine",
                    "Public Health"
                ],
                "Doctor'sDegrees": [
                    "Health Sciences",
                    "Medicine"
                ],
                "ResearchScholarship": [],
                "EducationSpecialistDegree": []
            }
        }
    },
    {
        "GeneralInformation": {
            "Address": {
                "Street": "Private bag 1",
                "City": "Lilongwe",
                "Province": "N/A",
                "PostCode": "265",
                "Website": "http://www.kcn.unima.mw",
                "college_name": "University of Malawi \u2013 Kamuzu College of Nursing",
                "university_name": "(KCN)"
            },
            "InstitutionFunding": "Public",
            "History": "Founded 1979. A constituent college of University of Malawi (UNiMA).",
            "AcademicYear": "N/A",
            "AdmissionRequirements": [],
            "Languages": [
                "English"
            ],
            "StudentBody": "N/A"
        },
        "Divisions": [
            {
                "College": "Basic Studies",
                "FieldsOfStudy": [
                    "Nursing",
                    "Psychiatry and Mental Health",
                    "Surgery"
                ],
                "Details": "N/A"
            },
            {
                "College": "Clinical (MCH)",
                "FieldsOfStudy": [
                    "Nursing"
                ],
                "Details": "N/A"
            },
            {
                "College": "Clinical (Nursing)",
                "FieldsOfStudy": [
                    "Nursing"
                ],
                "Details": "N/A"
            },
            {
                "College": "Community and Mental Health",
                "FieldsOfStudy": [
                    "Community Health",
                    "Nursing",
                    "Psychiatry and Mental Health"
                ],
                "Details": "N/A"
            },
            {
                "College": "Maternal and Child Health Nursing",
                "FieldsOfStudy": [
                    "Child Care and Development",
                    "Nursing"
                ],
                "Details": "N/A"
            },
            {
                "College": "Medical and Surgical Nursing",
                "FieldsOfStudy": [
                    "Nursing"
                ],
                "Details": "N/A"
            },
            {
                "College": "Midwifery",
                "FieldsOfStudy": [
                    "Midwifery"
                ],
                "Details": "N/A"
            },
            {
                "College": "Nursing",
                "FieldsOfStudy": [
                    "Child Care and Development",
                    "Community Health",
                    "Nursing",
                    "Psychiatry and Mental Health",
                    "Surgery"
                ],
                "Details": "N/A"
            }
        ],
        "Degrees": {
            "Undergraduate": {
                "CertificateOrDiploma": [],
                "Bachelor'sDegree": [
                    "Midwifery",
                    "Nursing"
                ]
            },
            "Postgraduate": {
                "PostBachelor'sDiplomaOrCertificate": [],
                "Master'sDegree": [
                    "Health Education",
                    "Health Sciences",
                    "Midwifery",
                    "Nursing"
                ],
                "Doctor'sDegrees": [
                    "Health Administration",
                    "Midwifery",
                    "Nursing"
                ],
                "ResearchScholarship": [],
                "EducationSpecialistDegree": []
            }
        }
    },
    {
        "GeneralInformation": {
            "Address": {
                "Street": "Private Bag 303",
                "City": "Chichiri",
                "Province": "Blantyre",
                "PostCode": "3",
                "Website": "http://www.poly.ac.mw",
                "college_name": "University of Malawi \u2013 The Malawi Polytechnic",
                "university_name": "(Poly)"
            },
            "InstitutionFunding": "Public",
            "History": "Founded 1964. A constituent college of University of Malawi.",
            "AcademicYear": "February to December",
            "AdmissionRequirements": [
                "A minimum of 'O' levels with at least 6 credits including English or the equivalent from a recognized institution"
            ],
            "Languages": [
                "English"
            ],
            "StudentBody": "co-ed"
        },
        "Divisions": [
            {
                "College": "Applied Sciences",
                "FieldsOfStudy": [
                    "Biochemistry",
                    "Computer Science",
                    "Environmental Studies",
                    "Health Sciences",
                    "Information Technology",
                    "Mathematics",
                    "Physics",
                    "Statistics"
                ],
                "Details": "N/A"
            },
            {
                "College": "Built Environment",
                "FieldsOfStudy": [
                    "Architecture",
                    "Surveying and Mapping"
                ],
                "Details": "N/A"
            },
            {
                "College": "Commerce",
                "FieldsOfStudy": [
                    "Accountancy",
                    "Business Administration",
                    "Management"
                ],
                "Details": "N/A"
            },
            {
                "College": "Education and Media Studies",
                "FieldsOfStudy": [
                    "Journalism",
                    "Mass Communication",
                    "Media Studies",
                    "Modern Languages",
                    "Technology Education"
                ],
                "Details": "N/A"
            },
            {
                "College": "Engineering",
                "FieldsOfStudy": [
                    "Civil Engineering",
                    "Electrical Engineering",
                    "Mechanical Engineering"
                ],
                "Details": "N/A"
            },
            {
                "College": "Postgraduate Studies",
                "FieldsOfStudy": [
                    "Business Administration",
                    "Transport Management"
                ],
                "Details": "N/A"
            }
        ],
        "Degrees": {
            "Undergraduate": {
                "CertificateOrDiploma": [],
                "Bachelor'sDegree": [
                    "Accountancy",
                    "Architecture",
                    "Architecture and Planning",
                    "Automotive Engineering",
                    "Business Administration",
                    "Business Education",
                    "Civil Engineering",
                    "Communication Arts",
                    "Computer Engineering",
                    "Electrical and Electronic Engineering",
                    "Energy Engineering",
                    "Environmental Studies",
                    "Health Sciences",
                    "Hydraulic Engineering",
                    "Industrial Engineering",
                    "Information Management",
                    "Information Technology",
                    "Journalism",
                    "Mathematics Education",
                    "Mechanical Engineering",
                    "Real Estate",
                    "Surveying and Mapping",
                    "Technology Education",
                    "Telecommunications Engineering",
                    "Transport Engineering"
                ]
            },
            "Postgraduate": {
                "PostBachelor'sDiplomaOrCertificate": [],
                "Master'sDegree": [
                    "Behavioural Sciences",
                    "Communication Studies",
                    "Energy Engineering",
                    "Engineering",
                    "Engineering Management",
                    "Environmental Management",
                    "Environmental Studies",
                    "Health Sciences",
                    "Industrial Engineering",
                    "Industrial Management",
                    "Machine Building",
                    "Power Engineering",
                    "Public Health",
                    "Technology Education",
                    "Telecommunications Engineering",
                    "Transport Engineering",
                    "Vocational Education"
                ],
                "Doctor'sDegrees": [
                    "Business and Commerce",
                    "Energy Engineering",
                    "Finance",
                    "Industrial Engineering",
                    "Industrial Management",
                    "Information Technology",
                    "Machine Building",
                    "Management",
                    "Power Engineering",
                    "Public Health",
                    "Sanitary Engineering",
                    "Telecommunications Engineering",
                    "Transport Engineering"
                ],
                "ResearchScholarship": [],
                "EducationSpecialistDegree": []
            }
        }
    }
]