[
    {
        "GeneralInformation": {
            "Address": {
                "Street": "Avenue Roi Muhammed VI du Maroc",
                "City": "Maradi",
                "Province": "Maradi",
                "PostCode": "N/A",
                "Website": "https://maaun.edu.ne",
                "college_name": "Maryam Abacha American University of Niger",
                "university_name": "Maryam Abacha Universit\u00e9 am\u00e9ricaine du Niger (MAAUN)"
            },
            "InstitutionFunding": "Private",
            "History": "Founded 2013 and named after the former first lady of the Federal Republic of Nigeria, Hajiya Maryam Sani Abacha for her philanthropic gesture and contribution to the development of the African continent. It is the first English-language medium university in Niger Republic.",
            "AcademicYear": "September to June (Sep-Dec; Jan-Mar; May-July)",
            "AdmissionRequirements": [
                "Under Graduate: Five 'O\u2019Level Credits in English Language, Mathematics and three relevant subjects: Science, Medical and Health Science Programmes (English Language, Mathematics, Biology, Chemistry and Physics), Social and Management Science Programmes (English Language, Mathematics, and three relevant subjects), Law (English Language, Mathematics, and three relevant Subjects)",
                "Direct Entry (200 level): National Diploma (Upper/Lower Credit with five 'O\u2019 Level credits in English Language, Mathematics and three relevant Subjects",
                "'A\u2019Level Transcript in cases of transfer students",
                "Postgraduate: \n\nMaster\u2019s Programme (MSc",
                "): Bachelor of Science degree (Second Class Upper Level) in related fields from a recognized University",
                "Doctorate Degree (PhD): Master\u2019s Degree (MSc",
                ") or M",
                "(Phil",
                ") with research thesis component (not project)",
                "Candidates with a CGPA score less than 3",
                "5 are not eligible",
                ""
            ],
            "Languages": [
                "English"
            ],
            "StudentBody": "co-ed"
        },
        "Divisions": [
            {
                "College": "Liberal Arts and Education",
                "FieldsOfStudy": [
                    "Education",
                    "Educational Administration",
                    "Educational and Student Counselling",
                    "Educational Psychology",
                    "English",
                    "French",
                    "Preschool Education"
                ],
                "Details": "N/A"
            },
            {
                "College": "Institute of Africa Higher Education Research and Innovation",
                "FieldsOfStudy": [
                    "IAHERI"
                ],
                "Details": "N/A"
            },
            {
                "College": "Agricultural Science and Engineering",
                "FieldsOfStudy": [
                    "Animal Husbandry"
                ],
                "Details": "N/A"
            },
            {
                "College": "Business Studies",
                "FieldsOfStudy": [
                    "Accountancy",
                    "Business Administration",
                    "Finance",
                    "International Business",
                    "International Economics"
                ],
                "Details": "N/A"
            },
            {
                "College": "Computing",
                "FieldsOfStudy": [
                    "Computer Engineering",
                    "Computer Science",
                    "Information Technology",
                    "Software Engineering"
                ],
                "Details": "N/A"
            },
            {
                "College": "Health Sciences",
                "FieldsOfStudy": [
                    "Community Health",
                    "Health Administration",
                    "Laboratory Techniques",
                    "Medicine",
                    "Midwifery",
                    "Nursing",
                    "Nutrition",
                    "Pharmacy",
                    "Public Health",
                    "Radiology"
                ],
                "Details": "N/A"
            },
            {
                "College": "International Languages",
                "FieldsOfStudy": [
                    "Arabic",
                    "English",
                    "French"
                ],
                "Details": "N/A"
            },
            {
                "College": "Law",
                "FieldsOfStudy": [
                    "Law"
                ],
                "Details": "N/A"
            },
            {
                "College": "Social Management Sciences",
                "FieldsOfStudy": [
                    "International Relations and Diplomacy",
                    "Mass Communication",
                    "Political Sciences",
                    "Public Administration",
                    "Sociology"
                ],
                "Details": "N/A"
            }
        ],
        "Degrees": {
            "Undergraduate": {
                "CertificateOrDiploma": [],
                "Bachelor'sDegree": []
            },
            "Postgraduate": {
                "PostBachelor'sDiplomaOrCertificate": [],
                "Master'sDegree": [
                    "Business Administration",
                    "Community Health",
                    "Computer Engineering",
                    "Computer Science",
                    "Educational Administration",
                    "Educational and Student Counselling",
                    "Educational Psychology",
                    "Information Technology",
                    "International Business",
                    "International Law",
                    "International Relations and Diplomacy",
                    "Nursing",
                    "Political Sciences",
                    "Preschool Education",
                    "Public Administration",
                    "Public Health",
                    "Software Engineering"
                ],
                "Doctor'sDegrees": [
                    "Accountancy",
                    "Business Administration",
                    "Computer Science",
                    "Economics",
                    "Education",
                    "English",
                    "French",
                    "Information Technology",
                    "International Relations and Diplomacy",
                    "Law",
                    "Nursing",
                    "Public Administration",
                    "Public Health"
                ],
                "ResearchScholarship": [],
                "EducationSpecialistDegree": []
            }
        }
    },
    {
        "GeneralInformation": {
            "Address": {
                "Street": "BP 10896",
                "City": "Niamey",
                "Province": "N/A",
                "PostCode": "10896",
                "Website": "http://uam.refer.ne",
                "college_name": "Abdou Moumouni University of Niamey",
                "university_name": "Universit\u00e9 Abdou Moumouni de Niamey"
            },
            "InstitutionFunding": "Public",
            "History": "Founded 1971 as Centre d'Enseignement sup\u00e9rieur. Renamed University of Niamey 1973. Under the jurisdiction of the Ministry of Secondary and Higher Education, Research and Technology.",
            "AcademicYear": "October to June (October-December; January-March; April-June)",
            "AdmissionRequirements": [
                "Secondary school certificate (baccalaur\u00e9at) or special entrance examination"
            ],
            "Languages": [
                "French"
            ],
            "StudentBody": "N/A"
        },
        "Divisions": [
            {
                "College": "Agronomy",
                "FieldsOfStudy": [
                    "Agricultural Economics",
                    "Agricultural Engineering",
                    "Agronomy",
                    "Animal Husbandry",
                    "Forestry",
                    "Sociology",
                    "Soil Science"
                ],
                "Details": "N/A"
            },
            {
                "College": "Arts and Humanities",
                "FieldsOfStudy": [
                    "Communication Studies",
                    "English",
                    "Geography (Human)",
                    "History",
                    "Linguistics",
                    "Literature",
                    "Philosophy",
                    "Psychology",
                    "Sociology"
                ],
                "Details": "N/A"
            },
            {
                "College": "Economics and Law",
                "FieldsOfStudy": [
                    "Economics",
                    "Law"
                ],
                "Details": "N/A"
            },
            {
                "College": "Health Sciences",
                "FieldsOfStudy": [
                    "Biomedicine",
                    "Health Sciences",
                    "Medicine",
                    "Nursing",
                    "Public Health"
                ],
                "Details": "N/A"
            },
            {
                "College": "Science and Technology",
                "FieldsOfStudy": [
                    "Biology",
                    "Chemistry",
                    "Computer Science",
                    "Geology",
                    "Mathematics",
                    "Physics"
                ],
                "Details": "N/A"
            },
            {
                "College": "Radio-Isotopes",
                "FieldsOfStudy": [
                    "Agronomy",
                    "Chemistry",
                    "Medical Technology",
                    "Nuclear Physics",
                    "Radiology"
                ],
                "Details": "IRI"
            },
            {
                "College": "Humanities",
                "FieldsOfStudy": [
                    "Arabic",
                    "Archaeology",
                    "Fine Arts",
                    "Folklore",
                    "Geography (Human)",
                    "History",
                    "Linguistics",
                    "Literature",
                    "Modern Languages",
                    "Sociology"
                ],
                "Details": "IRSH"
            },
            {
                "College": "Mathematics Education",
                "FieldsOfStudy": [
                    "Mathematics Education"
                ],
                "Details": "IREM"
            },
            {
                "College": "Education",
                "FieldsOfStudy": [
                    "Education",
                    "Educational Sciences",
                    "Foreign Languages Education",
                    "Humanities and Social Science Education",
                    "Mathematics Education",
                    "Native Language Education",
                    "Pedagogy",
                    "Science Education",
                    "Teacher Training"
                ],
                "Details": "Ecole normale sup\u00e9rieure"
            }
        ],
        "Degrees": {
            "Undergraduate": {
                "CertificateOrDiploma": [],
                "Bachelor'sDegree": []
            },
            "Postgraduate": {
                "PostBachelor'sDiplomaOrCertificate": [],
                "Master'sDegree": [
                    "Accountancy",
                    "Agricultural Economics",
                    "Agriculture",
                    "Agronomy",
                    "Anthropology",
                    "Biological and Life Sciences",
                    "Biology",
                    "Botany",
                    "Business Administration",
                    "Cattle Breeding",
                    "Communication Studies",
                    "Computer Science",
                    "Cultural Studies",
                    "Documentation Techniques",
                    "Economic and Finance Policy",
                    "Economics",
                    "Electrical Engineering",
                    "Electronic Engineering",
                    "Electronics and Automation",
                    "English",
                    "Environmental Management",
                    "Environmental Studies",
                    "Ethics",
                    "Finance",
                    "Forestry",
                    "Geography (Human)",
                    "Geology",
                    "Heritage Preservation",
                    "History",
                    "Horticulture",
                    "Information Sciences",
                    "Inorganic Chemistry",
                    "Linguistics",
                    "Management",
                    "Mathematics",
                    "Meteorology",
                    "Multimedia",
                    "Natural Resources",
                    "Organic Chemistry",
                    "Philosophy",
                    "Physics",
                    "Radio and Television Broadcasting",
                    "Social Psychology",
                    "Social Studies",
                    "Sociology",
                    "Water Science",
                    "Zoology"
                ],
                "Doctor'sDegrees": [
                    "Geography (Human)",
                    "History",
                    "Mathematics and Computer Science",
                    "Natural Sciences",
                    "Social Studies"
                ],
                "ResearchScholarship": [],
                "EducationSpecialistDegree": []
            }
        }
    },
    {
        "GeneralInformation": {
            "Address": {
                "Street": "BP 746",
                "City": "Niamey",
                "Province": "N/A",
                "PostCode": "N/A",
                "Website": "http://www.eamac.ne",
                "college_name": "African School of Meteorology and Civil Aviation",
                "university_name": "\u00c9cole africaine de la M\u00e9t\u00e9orologie et de l'Aviation civile (EAMAC)"
            },
            "InstitutionFunding": "Public",
            "History": "Founded 1963.",
            "AcademicYear": "N/A",
            "AdmissionRequirements": [],
            "Languages": [
                "French"
            ],
            "StudentBody": "co-ed"
        },
        "Divisions": [
            {
                "College": "Air Navigation",
                "FieldsOfStudy": [
                    "Air Transport"
                ],
                "Details": "N/A"
            },
            {
                "College": "Air Transport",
                "FieldsOfStudy": [
                    "Air Transport"
                ],
                "Details": "N/A"
            },
            {
                "College": "Electronics and Computer Science",
                "FieldsOfStudy": [
                    "Computer Science",
                    "Electronic Engineering"
                ],
                "Details": "N/A"
            },
            {
                "College": "Meteorology",
                "FieldsOfStudy": [
                    "Meteorology"
                ],
                "Details": "N/A"
            }
        ],
        "Degrees": {
            "Undergraduate": {
                "CertificateOrDiploma": [],
                "Bachelor'sDegree": []
            },
            "Postgraduate": {
                "PostBachelor'sDiplomaOrCertificate": [],
                "Master'sDegree": [],
                "Doctor'sDegrees": [],
                "ResearchScholarship": [],
                "EducationSpecialistDegree": []
            }
        }
    },
    {
        "GeneralInformation": {
            "Address": {
                "Street": "P.O. Box 11011",
                "City": "Niamey",
                "Province": "N/A",
                "PostCode": "N/A",
                "Website": "http://www.agrhymet.ne",
                "college_name": "Agrhymet Regional Centre",
                "university_name": "Centre r\u00e9gional Agrhymet (CRA/ARC)"
            },
            "InstitutionFunding": "Public",
            "History": "Founded 1974 as specialized Institute of the Permanent Interstate Committee for drought control in the Sahel (CILSS). Offers training and information in the fields of food security and sustainable natural resources management.",
            "AcademicYear": "October to June",
            "AdmissionRequirements": [
                "Secondary school certificate (baccalaureat, Science option) or equivalent for the higher diploma; and higher diploma or equivalent for the diploma of Ing\u00e9nieur"
            ],
            "Languages": [
                "French"
            ],
            "StudentBody": "co-ed"
        },
        "Divisions": [
            {
                "College": "Agrometeorology",
                "FieldsOfStudy": [
                    "Agricultural Equipment",
                    "Agricultural Management",
                    "Meteorology"
                ],
                "Details": "IRD"
            },
            {
                "College": "Climate Change and Sustainable Development",
                "FieldsOfStudy": [
                    "Environmental Studies",
                    "Meteorology"
                ],
                "Details": "Postgraduate"
            },
            {
                "College": "Computer Engineering",
                "FieldsOfStudy": [
                    "Computer Engineering",
                    "Computer Science",
                    "Information Technology",
                    "Software Engineering"
                ],
                "Details": "N/A"
            },
            {
                "College": "Food and Nutrition Security",
                "FieldsOfStudy": [
                    "Food Science"
                ],
                "Details": "Postgraduate"
            },
            {
                "College": "Hydrology",
                "FieldsOfStudy": [
                    "Hydraulic Engineering"
                ],
                "Details": "N/A"
            },
            {
                "College": "integrated Water and Environmental Resource Management",
                "FieldsOfStudy": [
                    "Environmental Management",
                    "Natural Resources"
                ],
                "Details": "Postgraduate"
            },
            {
                "College": "Plant Protection",
                "FieldsOfStudy": [
                    "Plant and Crop Protection"
                ],
                "Details": "N/A"
            },
            {
                "College": "Sustainable Crop and Environmental Protection",
                "FieldsOfStudy": [
                    "Environmental Studies",
                    "Plant and Crop Protection"
                ],
                "Details": "Postgraduate"
            },
            {
                "College": "Sustainable Land Management",
                "FieldsOfStudy": [
                    "Soil Management"
                ],
                "Details": "Postgraduate"
            }
        ],
        "Degrees": {
            "Undergraduate": {
                "CertificateOrDiploma": [],
                "Bachelor'sDegree": []
            },
            "Postgraduate": {
                "PostBachelor'sDiplomaOrCertificate": [],
                "Master'sDegree": [
                    "Cattle Breeding",
                    "Development Studies",
                    "Environmental Management",
                    "Environmental Studies",
                    "Food Science",
                    "Natural Resources",
                    "Soil Management"
                ],
                "Doctor'sDegrees": [],
                "ResearchScholarship": [],
                "EducationSpecialistDegree": []
            }
        }
    },
    {
        "GeneralInformation": {
            "Address": {
                "Street": "B. 255, Sabon Gari\nrue Campus 1",
                "City": "Tahoua",
                "Province": "N/A",
                "PostCode": "N/A",
                "Website": "https://www.udh.edu.ne",
                "college_name": "Djibo Hamani University Tahoua",
                "university_name": "Universit\u00e9 Djibo Hamani de Tahoua"
            },
            "InstitutionFunding": "Public",
            "History": "Founded 2010 as Universit\u00e9 de Tahoua through transformation of Institut Universitaire de Technologie de Tahoua, formerly integrated as part of University Abdou Moumouni de Niamey. Acquired current title 2022",
            "AcademicYear": "September to July",
            "AdmissionRequirements": [],
            "Languages": [
                "French"
            ],
            "StudentBody": "N/A"
        },
        "Divisions": [
            {
                "College": "Agricultural Sciences",
                "FieldsOfStudy": [
                    "Agronomy",
                    "Cattle Breeding",
                    "Fishery",
                    "Forestry",
                    "Irrigation",
                    "Soil Management",
                    "Water Management"
                ],
                "Details": "FSA"
            },
            {
                "College": "Educational Sciences",
                "FieldsOfStudy": [
                    "Education",
                    "Educational Administration",
                    "Educational and Student Counselling",
                    "Educational Sciences",
                    "Educational Testing and Evaluation"
                ],
                "Details": "FSE"
            },
            {
                "College": "Law, Economics and Management",
                "FieldsOfStudy": [
                    "Economics",
                    "Law",
                    "Management"
                ],
                "Details": "FADEG"
            },
            {
                "College": "Technology",
                "FieldsOfStudy": [
                    "Business Administration",
                    "Business and Commerce",
                    "Computer Science",
                    "Hotel Management",
                    "Tourism"
                ],
                "Details": "IUT"
            }
        ],
        "Degrees": {
            "Undergraduate": {
                "CertificateOrDiploma": [],
                "Bachelor'sDegree": []
            },
            "Postgraduate": {
                "PostBachelor'sDiplomaOrCertificate": [],
                "Master'sDegree": [
                    "Accountancy",
                    "Development Studies",
                    "Economics",
                    "Finance",
                    "Information Technology",
                    "Management",
                    "Private Law",
                    "Public Law"
                ],
                "Doctor'sDegrees": [],
                "ResearchScholarship": [],
                "EducationSpecialistDegree": []
            }
        }
    },
    {
        "GeneralInformation": {
            "Address": {
                "Street": "P.O. Box 701",
                "City": "Niamey",
                "Province": "N/A",
                "PostCode": "N/A",
                "Website": "N/A",
                "college_name": "Institute for Information and Communication Technologies Training",
                "university_name": "Institut de Formation aux Techniques de d\u2019Information et de Communication (IFTIC)"
            },
            "InstitutionFunding": "Public",
            "History": "Founded 1977.",
            "AcademicYear": "N/A",
            "AdmissionRequirements": [],
            "Languages": [
                "French"
            ],
            "StudentBody": "N/A"
        },
        "Divisions": [
            {
                "College": "Artistic Techniques (Shooting, Video Editing, Sound Recording)",
                "FieldsOfStudy": [
                    "Cinema and Television",
                    "Sound Engineering (Acoustics)"
                ],
                "Details": "N/A"
            },
            {
                "College": "Communication for the Development",
                "FieldsOfStudy": [
                    "Mass Communication"
                ],
                "Details": "Postgraduate"
            },
            {
                "College": "Creative Documentary",
                "FieldsOfStudy": [
                    "Cinema and Television"
                ],
                "Details": "Postgraduate"
            },
            {
                "College": "Documentary Engineering",
                "FieldsOfStudy": [
                    "Documentation Techniques"
                ],
                "Details": "Postgraduate"
            },
            {
                "College": "Information, Documentation and Archiving",
                "FieldsOfStudy": [
                    "Archiving",
                    "Documentation Techniques",
                    "Information Sciences"
                ],
                "Details": "N/A"
            },
            {
                "College": "Production and Directing",
                "FieldsOfStudy": [
                    "Cinema and Television"
                ],
                "Details": "N/A"
            },
            {
                "College": "Technical/Audiovisual Maintenance",
                "FieldsOfStudy": [
                    "Maintenance Technology"
                ],
                "Details": "N/A"
            },
            {
                "College": "Televised Journalism and Written Press",
                "FieldsOfStudy": [
                    "Journalism"
                ],
                "Details": "N/A"
            }
        ],
        "Degrees": {
            "Undergraduate": {
                "CertificateOrDiploma": [],
                "Bachelor'sDegree": []
            },
            "Postgraduate": {
                "PostBachelor'sDiplomaOrCertificate": [],
                "Master'sDegree": [
                    "Cinema and Television",
                    "Documentation Techniques",
                    "Mass Communication"
                ],
                "Doctor'sDegrees": [],
                "ResearchScholarship": [],
                "EducationSpecialistDegree": []
            }
        }
    },
    {
        "GeneralInformation": {
            "Address": {
                "Street": "P.O. Box 11507",
                "City": "Niamey",
                "Province": "N/A",
                "PostCode": "11507",
                "Website": "https://universite-say.com",
                "college_name": "Islamic University of Niger",
                "university_name": "Universit\u00e9 Islamique du Niger \u2013 Universit\u00e9 Islamique de Say"
            },
            "InstitutionFunding": "Public",
            "History": "Founded 1974. Opened 1986.",
            "AcademicYear": "September to June",
            "AdmissionRequirements": [
                "High school leaving certificate or equivalent"
            ],
            "Languages": [
                "Arabic"
            ],
            "StudentBody": "N/A"
        },
        "Divisions": [
            {
                "College": "Language",
                "FieldsOfStudy": [
                    "Modern Languages"
                ],
                "Details": "N/A"
            },
            {
                "College": "Restoration of Islamic Heritage",
                "FieldsOfStudy": [
                    "African Centre"
                ],
                "Details": "N/A"
            },
            {
                "College": "Agriculture",
                "FieldsOfStudy": [
                    "Agriculture"
                ],
                "Details": "N/A"
            },
            {
                "College": "Arabic Language and Humanities",
                "FieldsOfStudy": [
                    "Arabic",
                    "Arts and Humanities",
                    "Literature"
                ],
                "Details": "N/A"
            },
            {
                "College": "Economics and Business Administration",
                "FieldsOfStudy": [
                    "Business Administration",
                    "Economics"
                ],
                "Details": "N/A"
            },
            {
                "College": "Science and Technology",
                "FieldsOfStudy": [
                    "Natural Sciences",
                    "Technology"
                ],
                "Details": "N/A"
            },
            {
                "College": "Sharia and Law",
                "FieldsOfStudy": [
                    "Islamic Law",
                    "Law"
                ],
                "Details": "N/A"
            },
            {
                "College": "Education and Teacher Training",
                "FieldsOfStudy": [
                    "Education",
                    "Educational and Student Counselling",
                    "Pedagogy",
                    "Teacher Training"
                ],
                "Details": "N/A"
            },
            {
                "College": "Vocational Rehabilitation",
                "FieldsOfStudy": "N/A",
                "Details": "N/A"
            },
            {
                "College": "Islamic Solidarity",
                "FieldsOfStudy": "N/A",
                "Details": "N/A"
            }
        ],
        "Degrees": {
            "Undergraduate": {
                "CertificateOrDiploma": [],
                "Bachelor'sDegree": []
            },
            "Postgraduate": {
                "PostBachelor'sDiplomaOrCertificate": [],
                "Master'sDegree": [
                    "Arabic",
                    "Islamic Law",
                    "Islamic Studies",
                    "Literature"
                ],
                "Doctor'sDegrees": [],
                "ResearchScholarship": [],
                "EducationSpecialistDegree": []
            }
        }
    },
    {
        "GeneralInformation": {
            "Address": {
                "Street": "P.O. Box 732",
                "City": "Niamey",
                "Province": "N/A",
                "PostCode": "N/A",
                "Website": "http://www.emig-niger.org",
                "college_name": "School of Mining Engineering, Industry and Geology",
                "university_name": "\u00c9cole des Mines, de l'Industrie et de la G\u00e9ologie (EMIG)"
            },
            "InstitutionFunding": "Public",
            "History": "Founded 1990.",
            "AcademicYear": "N/A",
            "AdmissionRequirements": [],
            "Languages": [
                "French"
            ],
            "StudentBody": "co-ed"
        },
        "Divisions": [
            {
                "College": "Computer Engineering",
                "FieldsOfStudy": [
                    "Business Computing",
                    "Computer Engineering",
                    "Information Technology"
                ],
                "Details": "N/A"
            },
            {
                "College": "Electrical Engineering",
                "FieldsOfStudy": [
                    "Electrical Engineering",
                    "Electronic Engineering",
                    "Electronics and Automation"
                ],
                "Details": "N/A"
            },
            {
                "College": "General Studies",
                "FieldsOfStudy": [
                    "Accountancy",
                    "Applied Mathematics",
                    "Business Administration",
                    "Communication Studies",
                    "Economics",
                    "English",
                    "Hygiene",
                    "Labour Law",
                    "Management",
                    "Mathematics",
                    "Operations Research",
                    "Optics",
                    "Physical Education",
                    "Physics",
                    "Social Sciences",
                    "Sociology",
                    "Statistics",
                    "Thermal Physics"
                ],
                "Details": "N/A"
            },
            {
                "College": "Mechanical Engineering",
                "FieldsOfStudy": [
                    "Electronic Engineering",
                    "Industrial Maintenance",
                    "Mechanical Engineering",
                    "Mechanical Equipment and Maintenance",
                    "Mechanics"
                ],
                "Details": "N/A"
            },
            {
                "College": "Mining and Geology",
                "FieldsOfStudy": [
                    "Civil Engineering",
                    "Geological Engineering",
                    "Geology",
                    "Mining Engineering"
                ],
                "Details": "N/A"
            },
            {
                "College": "Mining, Mineralurgy and Environment",
                "FieldsOfStudy": [
                    "Environmental Engineering",
                    "Mining Engineering"
                ],
                "Details": "N/A"
            }
        ],
        "Degrees": {
            "Undergraduate": {
                "CertificateOrDiploma": [],
                "Bachelor'sDegree": []
            },
            "Postgraduate": {
                "PostBachelor'sDiplomaOrCertificate": [],
                "Master'sDegree": [],
                "Doctor'sDegrees": [],
                "ResearchScholarship": [],
                "EducationSpecialistDegree": []
            }
        }
    },
    {
        "GeneralInformation": {
            "Address": {
                "Street": "N/A",
                "City": "Maradi",
                "Province": "N/A",
                "PostCode": "N/A",
                "Website": "http://www.uddm.edu.ne",
                "college_name": "University of Maradi",
                "university_name": "Universit\u00e9 de Maradi \u2013 Universit\u00e9 Dan Dicko Dankoulodo de Maradi (UDDM)"
            },
            "InstitutionFunding": "Public",
            "History": "Founded 2010 through transformation of the Institut universitaire de Technologie, formerly integrated as part of University Abdou Moumouni de Niamey. Acquired present status 2010.",
            "AcademicYear": "N/A",
            "AdmissionRequirements": [],
            "Languages": [
                "French"
            ],
            "StudentBody": "N/A"
        },
        "Divisions": [
            {
                "College": "Agronomy and Environmental Studies",
                "FieldsOfStudy": [
                    "Agricultural Engineering",
                    "Agronomy",
                    "Animal Husbandry",
                    "Bioengineering",
                    "Forestry",
                    "Horticulture",
                    "Natural Sciences",
                    "Soil Science"
                ],
                "Details": "FASE"
            },
            {
                "College": "Educational Sciences",
                "FieldsOfStudy": [
                    "Educational Sciences"
                ],
                "Details": "FSE"
            },
            {
                "College": "Health Sciences",
                "FieldsOfStudy": [
                    "Health Sciences"
                ],
                "Details": "FSS"
            },
            {
                "College": "Sciences and Technology",
                "FieldsOfStudy": [
                    "Biology",
                    "Chemistry",
                    "Geology",
                    "Mathematics",
                    "Physics"
                ],
                "Details": "FST"
            },
            {
                "College": "Technology",
                "FieldsOfStudy": [
                    "Civil Engineering",
                    "Electrical Engineering",
                    "Mechanical Engineering"
                ],
                "Details": "IUT"
            }
        ],
        "Degrees": {
            "Undergraduate": {
                "CertificateOrDiploma": [],
                "Bachelor'sDegree": []
            },
            "Postgraduate": {
                "PostBachelor'sDiplomaOrCertificate": [],
                "Master'sDegree": [
                    "Agronomy",
                    "Energy Engineering"
                ],
                "Doctor'sDegrees": [],
                "ResearchScholarship": [],
                "EducationSpecialistDegree": []
            }
        }
    },
    {
        "GeneralInformation": {
            "Address": {
                "Street": "P.O. Box 656",
                "City": "Zinder",
                "Province": "N/A",
                "PostCode": "N/A",
                "Website": "N/A",
                "college_name": "University of Zinder",
                "university_name": "Universit\u00e9 de Zinder (UZ)"
            },
            "InstitutionFunding": "Public",
            "History": "Founded 2010 through transformation of Institut universitaire de technologie de Zinder, formerly integrated as part of University Abdou Moumouni de Niamey.",
            "AcademicYear": "N/A",
            "AdmissionRequirements": [],
            "Languages": [
                "French"
            ],
            "StudentBody": "N/A"
        },
        "Divisions": [
            {
                "College": "Arts and Humanities",
                "FieldsOfStudy": [
                    "Arts and Humanities",
                    "Communication Studies",
                    "Cultural Studies",
                    "English",
                    "Geography",
                    "Literature",
                    "Philosophy",
                    "Sociology"
                ],
                "Details": "N/A"
            },
            {
                "College": "Educational Sciences",
                "FieldsOfStudy": [
                    "Educational Administration",
                    "Educational Sciences",
                    "Teacher Training"
                ],
                "Details": "N/A"
            },
            {
                "College": "Health Sciences",
                "FieldsOfStudy": [
                    "Health Sciences"
                ],
                "Details": "N/A"
            },
            {
                "College": "Sciences and Technology",
                "FieldsOfStudy": [
                    "Biology",
                    "Environmental Studies",
                    "Geology",
                    "Technology"
                ],
                "Details": "N/A"
            },
            {
                "College": "Technology",
                "FieldsOfStudy": [
                    "Environmental Studies",
                    "Human Resources",
                    "Hygiene",
                    "Petroleum and Gas Engineering",
                    "Regional Planning",
                    "Rural Planning",
                    "Safety Engineering",
                    "Secretarial Studies",
                    "Surveying and Mapping",
                    "Transport and Communications",
                    "Transport Management",
                    "Urban Studies"
                ],
                "Details": "IUT"
            }
        ],
        "Degrees": {
            "Undergraduate": {
                "CertificateOrDiploma": [],
                "Bachelor'sDegree": []
            },
            "Postgraduate": {
                "PostBachelor'sDiplomaOrCertificate": [],
                "Master'sDegree": [
                    "Communication Studies",
                    "Philosophy"
                ],
                "Doctor'sDegrees": [],
                "ResearchScholarship": [],
                "EducationSpecialistDegree": []
            }
        }
    }
]