[
    {
        "GeneralInformation": {
            "Address": {
                "Street": "VC QI Campus, RahDhebai Hingun",
                "City": "Mal\u00e9",
                "Province": "N/A",
                "PostCode": "20373",
                "Website": "https://villacollege.edu.mv",
                "college_name": "Villa College",
                "university_name": ""
            },
            "InstitutionFunding": "Private",
            "History": "Created 2007",
            "AcademicYear": "N/A",
            "AdmissionRequirements": [],
            "Languages": [
                "Dhivehi"
            ],
            "StudentBody": "N/A"
        },
        "Divisions": [
            {
                "College": "Business Management",
                "FieldsOfStudy": [
                    "Accountancy",
                    "Business Administration",
                    "Business and Commerce",
                    "Finance",
                    "Human Resources",
                    "Management",
                    "Marketing"
                ],
                "Details": "N/A"
            },
            {
                "College": "Education",
                "FieldsOfStudy": [
                    "Education",
                    "Teacher Training"
                ],
                "Details": "N/A"
            },
            {
                "College": "Information and Communications Technology",
                "FieldsOfStudy": [
                    "Computer Science",
                    "Information Technology"
                ],
                "Details": "N/A"
            },
            {
                "College": "Marine Studies",
                "FieldsOfStudy": [
                    "Marine Science and Oceanography"
                ],
                "Details": "N/A"
            },
            {
                "College": "Shariah and Law",
                "FieldsOfStudy": [
                    "Islamic Law",
                    "Law"
                ],
                "Details": "N/A"
            }
        ],
        "Degrees": {
            "Undergraduate": {
                "CertificateOrDiploma": [],
                "Bachelor'sDegree": [
                    "Accountancy",
                    "Business and Commerce",
                    "Computer Science",
                    "Finance",
                    "Human Resources",
                    "Islamic Law",
                    "Law",
                    "Management",
                    "Marketing",
                    "Preschool Education",
                    "Primary Education"
                ]
            },
            "Postgraduate": {
                "PostBachelor'sDiplomaOrCertificate": [
                    "Teacher Training"
                ],
                "Master'sDegree": [
                    "Accountancy",
                    "Business Administration",
                    "Education",
                    "Information Technology",
                    "Islamic Law",
                    "Public Health"
                ],
                "Doctor'sDegrees": [],
                "ResearchScholarship": [],
                "EducationSpecialistDegree": []
            }
        }
    },
    {
        "GeneralInformation": {
            "Address": {
                "Street": "G. Jawaahiru Asseyri\nAmeeneemagu",
                "City": "Mal\u00e9",
                "Province": "N/A",
                "PostCode": "20350",
                "Website": "https://www.avidcollege.edu.mv",
                "college_name": "Avid College",
                "university_name": ""
            },
            "InstitutionFunding": "Private",
            "History": "Create 2005 Avid Training Centre and aquired current title and status 2013.",
            "AcademicYear": "January to December",
            "AdmissionRequirements": [],
            "Languages": [
                "English"
            ],
            "StudentBody": "N/A"
        },
        "Divisions": [
            {
                "College": "Arts and Linguistics",
                "FieldsOfStudy": [
                    "Arts and Humanities",
                    "Linguistics"
                ],
                "Details": "N/A"
            },
            {
                "College": "Aviation",
                "FieldsOfStudy": [
                    "Air Transport"
                ],
                "Details": "Qualifications awarded by International Air Transport Association"
            },
            {
                "College": "Business Management",
                "FieldsOfStudy": [
                    "Business Administration",
                    "Human Resources",
                    "Management",
                    "Software Engineering"
                ],
                "Details": "N/A"
            },
            {
                "College": "Education",
                "FieldsOfStudy": [
                    "Educational Administration",
                    "Islamic Studies",
                    "Preschool Education",
                    "Primary Education",
                    "Religious Education",
                    "Secondary Education"
                ],
                "Details": "N/A"
            },
            {
                "College": "Humanities and Social Sciences",
                "FieldsOfStudy": [
                    "Occupational Health",
                    "Psychology"
                ],
                "Details": "N/A"
            },
            {
                "College": "Islamic Studies",
                "FieldsOfStudy": [
                    "Islamic Law",
                    "Islamic Studies",
                    "Koran",
                    "Religious Education"
                ],
                "Details": "N/A"
            }
        ],
        "Degrees": {
            "Undergraduate": {
                "CertificateOrDiploma": [],
                "Bachelor'sDegree": [
                    "Business Administration",
                    "Human Resources",
                    "Islamic Law",
                    "Law",
                    "Management",
                    "Occupational Health",
                    "Preschool Education",
                    "Primary Education",
                    "Software Engineering",
                    "Special Education"
                ]
            },
            "Postgraduate": {
                "PostBachelor'sDiplomaOrCertificate": [
                    "Education",
                    "Islamic Studies",
                    "Management"
                ],
                "Master'sDegree": [
                    "Education",
                    "Educational Administration",
                    "Human Resources",
                    "Management",
                    "Native Language Education",
                    "Preschool Education",
                    "Primary Education",
                    "Religious Education",
                    "Secondary Education",
                    "Special Education"
                ],
                "Doctor'sDegrees": [],
                "ResearchScholarship": [],
                "EducationSpecialistDegree": []
            }
        }
    },
    {
        "GeneralInformation": {
            "Address": {
                "Street": "Bodurasgefaanu Magu",
                "City": "Mal\u00e9",
                "Province": "N/A",
                "PostCode": "N/A",
                "Website": "https://cyryxcollege.edu.mv",
                "college_name": "Cyryx College",
                "university_name": ""
            },
            "InstitutionFunding": "Private",
            "History": "Created 1993. Acquired current status 2009.",
            "AcademicYear": "N/A",
            "AdmissionRequirements": [],
            "Languages": [],
            "StudentBody": "N/A"
        },
        "Divisions": [
            {
                "College": "Business",
                "FieldsOfStudy": [
                    "Business Administration",
                    "Finance",
                    "Human Resources",
                    "Marketing",
                    "Public Administration"
                ],
                "Details": "N/A"
            },
            {
                "College": "Humanities and Education",
                "FieldsOfStudy": [
                    "Education"
                ],
                "Details": "N/A"
            },
            {
                "College": "Information Technology",
                "FieldsOfStudy": [
                    "Computer Networks",
                    "Information Technology",
                    "Software Engineering"
                ],
                "Details": "N/A"
            },
            {
                "College": "Multimedia Arts and Design",
                "FieldsOfStudy": [
                    "Computer Graphics",
                    "Multimedia"
                ],
                "Details": "N/A"
            }
        ],
        "Degrees": {
            "Undergraduate": {
                "CertificateOrDiploma": [],
                "Bachelor'sDegree": [
                    "Human Resources",
                    "Information Technology"
                ]
            },
            "Postgraduate": {
                "PostBachelor'sDiplomaOrCertificate": [],
                "Master'sDegree": [
                    "Business Administration",
                    "Public Administration"
                ],
                "Doctor'sDegrees": [],
                "ResearchScholarship": [],
                "EducationSpecialistDegree": []
            }
        }
    },
    {
        "GeneralInformation": {
            "Address": {
                "Street": "King Fahd Building\nViolet Magu",
                "City": "Mal\u00e9",
                "Province": "N/A",
                "PostCode": "20037",
                "Website": "https://www.ium.edu.mv",
                "college_name": "Islamic University of Maldives",
                "university_name": ""
            },
            "InstitutionFunding": "Public",
            "History": "Created 2004 as the College of Islamic Studies. Acquired current title and status in 2015.",
            "AcademicYear": "N/A",
            "AdmissionRequirements": [],
            "Languages": [],
            "StudentBody": "N/A"
        },
        "Divisions": [
            {
                "College": "Arabic",
                "FieldsOfStudy": [
                    "Arabic"
                ],
                "Details": "N/A"
            },
            {
                "College": "Education",
                "FieldsOfStudy": [
                    "Foreign Languages Education",
                    "Koran",
                    "Preschool Education",
                    "Primary Education",
                    "Religious Education"
                ],
                "Details": "N/A"
            },
            {
                "College": "Islamic Revealed Knowledge and Human Sciences",
                "FieldsOfStudy": [
                    "History",
                    "Islamic Studies",
                    "Journalism"
                ],
                "Details": "N/A"
            },
            {
                "College": "Shariah and Law",
                "FieldsOfStudy": [
                    "Comparative Law",
                    "Islamic Law"
                ],
                "Details": "N/A"
            }
        ],
        "Degrees": {
            "Undergraduate": {
                "CertificateOrDiploma": [],
                "Bachelor'sDegree": [
                    "Foreign Languages Education",
                    "Islamic Law",
                    "Islamic Studies",
                    "Koran",
                    "Religious Education"
                ]
            },
            "Postgraduate": {
                "PostBachelor'sDiplomaOrCertificate": [],
                "Master'sDegree": [
                    "Comparative Law",
                    "Educational Administration",
                    "Foreign Languages Education",
                    "Islamic Law",
                    "Islamic Studies",
                    "Journalism",
                    "Koran"
                ],
                "Doctor'sDegrees": [],
                "ResearchScholarship": [],
                "EducationSpecialistDegree": []
            }
        }
    },
    {
        "GeneralInformation": {
            "Address": {
                "Street": "Ma. Mary, Nikagas Magu",
                "City": "Mal\u00e9",
                "Province": "20175",
                "PostCode": "N/A",
                "Website": "https://www.businessschool.mv",
                "college_name": "Maldives Business School",
                "university_name": ""
            },
            "InstitutionFunding": "Private",
            "History": "N/A",
            "AcademicYear": "N/A",
            "AdmissionRequirements": [],
            "Languages": [],
            "StudentBody": "N/A"
        },
        "Divisions": [
            {
                "College": "Business Administration",
                "FieldsOfStudy": [
                    "Accountancy",
                    "Business Administration",
                    "Human Resources",
                    "Management",
                    "Marketing"
                ],
                "Details": "N/A"
            }
        ],
        "Degrees": {
            "Undergraduate": {
                "CertificateOrDiploma": [],
                "Bachelor'sDegree": [
                    "Accountancy",
                    "Human Resources",
                    "Management",
                    "Marketing"
                ]
            },
            "Postgraduate": {
                "PostBachelor'sDiplomaOrCertificate": [
                    "Management"
                ],
                "Master'sDegree": [
                    "Business Administration"
                ],
                "Doctor'sDegrees": [],
                "ResearchScholarship": [],
                "EducationSpecialistDegree": []
            }
        }
    },
    {
        "GeneralInformation": {
            "Address": {
                "Street": "G.Pentagreen, Majeedhee Magu",
                "City": "Mal\u00e9",
                "Province": "N/A",
                "PostCode": "20138",
                "Website": "https://www.mandhucollege.edu.mv",
                "college_name": "Mandhu College",
                "university_name": ""
            },
            "InstitutionFunding": "Private",
            "History": "Created 1998 as Mandhu Learning Centre and acquired current status and title in 2010. The College was the first private higher education institute to start operating in the country",
            "AcademicYear": "January - December",
            "AdmissionRequirements": [],
            "Languages": [
                "English"
            ],
            "StudentBody": "co-ed"
        },
        "Divisions": [
            {
                "College": "Business and Information Technology",
                "FieldsOfStudy": [
                    "Business Administration",
                    "Business and Commerce",
                    "Information Technology"
                ],
                "Details": "N/A"
            },
            {
                "College": "General Studies",
                "FieldsOfStudy": "N/A",
                "Details": "N/A"
            },
            {
                "College": "Graduate Studies",
                "FieldsOfStudy": [
                    "Business Administration",
                    "Education"
                ],
                "Details": "N/A"
            },
            {
                "College": "Humanities",
                "FieldsOfStudy": [
                    "Education",
                    "Law",
                    "Native Language Education",
                    "Primary Education",
                    "Secondary Education"
                ],
                "Details": "N/A"
            }
        ],
        "Degrees": {
            "Undergraduate": {
                "CertificateOrDiploma": [],
                "Bachelor'sDegree": [
                    "Education"
                ]
            },
            "Postgraduate": {
                "PostBachelor'sDiplomaOrCertificate": [
                    "Business Administration",
                    "Education"
                ],
                "Master'sDegree": [
                    "Business Administration",
                    "Education"
                ],
                "Doctor'sDegrees": [],
                "ResearchScholarship": [],
                "EducationSpecialistDegree": []
            }
        }
    },
    {
        "GeneralInformation": {
            "Address": {
                "Street": "Sakeena Manzil, 3rd Floor, Meduziyaraih Magu",
                "City": "Mal\u00e9",
                "Province": "N/A",
                "PostCode": "N/A",
                "Website": "https://micollege.edu.mv",
                "college_name": "Mianz International College",
                "university_name": "MI College"
            },
            "InstitutionFunding": "Private",
            "History": "Created 2006 as the International Institute for Professional Development (IIPD). Acquired current title and status 2014.",
            "AcademicYear": "N/A",
            "AdmissionRequirements": [],
            "Languages": [],
            "StudentBody": "N/A"
        },
        "Divisions": [
            {
                "College": "Business, Management and Hospitality",
                "FieldsOfStudy": [
                    "Accountancy",
                    "Business Administration",
                    "Hotel and Restaurant",
                    "Human Resources"
                ],
                "Details": "N/A"
            },
            {
                "College": "Languagen, Education and Arts",
                "FieldsOfStudy": [
                    "Education",
                    "Preschool Education",
                    "Primary Education"
                ],
                "Details": "N/A"
            },
            {
                "College": "Science and Information Technology",
                "FieldsOfStudy": [
                    "Multimedia",
                    "Software Engineering"
                ],
                "Details": "N/A"
            }
        ],
        "Degrees": {
            "Undergraduate": {
                "CertificateOrDiploma": [],
                "Bachelor'sDegree": [
                    "Preschool Education"
                ]
            },
            "Postgraduate": {
                "PostBachelor'sDiplomaOrCertificate": [
                    "Education"
                ],
                "Master'sDegree": [
                    "Education"
                ],
                "Doctor'sDegrees": [],
                "ResearchScholarship": [],
                "EducationSpecialistDegree": []
            }
        }
    },
    {
        "GeneralInformation": {
            "Address": {
                "Street": "Rahdhebai Higun, Machangolhi",
                "City": "Male'",
                "Province": "N/A",
                "PostCode": "20373",
                "Website": "https://mnu.edu.mv",
                "college_name": "The Maldives National University",
                "university_name": "(MNU)"
            },
            "InstitutionFunding": "Public",
            "History": "Created 1973 as the Allied Health Services Training Centre. Became the Maldives College of Higher Education in 1998 and acquired current title and status 2011.",
            "AcademicYear": "N/A",
            "AdmissionRequirements": [],
            "Languages": [
                "Dhivehi"
            ],
            "StudentBody": "N/A"
        },
        "Divisions": [
            {
                "College": "Centre for Open Learning",
                "FieldsOfStudy": [
                    "Distance Education"
                ],
                "Details": "N/A"
            },
            {
                "College": "Maritimes Studies",
                "FieldsOfStudy": [
                    "Marine Engineering",
                    "Marine Transport",
                    "Primary Education"
                ],
                "Details": "N/A"
            },
            {
                "College": "Arts",
                "FieldsOfStudy": [
                    "English",
                    "Journalism",
                    "Native Language",
                    "Political Sciences",
                    "Psychology",
                    "Social Policy"
                ],
                "Details": "N/A"
            },
            {
                "College": "Education",
                "FieldsOfStudy": [
                    "Education",
                    "Educational Administration",
                    "Educational Testing and Evaluation",
                    "Environmental Management",
                    "Foreign Languages Education",
                    "Mathematics Education",
                    "Native Language Education",
                    "Physical Education",
                    "Preschool Education",
                    "Primary Education",
                    "Secondary Education",
                    "Special Education",
                    "Teacher Training"
                ],
                "Details": "N/A"
            },
            {
                "College": "Engineering Technology",
                "FieldsOfStudy": [
                    "Architecture",
                    "Civil Engineering"
                ],
                "Details": "N/A"
            },
            {
                "College": "Health Sciences",
                "FieldsOfStudy": [
                    "Health Administration",
                    "Laboratory Techniques",
                    "Nursing",
                    "Public Health",
                    "Social Work"
                ],
                "Details": "N/A"
            },
            {
                "College": "Hospitality and Tourism Studies",
                "FieldsOfStudy": [
                    "Cooking and Catering",
                    "Hotel and Restaurant",
                    "Hotel Management",
                    "Tourism"
                ],
                "Details": "N/A"
            },
            {
                "College": "Islamic Studies",
                "FieldsOfStudy": [
                    "Islamic Studies",
                    "Islamic Theology",
                    "Religious Education"
                ],
                "Details": "N/A"
            },
            {
                "College": "Science",
                "FieldsOfStudy": [
                    "Water Science"
                ],
                "Details": "N/A"
            },
            {
                "College": "Shari'ah and Law",
                "FieldsOfStudy": [
                    "Islamic Law",
                    "Law"
                ],
                "Details": "N/A"
            },
            {
                "College": "Business",
                "FieldsOfStudy": [
                    "Accountancy",
                    "Business Administration",
                    "Business and Commerce",
                    "Human Resources",
                    "Information Technology",
                    "Marketing"
                ],
                "Details": "MNU Business School"
            }
        ],
        "Degrees": {
            "Undergraduate": {
                "CertificateOrDiploma": [],
                "Bachelor'sDegree": [
                    "Civil Engineering",
                    "Education",
                    "Foreign Languages Education",
                    "Islamic Law",
                    "Islamic Theology",
                    "Law",
                    "Native Language Education",
                    "Preschool Education",
                    "Religious Education",
                    "Special Education"
                ]
            },
            "Postgraduate": {
                "PostBachelor'sDiplomaOrCertificate": [
                    "Business Administration",
                    "Distance Education",
                    "Education",
                    "Islamic Law",
                    "Law",
                    "Public Health"
                ],
                "Master'sDegree": [
                    "Business Administration",
                    "Education",
                    "Educational Administration",
                    "Educational Testing and Evaluation",
                    "Islamic Law",
                    "Native Language",
                    "Nursing",
                    "Public Health",
                    "Social Policy"
                ],
                "Doctor'sDegrees": [],
                "ResearchScholarship": [],
                "EducationSpecialistDegree": []
            }
        }
    },
    {
        "GeneralInformation": {
            "Address": {
                "Street": "Ghazee Magu",
                "City": "Fuvahmulah",
                "Province": "South Province",
                "PostCode": "N/A",
                "Website": "https://zikura.edu.mv",
                "college_name": "Zikura International College",
                "university_name": "ZI College"
            },
            "InstitutionFunding": "Private",
            "History": "N/A",
            "AcademicYear": "N/A",
            "AdmissionRequirements": [],
            "Languages": [],
            "StudentBody": "N/A"
        },
        "Divisions": [
            {
                "College": "Arts and Humanities",
                "FieldsOfStudy": [
                    "Psychology"
                ],
                "Details": "N/A"
            },
            {
                "College": "Business",
                "FieldsOfStudy": [
                    "Accountancy",
                    "Business Administration",
                    "Business and Commerce",
                    "Human Resources",
                    "Management",
                    "Tourism"
                ],
                "Details": "N/A"
            },
            {
                "College": "Education",
                "FieldsOfStudy": [
                    "Education",
                    "Educational Administration",
                    "Primary Education"
                ],
                "Details": "N/A"
            }
        ],
        "Degrees": {
            "Undergraduate": {
                "CertificateOrDiploma": [],
                "Bachelor'sDegree": [
                    "Human Resources",
                    "Management",
                    "Primary Education",
                    "Psychology"
                ]
            },
            "Postgraduate": {
                "PostBachelor'sDiplomaOrCertificate": [
                    "Business Administration",
                    "Education",
                    "Educational Administration",
                    "Management"
                ],
                "Master'sDegree": [
                    "Business Administration",
                    "Education"
                ],
                "Doctor'sDegrees": [],
                "ResearchScholarship": [],
                "EducationSpecialistDegree": []
            }
        }
    }
]