[
    {
        "GeneralInformation": {
            "Address": {
                "Street": "1 Paya Lebar Link #11-03   \nPLQ 1 Paya Lebar Quarter",
                "City": "Singapore",
                "Province": "N/A",
                "PostCode": "408533",
                "Website": "https://iposinternational.com",
                "college_name": "IPOS International",
                "university_name": "Intellectual Property Academy of Singapore"
            },
            "InstitutionFunding": "Private",
            "History": "Founded in 2003 as part of the National University of Singapore (NUS). Became the education and training arm (and subsidiary) of the Intellectual Property Office of Singapore (IPOS) - a statutory board of the Government of Singapore - in 2012. Was previously known as the IP Academy. A dedicated centre for IP education and training.",
            "AcademicYear": "N/A",
            "AdmissionRequirements": [],
            "Languages": [
                "English",
                "Chinese"
            ],
            "StudentBody": "N/A"
        },
        "Divisions": [
            {
                "College": "Business",
                "FieldsOfStudy": [
                    "Business Administration",
                    "Management"
                ],
                "Details": "N/A"
            },
            {
                "College": "Legal",
                "FieldsOfStudy": [
                    "Law"
                ],
                "Details": "N/A"
            },
            {
                "College": "Public Agency",
                "FieldsOfStudy": [
                    "Law",
                    "Public Administration"
                ],
                "Details": "N/A"
            },
            {
                "College": "Technology and Research",
                "FieldsOfStudy": [
                    "Technology"
                ],
                "Details": "N/A"
            },
            {
                "College": "Graduate Studies",
                "FieldsOfStudy": [
                    "Business Administration",
                    "Civil Law",
                    "Commercial Law"
                ],
                "Details": "N/A"
            }
        ],
        "Degrees": {
            "Undergraduate": {
                "CertificateOrDiploma": [
                    "Business Administration",
                    "Civil Law",
                    "Commercial Law"
                ],
                "Bachelor'sDegree": []
            },
            "Postgraduate": {
                "PostBachelor'sDiplomaOrCertificate": [],
                "Master'sDegree": [
                    "Civil Law",
                    "Commercial Law"
                ],
                "Doctor'sDegrees": [],
                "ResearchScholarship": [],
                "EducationSpecialistDegree": []
            }
        }
    },
    {
        "GeneralInformation": {
            "Address": {
                "Street": "1 McNally Street",
                "City": "Singapore",
                "Province": "N/A",
                "PostCode": "187940",
                "Website": "http://www.lasalle.edu.sg",
                "college_name": "LASALLE College of the Arts",
                "university_name": ""
            },
            "InstitutionFunding": "Private",
            "History": "Founded 1984 as St Patrick's Arts Centre. In 2007, the institution was re-branded as LASALLE College of the Arts",
            "AcademicYear": "N/A",
            "AdmissionRequirements": [],
            "Languages": [
                "English"
            ],
            "StudentBody": "N/A"
        },
        "Divisions": [
            {
                "College": "Contemporary Music",
                "FieldsOfStudy": [
                    "Music"
                ],
                "Details": "N/A"
            },
            {
                "College": "Creative Industries",
                "FieldsOfStudy": [
                    "Art Education",
                    "Art Management",
                    "Art Therapy",
                    "English",
                    "Fine Arts",
                    "Leadership",
                    "Writing"
                ],
                "Details": "N/A"
            },
            {
                "College": "Dance and Theatre",
                "FieldsOfStudy": [
                    "Acting",
                    "Art Management",
                    "Dance",
                    "Music",
                    "Performing Arts",
                    "Theatre"
                ],
                "Details": "N/A"
            },
            {
                "College": "Design Communication",
                "FieldsOfStudy": [
                    "Design",
                    "Mass Communication"
                ],
                "Details": "N/A"
            },
            {
                "College": "Fashion",
                "FieldsOfStudy": [
                    "Fashion Design",
                    "Media Studies",
                    "Textile Design"
                ],
                "Details": "N/A"
            },
            {
                "College": "Film and Animation",
                "FieldsOfStudy": [
                    "Film",
                    "Media Studies",
                    "Radio and Television Broadcasting",
                    "Visual Arts"
                ],
                "Details": "Puttnam"
            },
            {
                "College": "Fine Arts",
                "FieldsOfStudy": [
                    "Art History",
                    "Fine Arts"
                ],
                "Details": "McNally"
            },
            {
                "College": "Spatial and Product Design",
                "FieldsOfStudy": [
                    "Industrial Design",
                    "Interior Design"
                ],
                "Details": "N/A"
            }
        ],
        "Degrees": {
            "Undergraduate": {
                "CertificateOrDiploma": [
                    "Art Management",
                    "Dance",
                    "Design",
                    "Fashion Design",
                    "Fine Arts",
                    "Interior Design",
                    "Mass Communication",
                    "Media Studies",
                    "Music",
                    "Performing Arts",
                    "Radio and Television Broadcasting",
                    "Visual Arts"
                ],
                "Bachelor'sDegree": [
                    "Acting",
                    "Art Management",
                    "Design",
                    "Fashion Design",
                    "Film",
                    "Fine Arts",
                    "Industrial Design",
                    "Interior Design",
                    "Mass Communication",
                    "Media Studies",
                    "Music",
                    "Textile Design",
                    "Theatre",
                    "Visual Arts"
                ]
            },
            "Postgraduate": {
                "PostBachelor'sDiplomaOrCertificate": [],
                "Master'sDegree": [
                    "Art Education",
                    "Art History",
                    "Art Management",
                    "Art Therapy",
                    "Design",
                    "Fine Arts",
                    "Leadership",
                    "Writing"
                ],
                "Doctor'sDegrees": [],
                "ResearchScholarship": [],
                "EducationSpecialistDegree": []
            }
        }
    },
    {
        "GeneralInformation": {
            "Address": {
                "Street": "80 Bencoolen Street",
                "City": "Singapore",
                "Province": "N/A",
                "PostCode": "189655",
                "Website": "http://www.nafa.edu.sg",
                "college_name": "Nanyang Academy of Fine Arts",
                "university_name": "(NAFA)"
            },
            "InstitutionFunding": "Private",
            "History": "Founded by Chinese artist and art educator Lim Hak Tai 1938. Acquired present status 1999",
            "AcademicYear": "N/A",
            "AdmissionRequirements": [
                "GCE 'O' level credits including English"
            ],
            "Languages": [
                "English"
            ],
            "StudentBody": "co-ed"
        },
        "Divisions": [
            {
                "College": "Lifelong Education",
                "FieldsOfStudy": [
                    "Communication Arts",
                    "Computer Graphics",
                    "Interior Design",
                    "Painting and Drawing",
                    "Photography",
                    "Printing and Printmaking",
                    "Theatre"
                ],
                "Details": "N/A"
            },
            {
                "College": "Art and Design",
                "FieldsOfStudy": [
                    "Computer Graphics",
                    "Design",
                    "Fashion Design",
                    "Fine Arts",
                    "Media Studies"
                ],
                "Details": "N/A"
            },
            {
                "College": "Arts Management, Dance and Theatre",
                "FieldsOfStudy": [
                    "Art Management",
                    "Dance",
                    "Music"
                ],
                "Details": "N/A"
            },
            {
                "College": "Music",
                "FieldsOfStudy": [
                    "Music"
                ],
                "Details": "N/A"
            },
            {
                "College": "Young Talents",
                "FieldsOfStudy": [
                    "Dance",
                    "Fine Arts",
                    "Music",
                    "Theatre"
                ],
                "Details": "N/A"
            }
        ],
        "Degrees": {
            "Undergraduate": {
                "CertificateOrDiploma": [
                    "Conducting"
                ],
                "Bachelor'sDegree": [
                    "Art Management",
                    "Computer Graphics",
                    "Design",
                    "Display and Stage Design",
                    "Fashion Design",
                    "Fine Arts",
                    "Interior Design",
                    "Landscape Architecture",
                    "Marketing",
                    "Media Studies",
                    "Music",
                    "Theatre"
                ]
            },
            "Postgraduate": {
                "PostBachelor'sDiplomaOrCertificate": [],
                "Master'sDegree": [],
                "Doctor'sDegrees": [],
                "ResearchScholarship": [],
                "EducationSpecialistDegree": []
            }
        }
    },
    {
        "GeneralInformation": {
            "Address": {
                "Street": "50 Nanyang Avenue",
                "City": "Singapore",
                "Province": "N/A",
                "PostCode": "639798",
                "Website": "http://www.ntu.edu.sg",
                "college_name": "Nanyang Technological University",
                "university_name": "(NTU)"
            },
            "InstitutionFunding": "Public",
            "History": "Founded 1955 as Nanyang University. Acquired present title 1991 and autonomous status 2006",
            "AcademicYear": "July to June (July-December; January-June)",
            "AdmissionRequirements": [
                "2 General Certificate of Education (GCE) at Advanced ('A') level or equivalent",
                "Candidates who have obtained relevant diplomas from any of the Polytechnics in Singapore may also apply for admission",
                "International students with equivalent qualifications may also apply"
            ],
            "Languages": [
                "English"
            ],
            "StudentBody": "N/A"
        },
        "Divisions": [
            {
                "College": "Engineering",
                "FieldsOfStudy": [
                    "Aeronautical and Aerospace Engineering",
                    "Biomedical Engineering",
                    "Chemical Engineering",
                    "Civil Engineering",
                    "Computer Engineering",
                    "Computer Science",
                    "Electrical and Electronic Engineering",
                    "Environmental Engineering",
                    "Materials Engineering",
                    "Mechanical Engineering"
                ],
                "Details": "N/A"
            },
            {
                "College": "Humanities, Arts and Social Sciences",
                "FieldsOfStudy": [
                    "Arts and Humanities",
                    "Design",
                    "Economics",
                    "Fine Arts",
                    "Information Sciences",
                    "Media Studies",
                    "Social Sciences"
                ],
                "Details": "N/A"
            },
            {
                "College": "Science",
                "FieldsOfStudy": [
                    "Biological and Life Sciences",
                    "Environmental Studies",
                    "Mathematics",
                    "Physics"
                ],
                "Details": "N/A"
            },
            {
                "College": "Education",
                "FieldsOfStudy": [
                    "Arts and Humanities",
                    "Asian Studies",
                    "Curriculum",
                    "Education",
                    "English Studies",
                    "Mathematics Education",
                    "Natural Sciences",
                    "Performing Arts",
                    "Physical Education",
                    "Preschool Education",
                    "Science Education",
                    "Social Studies",
                    "Special Education",
                    "Sports",
                    "Visual Arts"
                ],
                "Details": "National"
            },
            {
                "College": "Business",
                "FieldsOfStudy": [
                    "Accountancy",
                    "Business Administration"
                ],
                "Details": "Nanyang"
            },
            {
                "College": "International Studies",
                "FieldsOfStudy": [
                    "International Relations and Diplomacy",
                    "Protective Services"
                ],
                "Details": "Rajaratnam"
            },
            {
                "College": "Medicine",
                "FieldsOfStudy": [
                    "Medicine",
                    "Surgery"
                ],
                "Details": "Lee Kong Chian"
            }
        ],
        "Degrees": {
            "Undergraduate": {
                "CertificateOrDiploma": [],
                "Bachelor'sDegree": [
                    "Accountancy",
                    "Aeronautical and Aerospace Engineering",
                    "Art Education",
                    "Art History",
                    "Artificial Intelligence",
                    "Bioengineering",
                    "Biomedical Engineering",
                    "Business Administration",
                    "Chemical Engineering",
                    "Chinese",
                    "Civil Engineering",
                    "Computer Engineering",
                    "Computer Science",
                    "Data Processing",
                    "Design",
                    "Economics",
                    "Electrical and Electronic Engineering",
                    "Engineering",
                    "English",
                    "Environmental Engineering",
                    "Fine Arts",
                    "History",
                    "Information Technology",
                    "International Relations and Diplomacy",
                    "Linguistics",
                    "Literature",
                    "Marine Transport",
                    "Materials Engineering",
                    "Mechanical Engineering",
                    "Media Studies",
                    "Medicine",
                    "Pharmacy",
                    "Philosophy",
                    "Psychology",
                    "Science Education",
                    "Social Sciences",
                    "Sociology",
                    "Surgery"
                ]
            },
            "Postgraduate": {
                "PostBachelor'sDiplomaOrCertificate": [],
                "Master'sDegree": [
                    "Accountancy",
                    "Applied Linguistics",
                    "Art Education",
                    "Asian Studies",
                    "Biological and Life Sciences",
                    "Business Administration",
                    "Civil Engineering",
                    "Consumer Studies",
                    "Economics",
                    "Education",
                    "Educational Administration",
                    "Educational and Student Counselling",
                    "Educational Psychology",
                    "Electrical and Electronic Engineering",
                    "Electronic Engineering",
                    "Electronics and Automation",
                    "Engineering Management",
                    "Environmental Engineering",
                    "Finance",
                    "Foreign Languages Education",
                    "Gerontology",
                    "Humanities and Social Science Education",
                    "Industrial Design",
                    "Information Management",
                    "Information Sciences",
                    "Information Technology",
                    "International Relations and Diplomacy",
                    "International Studies",
                    "Management",
                    "Marine Transport",
                    "Marketing",
                    "Mass Communication",
                    "Mathematics",
                    "Mathematics Education",
                    "Measurement and Precision Engineering",
                    "Mechanical Engineering",
                    "Museum Studies",
                    "Physics",
                    "Political Sciences",
                    "Power Engineering",
                    "Psychology",
                    "Public Administration",
                    "Sports",
                    "Technology Education",
                    "Telecommunications Engineering",
                    "Translation and Interpretation",
                    "Transport Management",
                    "Vocational Education"
                ],
                "Doctor'sDegrees": [
                    "Aeronautical and Aerospace Engineering",
                    "Bioengineering",
                    "Biological and Life Sciences",
                    "Business Administration",
                    "Chemical Engineering",
                    "Chinese",
                    "Civil Engineering",
                    "Computer Engineering",
                    "Computer Science",
                    "Curriculum",
                    "Design",
                    "Economics",
                    "Electrical and Electronic Engineering",
                    "Environmental Engineering",
                    "Environmental Studies",
                    "Fine Arts",
                    "History",
                    "Information Sciences",
                    "International Relations and Diplomacy",
                    "International Studies",
                    "Linguistics",
                    "Literature",
                    "Mass Communication",
                    "Materials Engineering",
                    "Mechanical Engineering",
                    "Media Studies",
                    "Philosophy",
                    "Psychology",
                    "Social Sciences",
                    "Sociology"
                ],
                "ResearchScholarship": [],
                "EducationSpecialistDegree": []
            }
        }
    },
    {
        "GeneralInformation": {
            "Address": {
                "Street": "21 Lower Kent Ridge Road",
                "City": "Singapore",
                "Province": "N/A",
                "PostCode": "119077",
                "Website": "https://www.nus.edu.sg",
                "college_name": "National University of Singapore",
                "university_name": "(NUS)"
            },
            "InstitutionFunding": "Public",
            "History": "The National University of Singapore (NUS) started out as a modest medical school with 23 students in 1905, founded by a determined group of businessmen led by Tan Jiak Kim, to serve the needs of the local community. Today, more than 100 years on, as Singapore\u2019s flagship university, NUS continues to be in service of country and society.",
            "AcademicYear": "Semester 1 (August to End November, Early December) \nSemester 2 (January to May) \nSpecial Term (May to August)",
            "AdmissionRequirements": [
                "Singapore-Cambridge General Certificate of Education (GCE) with Advanced ('A') level or equivalent"
            ],
            "Languages": [
                "English"
            ],
            "StudentBody": "co-ed"
        },
        "Divisions": [
            {
                "College": "Music",
                "FieldsOfStudy": [
                    "Music",
                    "Music Theory and Composition",
                    "Opera"
                ],
                "Details": "Yong Siew Toh Conservatory"
            },
            {
                "College": "Arts and Social Sciences",
                "FieldsOfStudy": [
                    "Arts and Humanities",
                    "Chinese",
                    "Communication Studies",
                    "Economics",
                    "English",
                    "European Studies",
                    "Geography (Human)",
                    "History",
                    "Japanese",
                    "Literature",
                    "Malay",
                    "Media Studies",
                    "Multimedia",
                    "Philosophy",
                    "Political Sciences",
                    "Psychology",
                    "Social Work",
                    "Sociology",
                    "South Asian Studies",
                    "Southeast Asian Studies",
                    "Theatre"
                ],
                "Details": "N/A"
            },
            {
                "College": "Dentistry",
                "FieldsOfStudy": [
                    "Dental Technology",
                    "Dentistry",
                    "Oral Pathology",
                    "Orthodontics",
                    "Periodontics",
                    "Radiology",
                    "Surgery"
                ],
                "Details": "N/A"
            },
            {
                "College": "Engineering",
                "FieldsOfStudy": [
                    "Bioengineering",
                    "Chemical Engineering",
                    "Civil Engineering",
                    "Computer Engineering",
                    "Electrical Engineering",
                    "Engineering",
                    "Engineering Management",
                    "Environmental Engineering",
                    "Industrial Engineering",
                    "Materials Engineering",
                    "Mechanical Engineering"
                ],
                "Details": "N/A"
            },
            {
                "College": "Law",
                "FieldsOfStudy": [
                    "Commercial Law",
                    "Criminal Law",
                    "Ethics",
                    "Justice Administration",
                    "Law",
                    "Public Law"
                ],
                "Details": "N/A"
            },
            {
                "College": "Medicine",
                "FieldsOfStudy": [
                    "Anaesthesiology",
                    "Medicine",
                    "Obstetrics and Gynaecology",
                    "Ophthalmology",
                    "Orthopaedics",
                    "Otorhinolaryngology",
                    "Paediatrics",
                    "Pharmacy",
                    "Psychiatry and Mental Health",
                    "Public Health",
                    "Radiology",
                    "Surgery"
                ],
                "Details": "Yong Loo Lin"
            },
            {
                "College": "NUS College",
                "FieldsOfStudy": [
                    "Arts and Humanities",
                    "Social Sciences"
                ],
                "Details": "Honours College"
            },
            {
                "College": "Science",
                "FieldsOfStudy": [
                    "Applied Chemistry",
                    "Applied Mathematics",
                    "Biological and Life Sciences",
                    "Biology",
                    "Chemistry",
                    "Computer Science",
                    "Food Science",
                    "Food Technology",
                    "Mathematics",
                    "Natural Sciences",
                    "Pharmacy",
                    "Physics",
                    "Statistics"
                ],
                "Details": "N/A"
            },
            {
                "College": "Yale-NUS College",
                "FieldsOfStudy": [
                    "Anthropology",
                    "Arts and Humanities",
                    "Economics",
                    "History",
                    "International Studies",
                    "Literature",
                    "Philosophy",
                    "Physics",
                    "Psychology"
                ],
                "Details": "N/A"
            },
            {
                "College": "Integrative Sciences and Engineering",
                "FieldsOfStudy": [
                    "Engineering",
                    "Natural Sciences"
                ],
                "Details": "N/A"
            },
            {
                "College": "Public Health",
                "FieldsOfStudy": [
                    "Public Health"
                ],
                "Details": "N/A"
            },
            {
                "College": "Public Policy",
                "FieldsOfStudy": [
                    "Administration",
                    "Public Administration"
                ],
                "Details": "N/A"
            },
            {
                "College": "Business",
                "FieldsOfStudy": [
                    "Accountancy",
                    "Business Administration"
                ],
                "Details": "N/A"
            },
            {
                "College": "Computing",
                "FieldsOfStudy": [
                    "Business Computing",
                    "Communication Studies",
                    "Computer Engineering",
                    "Computer Science",
                    "E-Business/Commerce",
                    "Information Technology",
                    "Media Studies"
                ],
                "Details": "N/A"
            },
            {
                "College": "Design and Environment",
                "FieldsOfStudy": [
                    "Architectural and Environmental Design",
                    "Architecture",
                    "Industrial Design",
                    "Real Estate"
                ],
                "Details": "N/A"
            },
            {
                "College": "Duke-NUS Medical School",
                "FieldsOfStudy": [
                    "Medicine"
                ],
                "Details": "N/A"
            },
            {
                "College": "Medicine",
                "FieldsOfStudy": [
                    "Anaesthesiology",
                    "Anatomy",
                    "Biochemistry",
                    "Community Health",
                    "Medicine",
                    "Microbiology",
                    "Nursing",
                    "Obstetrics and Gynaecology",
                    "Occupational Health",
                    "Ophthalmology",
                    "Orthopaedics",
                    "Otorhinolaryngology",
                    "Paediatrics",
                    "Pathology",
                    "Pharmacology",
                    "Physiology",
                    "Psychiatry and Mental Health",
                    "Radiology",
                    "Surgery"
                ],
                "Details": "Yong Loo Lin"
            }
        ],
        "Degrees": {
            "Undergraduate": {
                "CertificateOrDiploma": [],
                "Bachelor'sDegree": [
                    "Accountancy",
                    "Applied Mathematics",
                    "Architecture",
                    "Asian Studies",
                    "Biological and Life Sciences",
                    "Biomedical Engineering",
                    "Business Administration",
                    "Chemical Engineering",
                    "Chemistry",
                    "Chinese",
                    "Civil Engineering",
                    "Computer Engineering",
                    "Computer Science",
                    "Data Processing",
                    "Dentistry",
                    "Economics",
                    "Electrical Engineering",
                    "Electronics and Automation",
                    "Engineering",
                    "English",
                    "Environmental Engineering",
                    "Environmental Studies",
                    "European Studies",
                    "Finance",
                    "Food Science",
                    "Food Technology",
                    "Geography (Human)",
                    "History",
                    "Industrial Design",
                    "Industrial Engineering",
                    "Industrial Management",
                    "International Studies",
                    "Japanese",
                    "Law",
                    "Literature",
                    "Malay",
                    "Mass Communication",
                    "Materials Engineering",
                    "Mathematics",
                    "Media Studies",
                    "Medicine",
                    "Metallurgical Engineering",
                    "Modern Languages",
                    "Music",
                    "Nursing",
                    "Pharmacology",
                    "Pharmacy",
                    "Philosophy",
                    "Physics",
                    "Political Sciences",
                    "Psychology",
                    "Real Estate",
                    "Social Work",
                    "Sociology",
                    "South Asian Studies",
                    "Southeast Asian Studies",
                    "Statistics",
                    "Theatre"
                ]
            },
            "Postgraduate": {
                "PostBachelor'sDiplomaOrCertificate": [],
                "Master'sDegree": [
                    "Anaesthesiology",
                    "Anatomy",
                    "Applied Chemistry",
                    "Applied Physics",
                    "Architectural and Environmental Design",
                    "Architecture",
                    "Asian Studies",
                    "Biochemistry",
                    "Bioengineering",
                    "Biological and Life Sciences",
                    "Biomedical Engineering",
                    "Building Technologies",
                    "Business Administration",
                    "Business Computing",
                    "Chemical Engineering",
                    "Chemistry",
                    "Chinese",
                    "Civil Engineering",
                    "Clinical Psychology",
                    "Commercial Law",
                    "Comparative Law",
                    "Computer Engineering",
                    "Computer Science",
                    "Conducting",
                    "Dentistry",
                    "Design",
                    "Economics",
                    "Electrical Engineering",
                    "Electronics and Automation",
                    "Engineering",
                    "Engineering Drawing and Design",
                    "Engineering Management",
                    "English",
                    "Environmental Engineering",
                    "Environmental Studies",
                    "Finance",
                    "Geography (Human)",
                    "Geological Engineering",
                    "Health Sciences",
                    "History",
                    "Hydraulic Engineering",
                    "Immunology",
                    "Industrial Design",
                    "Industrial Engineering",
                    "Information Technology",
                    "International Law",
                    "Japanese",
                    "Law",
                    "Leadership",
                    "Linguistics",
                    "Literature",
                    "Malay",
                    "Management",
                    "Marine Engineering",
                    "Maritime Law",
                    "Mass Communication",
                    "Materials Engineering",
                    "Mathematics",
                    "Mechanical Engineering",
                    "Media Studies",
                    "Medicine",
                    "Microbiology",
                    "Music Theory and Composition",
                    "Musical Instruments",
                    "Nursing",
                    "Obstetrics and Gynaecology",
                    "Ophthalmology",
                    "Orthopaedics",
                    "Otorhinolaryngology",
                    "Paediatrics",
                    "Pathology",
                    "Petroleum and Gas Engineering",
                    "Pharmacology",
                    "Pharmacy",
                    "Philosophy",
                    "Physics",
                    "Physiology",
                    "Political Sciences",
                    "Private Law",
                    "Psychiatry and Mental Health",
                    "Psychology",
                    "Public Administration",
                    "Public Health",
                    "Radiology",
                    "Real Estate",
                    "Safety Engineering",
                    "Social and Preventive Medicine",
                    "Social Work",
                    "Sociology",
                    "Software Engineering",
                    "South Asian Studies",
                    "Southeast Asian Studies",
                    "Speech Therapy and Audiology",
                    "Statistics",
                    "Surgery",
                    "Surveying and Mapping",
                    "Town Planning",
                    "Transport Management",
                    "Water Management"
                ],
                "Doctor'sDegrees": [
                    "Accountancy",
                    "Architecture",
                    "Asian Studies",
                    "Bioengineering",
                    "Biological and Life Sciences",
                    "Biology",
                    "Biomedical Engineering",
                    "Building Technologies",
                    "Business Administration",
                    "Chemical Engineering",
                    "Chinese",
                    "Civil Engineering",
                    "Computer Engineering",
                    "Computer Science",
                    "Dental Technology",
                    "Dentistry",
                    "Economics",
                    "Electrical Engineering",
                    "Electronics and Automation",
                    "Engineering",
                    "Engineering Management",
                    "English",
                    "Environmental Engineering",
                    "Finance",
                    "Geography (Human)",
                    "History",
                    "Industrial Design",
                    "Industrial Engineering",
                    "Information Technology",
                    "Japanese",
                    "Law",
                    "Literature",
                    "Malay",
                    "Management",
                    "Marketing",
                    "Mass Communication",
                    "Materials Engineering",
                    "Mechanical Engineering",
                    "Media Studies",
                    "Medicine",
                    "Nursing",
                    "Oncology",
                    "Orthodontics",
                    "Periodontics",
                    "Pharmacy",
                    "Philosophy",
                    "Political Sciences",
                    "Psychology",
                    "Public Administration",
                    "Public Health",
                    "Real Estate",
                    "Social Work",
                    "Sociology",
                    "South Asian Studies",
                    "Southeast Asian Studies",
                    "Statistics"
                ],
                "ResearchScholarship": [],
                "EducationSpecialistDegree": []
            }
        }
    },
    {
        "GeneralInformation": {
            "Address": {
                "Street": "10 Dover Drive",
                "City": "Singapore",
                "Province": "N/A",
                "PostCode": "138683",
                "Website": "https://www.singaporetech.edu.sg",
                "college_name": "Singapore Institute of Technology",
                "university_name": "SIT"
            },
            "InstitutionFunding": "Public",
            "History": "Created 2009. Acquired current status 2014",
            "AcademicYear": "N/A",
            "AdmissionRequirements": [],
            "Languages": [
                "English"
            ],
            "StudentBody": "N/A"
        },
        "Divisions": [
            {
                "College": "Chemical Engineering and Food Technology",
                "FieldsOfStudy": [
                    "Chemical Engineering",
                    "Food Technology"
                ],
                "Details": "N/A"
            },
            {
                "College": "Design and Specialized Businesses",
                "FieldsOfStudy": [
                    "Business Administration",
                    "Design"
                ],
                "Details": "N/A"
            },
            {
                "College": "Engineering",
                "FieldsOfStudy": [
                    "Engineering"
                ],
                "Details": "N/A"
            },
            {
                "College": "Health and Social Sciences",
                "FieldsOfStudy": [
                    "Health Sciences",
                    "Social Sciences"
                ],
                "Details": "N/A"
            },
            {
                "College": "Infocomm Technology",
                "FieldsOfStudy": [
                    "Information Technology",
                    "Telecommunications Engineering"
                ],
                "Details": "N/A"
            }
        ],
        "Degrees": {
            "Undergraduate": {
                "CertificateOrDiploma": [],
                "Bachelor'sDegree": [
                    "Accountancy",
                    "Aeronautical and Aerospace Engineering",
                    "Bioengineering",
                    "Civil Engineering",
                    "Construction Engineering",
                    "Electrical Engineering",
                    "Electronic Engineering",
                    "Hotel and Restaurant",
                    "Information Technology",
                    "Marine Engineering",
                    "Mechanical Engineering",
                    "Naval Architecture",
                    "Occupational Health",
                    "Petroleum and Gas Engineering",
                    "Pharmacy",
                    "Power Engineering",
                    "Production Engineering",
                    "Radiology",
                    "Software Engineering",
                    "Transport Engineering"
                ]
            },
            "Postgraduate": {
                "PostBachelor'sDiplomaOrCertificate": [],
                "Master'sDegree": [
                    "Construction Engineering",
                    "Electrical Engineering",
                    "Power Engineering",
                    "Structural Architecture"
                ],
                "Doctor'sDegrees": [],
                "ResearchScholarship": [],
                "EducationSpecialistDegree": []
            }
        }
    },
    {
        "GeneralInformation": {
            "Address": {
                "Street": "81 Victoria Street",
                "City": "Singapore",
                "Province": "N/A",
                "PostCode": "188065",
                "Website": "https://www.smu.edu.sg",
                "college_name": "Singapore Management University",
                "university_name": "(SMU)"
            },
            "InstitutionFunding": "Public",
            "History": "Founded 2000.",
            "AcademicYear": "N/A",
            "AdmissionRequirements": [],
            "Languages": [
                "English"
            ],
            "StudentBody": "N/A"
        },
        "Divisions": [
            {
                "College": "Accountancy",
                "FieldsOfStudy": [
                    "Accountancy"
                ],
                "Details": "N/A"
            },
            {
                "College": "Business",
                "FieldsOfStudy": [
                    "Business Administration",
                    "Finance",
                    "Management",
                    "Marketing"
                ],
                "Details": "Lee Kong Chian"
            },
            {
                "College": "Economics",
                "FieldsOfStudy": [
                    "Economics",
                    "Finance"
                ],
                "Details": "N/A"
            },
            {
                "College": "Information Systems",
                "FieldsOfStudy": [
                    "Business Computing",
                    "Information Technology"
                ],
                "Details": "N/A"
            },
            {
                "College": "Law",
                "FieldsOfStudy": [
                    "Law"
                ],
                "Details": "N/A"
            },
            {
                "College": "Social Sciences",
                "FieldsOfStudy": [
                    "Psychology",
                    "Social Sciences"
                ],
                "Details": "N/A"
            }
        ],
        "Degrees": {
            "Undergraduate": {
                "CertificateOrDiploma": [],
                "Bachelor'sDegree": [
                    "Accountancy",
                    "Business Administration",
                    "Computer Science",
                    "Economics",
                    "Information Technology",
                    "Law",
                    "Real Estate",
                    "Social Sciences"
                ]
            },
            "Postgraduate": {
                "PostBachelor'sDiplomaOrCertificate": [],
                "Master'sDegree": [
                    "Accountancy",
                    "Artificial Intelligence",
                    "Banking",
                    "Business Administration",
                    "Business Computing",
                    "Communication Studies",
                    "Data Processing",
                    "Economics",
                    "Finance",
                    "Information Technology",
                    "Law",
                    "Leadership",
                    "Management",
                    "Psychology"
                ],
                "Doctor'sDegrees": [
                    "Accountancy",
                    "Behavioural Sciences",
                    "Business Administration",
                    "Economics",
                    "Finance",
                    "Human Resources",
                    "Information Technology",
                    "Management",
                    "Marketing",
                    "Psychology"
                ],
                "ResearchScholarship": [],
                "EducationSpecialistDegree": []
            }
        }
    },
    {
        "GeneralInformation": {
            "Address": {
                "Street": "463 Clementi Road",
                "City": "Singapore",
                "Province": "N/A",
                "PostCode": "599494",
                "Website": "http://www.suss.edu.sg",
                "college_name": "Singapore University of Social Sciences",
                "university_name": "(SUSS)"
            },
            "InstitutionFunding": "Public",
            "History": "Founded as 2005 SIM University (UniSIM), a private university dedicated to adult learners. UniSIM was renamed as the Singapore University of Social Sciences (SUSS) in 2017 and attained the status of Autonomous University",
            "AcademicYear": "N/A",
            "AdmissionRequirements": [
                "For all programmes, applicants must be a Singapore citizen, permanent resident or resident in Singapore, and have 2 years of work experience or be currently employed on a full-time basis, and be 21 years old and above",
                "For undergraduate programmes, 2 GCE 'A' level passes (prior to 2006) or 2 H2 passes (post-2006), or a polytechnic diploma; Postgraduate programmes, an undergraduate degree or equivalent from a recognized institution; local polytechnic diploma (for selected programme)"
            ],
            "Languages": [
                "English"
            ],
            "StudentBody": "co-ed"
        },
        "Divisions": [
            {
                "College": "Lifelong and Experiential Learning",
                "FieldsOfStudy": "N/A",
                "Details": "N/A"
            },
            {
                "College": "Business",
                "FieldsOfStudy": [
                    "Accountancy",
                    "Business Administration",
                    "Finance",
                    "Management",
                    "Marketing",
                    "Taxation",
                    "Transport Management"
                ],
                "Details": "N/A"
            },
            {
                "College": "Human Development",
                "FieldsOfStudy": [
                    "Development Studies",
                    "Educational and Student Counselling",
                    "Human Resources",
                    "Preschool Education",
                    "Psychology",
                    "Social Work"
                ],
                "Details": "S.R. Nathan"
            },
            {
                "College": "Humanities and Behavioural Sciences",
                "FieldsOfStudy": [
                    "Applied Linguistics",
                    "Chinese",
                    "Communication Studies",
                    "English",
                    "Literature",
                    "Psychology",
                    "Sociology",
                    "South and Southeast Asian Languages",
                    "Translation and Interpretation"
                ],
                "Details": "N/A"
            },
            {
                "College": "Law",
                "FieldsOfStudy": [
                    "Law"
                ],
                "Details": "N/A"
            },
            {
                "College": "Science and Technology",
                "FieldsOfStudy": [
                    "Engineering",
                    "Natural Sciences",
                    "Technology"
                ],
                "Details": "N/A"
            }
        ],
        "Degrees": {
            "Undergraduate": {
                "CertificateOrDiploma": [],
                "Bachelor'sDegree": [
                    "Accountancy",
                    "Business Administration",
                    "Finance",
                    "Human Resources",
                    "Law",
                    "Management",
                    "Marketing",
                    "Preschool Education",
                    "Social Work"
                ]
            },
            "Postgraduate": {
                "PostBachelor'sDiplomaOrCertificate": [],
                "Master'sDegree": [
                    "Adult Education",
                    "Applied Linguistics",
                    "Business Administration",
                    "Chinese",
                    "Development Studies",
                    "Educational and Student Counselling",
                    "Engineering",
                    "Engineering Management",
                    "Finance",
                    "Gerontology",
                    "Leadership",
                    "Literature",
                    "Management",
                    "Preschool Education",
                    "Social Sciences",
                    "Social Work",
                    "Taxation",
                    "Transport Management"
                ],
                "Doctor'sDegrees": [
                    "Business Administration",
                    "Chinese",
                    "Engineering",
                    "Gerontology",
                    "Literature",
                    "Management"
                ],
                "ResearchScholarship": [],
                "EducationSpecialistDegree": []
            }
        }
    },
    {
        "GeneralInformation": {
            "Address": {
                "Street": "8 Somapah Road",
                "City": "Singapore",
                "Province": "N/A",
                "PostCode": "487372",
                "Website": "http://www.sutd.edu.sg",
                "college_name": "Singapore University of Technology and Design",
                "university_name": "(SUTD)"
            },
            "InstitutionFunding": "Public",
            "History": "Founded 2012",
            "AcademicYear": "N/A",
            "AdmissionRequirements": [],
            "Languages": [
                "English"
            ],
            "StudentBody": "N/A"
        },
        "Divisions": [
            {
                "College": "Architecture and Sustainable Development",
                "FieldsOfStudy": [
                    "Architecture"
                ],
                "Details": "N/A"
            },
            {
                "College": "Engineering Product Development",
                "FieldsOfStudy": [
                    "Aeronautical and Aerospace Engineering",
                    "Biomedical Engineering",
                    "Computer Engineering",
                    "Electrical Engineering",
                    "Mechanical Engineering",
                    "Robotics"
                ],
                "Details": "N/A"
            },
            {
                "College": "Engineering Systems and Design",
                "FieldsOfStudy": [
                    "Engineering"
                ],
                "Details": "N/A"
            },
            {
                "College": "Humanities, Arts, and Social Sciences",
                "FieldsOfStudy": [
                    "Ancient Civilizations",
                    "Cultural Studies",
                    "History"
                ],
                "Details": "N/A"
            },
            {
                "College": "Information Systems Technology and Design",
                "FieldsOfStudy": [
                    "Computer Engineering",
                    "Computer Science",
                    "Information Management"
                ],
                "Details": "N/A"
            }
        ],
        "Degrees": {
            "Undergraduate": {
                "CertificateOrDiploma": [],
                "Bachelor'sDegree": [
                    "Computer Science",
                    "Engineering",
                    "Information Management"
                ]
            },
            "Postgraduate": {
                "PostBachelor'sDiplomaOrCertificate": [],
                "Master'sDegree": [
                    "Electronic Engineering",
                    "Engineering",
                    "Safety Engineering",
                    "Town Planning"
                ],
                "Doctor'sDegrees": [
                    "Architecture",
                    "Design",
                    "Engineering",
                    "Engineering Drawing and Design",
                    "Information Technology",
                    "Mathematics",
                    "Natural Sciences",
                    "Town Planning"
                ],
                "ResearchScholarship": [],
                "EducationSpecialistDegree": []
            }
        }
    }
]