[
    {
        "GeneralInformation": {
            "Address": {
                "Street": "Antico Monastero Santa Chiara\nContrada Omerelli, 20",
                "City": "San Marino",
                "Province": "N/A",
                "PostCode": "47890",
                "Website": "https://www.unirsm.sm",
                "college_name": "University of the Republic of San Marino",
                "university_name": "Universit\u00e0 degli Studi della Repubblica di San Marino (UNIRSM)"
            },
            "InstitutionFunding": "Public",
            "History": "Founded 1985. A university offering graduate and postgraduate studies.",
            "AcademicYear": "October to July",
            "AdmissionRequirements": [
                "Secondary school certificate, Laurea degree or equivalent"
            ],
            "Languages": [
                "Italian",
                "English",
                "French"
            ],
            "StudentBody": "N/A"
        },
        "Divisions": [
            {
                "College": "Economics, Science and Law",
                "FieldsOfStudy": [
                    "Civil Engineering",
                    "Criminology",
                    "Engineering Management",
                    "Food Science",
                    "Gerontology",
                    "Industrial Design",
                    "Plastic Surgery",
                    "Sports Management"
                ],
                "Details": "N/A"
            },
            {
                "College": "History",
                "FieldsOfStudy": [
                    "Cultural Studies",
                    "History"
                ],
                "Details": "N/A"
            },
            {
                "College": "Humanities",
                "FieldsOfStudy": [
                    "Management",
                    "Mass Communication",
                    "Media Studies",
                    "Special Education"
                ],
                "Details": "N/A"
            }
        ],
        "Degrees": {
            "Undergraduate": {
                "CertificateOrDiploma": [],
                "Bachelor'sDegree": []
            },
            "Postgraduate": {
                "PostBachelor'sDiplomaOrCertificate": [],
                "Master'sDegree": [
                    "Civil Engineering",
                    "Criminology",
                    "Food Science",
                    "Gerontology",
                    "Industrial Design",
                    "Mass Communication",
                    "Plastic Surgery",
                    "Special Education",
                    "Sports Management"
                ],
                "Doctor'sDegrees": [],
                "ResearchScholarship": [],
                "EducationSpecialistDegree": []
            }
        }
    }
]