[
    {
        "GeneralInformation": {
            "Address": {
                "Street": "135 Sheriff & Fourth Sts.\nCampbellville",
                "City": "Georgetown",
                "Province": "N/A",
                "PostCode": "N/A",
                "Website": "https://auops.org",
                "college_name": "American University of Peace Studies",
                "university_name": "(AUOPS)"
            },
            "InstitutionFunding": "Private",
            "History": "Founded 2002",
            "AcademicYear": "N/A",
            "AdmissionRequirements": [],
            "Languages": [
                "English"
            ],
            "StudentBody": "N/A"
        },
        "Divisions": [
            {
                "College": "Human Resource Management",
                "FieldsOfStudy": [
                    "Human Resources",
                    "Management"
                ],
                "Details": "N/A"
            },
            {
                "College": "Peace and Conflict Studies",
                "FieldsOfStudy": [
                    "Peace and Disarmament"
                ],
                "Details": "N/A"
            },
            {
                "College": "Professional Counselling",
                "FieldsOfStudy": [
                    "Psychology"
                ],
                "Details": "N/A"
            },
            {
                "College": "Psychology",
                "FieldsOfStudy": [
                    "Psychology"
                ],
                "Details": "N/A"
            },
            {
                "College": "Public Communication",
                "FieldsOfStudy": [
                    "Communication Studies"
                ],
                "Details": "N/A"
            },
            {
                "College": "Strategic Project Management",
                "FieldsOfStudy": [
                    "Management"
                ],
                "Details": "N/A"
            }
        ],
        "Degrees": {
            "Undergraduate": {
                "CertificateOrDiploma": [],
                "Bachelor'sDegree": [
                    "Communication Studies",
                    "Human Resources",
                    "Management",
                    "Peace and Disarmament",
                    "Psychology"
                ]
            },
            "Postgraduate": {
                "PostBachelor'sDiplomaOrCertificate": [],
                "Master'sDegree": [
                    "Clinical Psychology",
                    "Management",
                    "Peace and Disarmament",
                    "Psychology"
                ],
                "Doctor'sDegrees": [],
                "ResearchScholarship": [],
                "EducationSpecialistDegree": []
            }
        }
    },
    {
        "GeneralInformation": {
            "Address": {
                "Street": "81 Croal Street",
                "City": "Georgetown",
                "Province": "N/A",
                "PostCode": "N/A",
                "Website": "https://gau.edu.gy",
                "college_name": "Georgetown American University",
                "university_name": "(GAU)"
            },
            "InstitutionFunding": "Private",
            "History": "Founded 2013",
            "AcademicYear": "N/A",
            "AdmissionRequirements": [],
            "Languages": [
                "English"
            ],
            "StudentBody": "N/A"
        },
        "Divisions": [
            {
                "College": "Medicine",
                "FieldsOfStudy": [
                    "Medicine"
                ],
                "Details": "N/A"
            },
            {
                "College": "Sciences",
                "FieldsOfStudy": [
                    "Health Sciences",
                    "Medical Auxiliaries",
                    "Radiology"
                ],
                "Details": "N/A"
            },
            {
                "College": "Technology",
                "FieldsOfStudy": [
                    "Computer Science",
                    "Technology"
                ],
                "Details": "N/A"
            }
        ],
        "Degrees": {
            "Undergraduate": {
                "CertificateOrDiploma": [],
                "Bachelor'sDegree": [
                    "Computer Science",
                    "Nursing"
                ]
            },
            "Postgraduate": {
                "PostBachelor'sDiplomaOrCertificate": [],
                "Master'sDegree": [],
                "Doctor'sDegrees": [],
                "ResearchScholarship": [],
                "EducationSpecialistDegree": []
            }
        }
    },
    {
        "GeneralInformation": {
            "Address": {
                "Street": "139 4th Street Campbellville",
                "City": "Georgetown",
                "Province": "N/A",
                "PostCode": "N/A",
                "Website": "https://gmu.edu.gy",
                "college_name": "GreenHeart Medical University",
                "university_name": "(GMU)"
            },
            "InstitutionFunding": "Private",
            "History": "Founded 2004, started academic activities 2005",
            "AcademicYear": "N/A",
            "AdmissionRequirements": [],
            "Languages": [
                "English"
            ],
            "StudentBody": "N/A"
        },
        "Divisions": [
            {
                "College": "Medicine",
                "FieldsOfStudy": [
                    "Medicine"
                ],
                "Details": "N/A"
            },
            {
                "College": "Nursing",
                "FieldsOfStudy": [
                    "Nursing"
                ],
                "Details": "N/A"
            },
            {
                "College": "Pharmacy",
                "FieldsOfStudy": [
                    "Pharmacy"
                ],
                "Details": "N/A"
            }
        ],
        "Degrees": {
            "Undergraduate": {
                "CertificateOrDiploma": [],
                "Bachelor'sDegree": []
            },
            "Postgraduate": {
                "PostBachelor'sDiplomaOrCertificate": [],
                "Master'sDegree": [],
                "Doctor'sDegrees": [],
                "ResearchScholarship": [],
                "EducationSpecialistDegree": []
            }
        }
    },
    {
        "GeneralInformation": {
            "Address": {
                "Street": "46-47, 3rd Street, UG Road\nCummingslodge\nEast Coast Demerara",
                "City": "Georgetown",
                "Province": "N/A",
                "PostCode": "N/A",
                "Website": "https://rgust.edu.gy",
                "college_name": "Rajiv Gandhi University of Science and Technology",
                "university_name": "(RGUST)"
            },
            "InstitutionFunding": "Private",
            "History": "Founded 2012",
            "AcademicYear": "N/A",
            "AdmissionRequirements": [],
            "Languages": [
                "English"
            ],
            "StudentBody": "N/A"
        },
        "Divisions": [
            {
                "College": "Continuing Education",
                "FieldsOfStudy": "N/A",
                "Details": "N/A"
            },
            {
                "College": "Arts and Sciences",
                "FieldsOfStudy": [
                    "Arts and Humanities",
                    "Health Sciences",
                    "Natural Sciences"
                ],
                "Details": "N/A"
            },
            {
                "College": "Medicine",
                "FieldsOfStudy": [
                    "Medicine"
                ],
                "Details": "Rajiv Gandhi"
            }
        ],
        "Degrees": {
            "Undergraduate": {
                "CertificateOrDiploma": [],
                "Bachelor'sDegree": [
                    "Health Sciences",
                    "Natural Sciences"
                ]
            },
            "Postgraduate": {
                "PostBachelor'sDiplomaOrCertificate": [],
                "Master'sDegree": [],
                "Doctor'sDegrees": [],
                "ResearchScholarship": [],
                "EducationSpecialistDegree": []
            }
        }
    },
    {
        "GeneralInformation": {
            "Address": {
                "Street": "Lot 2442, Plantation",
                "City": "Providence",
                "Province": "East Coast Demerara",
                "PostCode": "N/A",
                "Website": "https://gy.tauedu.org",
                "college_name": "Texila American University",
                "university_name": "Texila American University - College of Medicine (TAU COM) Guyana (TAU)"
            },
            "InstitutionFunding": "Private",
            "History": "Founded 2010. Affiliatied with Monroe College (USA) 2020",
            "AcademicYear": "N/A",
            "AdmissionRequirements": [],
            "Languages": [
                "English"
            ],
            "StudentBody": "N/A"
        },
        "Divisions": [
            {
                "College": "Business and Management",
                "FieldsOfStudy": [
                    "Management"
                ],
                "Details": "N/A"
            },
            {
                "College": "Dentistry",
                "FieldsOfStudy": [
                    "Dentistry"
                ],
                "Details": "N/A"
            },
            {
                "College": "Medicine",
                "FieldsOfStudy": [
                    "Medicine"
                ],
                "Details": "N/A"
            },
            {
                "College": "Nursing",
                "FieldsOfStudy": [
                    "Nursing"
                ],
                "Details": "N/A"
            },
            {
                "College": "Public Health",
                "FieldsOfStudy": [
                    "Public Health"
                ],
                "Details": "N/A"
            },
            {
                "College": "Monroe College BBA",
                "FieldsOfStudy": [
                    "Business Administration"
                ],
                "Details": "N/A"
            }
        ],
        "Degrees": {
            "Undergraduate": {
                "CertificateOrDiploma": [],
                "Bachelor'sDegree": [
                    "Business Administration",
                    "Finance",
                    "Human Resources",
                    "Industrial Management",
                    "Information Technology",
                    "Management",
                    "Marketing",
                    "Natural Sciences",
                    "Nursing",
                    "Public Health"
                ]
            },
            "Postgraduate": {
                "PostBachelor'sDiplomaOrCertificate": [],
                "Master'sDegree": [
                    "Anaesthesiology",
                    "Business Administration",
                    "Information Technology",
                    "Medicine",
                    "Nursing",
                    "Public Health"
                ],
                "Doctor'sDegrees": [],
                "ResearchScholarship": [],
                "EducationSpecialistDegree": []
            }
        }
    },
    {
        "GeneralInformation": {
            "Address": {
                "Street": "Woolford Avenue\nNon-Pareil Park",
                "City": "Georgetown",
                "Province": "Demerara",
                "PostCode": "592592",
                "Website": "https://uemb.edu.gy",
                "college_name": "University of Excellence, Management and Business",
                "university_name": ""
            },
            "InstitutionFunding": "Private",
            "History": "Created 2010 as College of Excellence, Management and Business, received accreditation 2016 and acquired university name and title 2022",
            "AcademicYear": "January-December; September-August",
            "AdmissionRequirements": [
                "Applications can be accepted from applicants who may not meet the formal entry criteria but have the relevant experience and ability to complete the program",
                "(1): Any relevant undergraduate qualification; (2): Any relevant professional qualification; (3): U",
                "E",
                "M",
                "B",
                "Advanced Diploma in Matriculation Studies; (4): U",
                "E",
                "M",
                "B",
                "High School Diploma Matriculation Studies; (5): Four relevant CSEC subjects/O-Levels or their equivalent; (6): Any U",
                "E",
                "M",
                "B, EduQual-UK, level 3, Certificate with relevant work experience",
                ""
            ],
            "Languages": [
                "English"
            ],
            "StudentBody": "co-ed"
        },
        "Divisions": [
            {
                "College": "Management and Business",
                "FieldsOfStudy": [
                    "Accountancy",
                    "Business Administration",
                    "Educational Administration",
                    "Environmental Management",
                    "Finance",
                    "Health Administration",
                    "Human Resources",
                    "Logistics Management",
                    "Management",
                    "Marketing"
                ],
                "Details": "N/A"
            }
        ],
        "Degrees": {
            "Undergraduate": {
                "CertificateOrDiploma": [],
                "Bachelor'sDegree": [
                    "Accountancy",
                    "Business Administration",
                    "Educational Administration",
                    "Environmental Management",
                    "Health Administration",
                    "Human Resources",
                    "Logistics Management",
                    "Management",
                    "Marketing"
                ]
            },
            "Postgraduate": {
                "PostBachelor'sDiplomaOrCertificate": [],
                "Master'sDegree": [
                    "Accountancy",
                    "Business Administration",
                    "Educational Administration",
                    "Environmental Management",
                    "Health Administration",
                    "Human Resources",
                    "Logistics Management",
                    "Management",
                    "Marketing"
                ],
                "Doctor'sDegrees": [],
                "ResearchScholarship": [],
                "EducationSpecialistDegree": []
            }
        }
    },
    {
        "GeneralInformation": {
            "Address": {
                "Street": "P.O. Box 10-1110\nTurkeyen",
                "City": "Greater Georgetown",
                "Province": "N/A",
                "PostCode": "N/A",
                "Website": "https://www.uog.edu.gy",
                "college_name": "University of Guyana",
                "university_name": "(UG)"
            },
            "InstitutionFunding": "Public",
            "History": "Founded and acquired present status 1963",
            "AcademicYear": "September to May (September-December; February-May)",
            "AdmissionRequirements": [
                "Three subjects at the GCE Advanced Level plus two subjects at CXC General Proficiency/GCE Ordinary Level or two subjects at the GCE Advanced Level plus three subject at the CXC/CSEC General Proficiency/ GCE Ordinary Level in both case English and in some case Mathematics must be among the subjects obtained",
                "A minimum of five CXC/CSEC General Proficiency (Grades I, II or III)/ five passes at GCE 'O' Level at ONE sitting, including English Language, the subject(s) required for the pursuit of the major, where applicable, and Mathematics for designated programmes",
                "Or a minimum of 6 CXC/CSEC General Proficiency( Grades I, II or III)/ six passes at the GCE 'O' Level at not more than two sittings, including English Language, the subject(s) required for the pursuit of the major, where applicable, and Mathematics for designated programmes"
            ],
            "Languages": [
                "English"
            ],
            "StudentBody": "co-ed"
        },
        "Divisions": [
            {
                "College": "Berbice",
                "FieldsOfStudy": [
                    "Accountancy",
                    "Agriculture",
                    "Biology",
                    "Education",
                    "English",
                    "History",
                    "Marketing",
                    "Natural Sciences",
                    "Public Administration",
                    "Social Work"
                ],
                "Details": "N/A"
            },
            {
                "College": "Excellence for Teaching and Learning",
                "FieldsOfStudy": "N/A",
                "Details": "N/A"
            },
            {
                "College": "Agriculture and Forestry",
                "FieldsOfStudy": [
                    "Agriculture",
                    "Forestry"
                ],
                "Details": "N/A"
            },
            {
                "College": "Earth and Environmental Sciences",
                "FieldsOfStudy": [
                    "Environmental Studies",
                    "Geography"
                ],
                "Details": "N/A"
            },
            {
                "College": "Education and Humanities",
                "FieldsOfStudy": [
                    "Caribbean Studies",
                    "Cultural Studies",
                    "Curriculum",
                    "Educational Administration",
                    "History",
                    "Modern Languages",
                    "Teacher Training"
                ],
                "Details": "N/A"
            },
            {
                "College": "Engineering and Technology",
                "FieldsOfStudy": [
                    "Architecture",
                    "Civil Engineering",
                    "Electrical Engineering",
                    "Geological Engineering",
                    "Mechanical Engineering",
                    "Petroleum and Gas Engineering"
                ],
                "Details": "N/A"
            },
            {
                "College": "Medical Sciences",
                "FieldsOfStudy": [
                    "Behavioural Sciences",
                    "Dentistry",
                    "Health Sciences",
                    "Medicine",
                    "Nursing",
                    "Pharmacy"
                ],
                "Details": "N/A"
            },
            {
                "College": "Natural Sciences",
                "FieldsOfStudy": [
                    "Biology",
                    "Chemistry",
                    "Computer Science",
                    "Mathematics",
                    "Physics",
                    "Statistics"
                ],
                "Details": "N/A"
            },
            {
                "College": "Social Sciences",
                "FieldsOfStudy": [
                    "Communication Studies",
                    "Economics",
                    "Government",
                    "International Relations and Diplomacy",
                    "Law",
                    "Social Sciences",
                    "Sociology"
                ],
                "Details": "N/A"
            },
            {
                "College": "Confucius",
                "FieldsOfStudy": "N/A",
                "Details": "N/A"
            },
            {
                "College": "Distance and Continuing Education",
                "FieldsOfStudy": [
                    "Communication Studies",
                    "Criminology",
                    "Developmental Psychology",
                    "English",
                    "Hygiene",
                    "Industrial Management",
                    "International Relations and Diplomacy",
                    "Management",
                    "Marketing",
                    "Mathematics",
                    "Nutrition",
                    "Occupational Health",
                    "Preschool Education",
                    "Primary Education",
                    "Public Relations",
                    "Secretarial Studies",
                    "Social Work",
                    "Sociology",
                    "Spanish"
                ],
                "Details": "N/A"
            },
            {
                "College": "Gender Studies",
                "FieldsOfStudy": [
                    "Gender Studies"
                ],
                "Details": "N/A"
            },
            {
                "College": "Research, Innovation and Entrepreneurship",
                "FieldsOfStudy": "N/A",
                "Details": "N/A"
            },
            {
                "College": "Entrepreneurship and Business Innovation",
                "FieldsOfStudy": [
                    "Accountancy",
                    "Business Administration",
                    "Finance",
                    "Management",
                    "Marketing",
                    "Tourism"
                ],
                "Details": "N/A"
            }
        ],
        "Degrees": {
            "Undergraduate": {
                "CertificateOrDiploma": [
                    "Air Transport",
                    "Computer Science"
                ],
                "Bachelor'sDegree": [
                    "Accountancy",
                    "Air Transport",
                    "Civil Engineering",
                    "Computer Science",
                    "Criminology",
                    "Dentistry",
                    "Educational Administration",
                    "Environmental Engineering",
                    "Environmental Management",
                    "Finance",
                    "Food Science",
                    "Geological Engineering",
                    "Industrial Engineering",
                    "Information Technology",
                    "Laboratory Techniques",
                    "Law",
                    "Management",
                    "Marketing",
                    "Mathematics",
                    "Mechanical Engineering",
                    "Medicine",
                    "Nursing",
                    "Occupational Therapy",
                    "Optometry",
                    "Physical Therapy",
                    "Physics",
                    "Primary Education",
                    "Psychology",
                    "Public Health",
                    "Radiology",
                    "Rehabilitation and Therapy",
                    "Secondary Education",
                    "Social and Community Services",
                    "Speech Therapy and Audiology",
                    "Surgery",
                    "Tourism"
                ]
            },
            "Postgraduate": {
                "PostBachelor'sDiplomaOrCertificate": [
                    "Education"
                ],
                "Master'sDegree": [
                    "Agricultural Business",
                    "Agricultural Engineering",
                    "Biology",
                    "Clinical Psychology",
                    "Communication Studies",
                    "Curriculum",
                    "Educational Administration",
                    "Educational Testing and Evaluation",
                    "Energy Engineering",
                    "Environmental Management",
                    "Environmental Studies",
                    "Forestry",
                    "Literacy Education",
                    "Preschool Education",
                    "Public Health",
                    "Regional Planning",
                    "Social Work",
                    "Town Planning"
                ],
                "Doctor'sDegrees": [],
                "ResearchScholarship": [],
                "EducationSpecialistDegree": []
            }
        }
    }
]