[
    {
        "GeneralInformation": {
            "Address": {
                "Street": "BP R4\n145, Avenue James Cook",
                "City": "Noum\u00e9a",
                "Province": "N/A",
                "PostCode": "98851",
                "Website": "http://unc.nc",
                "college_name": "University of New Caledonia",
                "university_name": "Universit\u00e9 de la Nouvelle Cal\u00e9donie (UNC)"
            },
            "InstitutionFunding": "Public",
            "History": "Founded as Universit\u00e9 fran\u00e7aise du Pacifique 1987. Acquired present status and title 1999",
            "AcademicYear": "February to November",
            "AdmissionRequirements": [
                "Secondary school certificate (baccalaur\u00e9at) and entrance examination"
            ],
            "Languages": [
                "French"
            ],
            "StudentBody": "co-ed"
        },
        "Divisions": [
            {
                "College": "Continuing Education",
                "FieldsOfStudy": [
                    "Adult Education",
                    "Continuing Education"
                ],
                "Details": "N/A"
            },
            {
                "College": "Law, Economics and Management",
                "FieldsOfStudy": [
                    "Business Administration",
                    "Economics",
                    "Law",
                    "Private Law",
                    "Public Law"
                ],
                "Details": "N/A"
            },
            {
                "College": "Literature, Languages and Humanities",
                "FieldsOfStudy": [
                    "Ancient Civilizations",
                    "Comparative Literature",
                    "English",
                    "French",
                    "Geography (Human)",
                    "History",
                    "Literature",
                    "Medieval Studies",
                    "Modern Languages",
                    "Pacific Area Studies"
                ],
                "Details": "Magenta"
            },
            {
                "College": "Science and Technology",
                "FieldsOfStudy": [
                    "Biochemistry",
                    "Biology",
                    "Cell Biology",
                    "Chemistry",
                    "Computer Science",
                    "Geology",
                    "Marine Biology",
                    "Mathematics",
                    "Metallurgical Engineering",
                    "Microbiology",
                    "Molecular Biology",
                    "Physics",
                    "Physiology"
                ],
                "Details": "Nouville"
            },
            {
                "College": "Teacher Training (INSPE)",
                "FieldsOfStudy": [
                    "Teacher Training"
                ],
                "Details": "N/A"
            },
            {
                "College": "Technology (IUT)",
                "FieldsOfStudy": [
                    "Accountancy",
                    "Business Administration",
                    "Business and Commerce",
                    "Communication Studies",
                    "Information Technology"
                ],
                "Details": "N/A"
            }
        ],
        "Degrees": {
            "Undergraduate": {
                "CertificateOrDiploma": [],
                "Bachelor'sDegree": []
            },
            "Postgraduate": {
                "PostBachelor'sDiplomaOrCertificate": [],
                "Master'sDegree": [
                    "Arts and Humanities",
                    "Law",
                    "Teacher Training"
                ],
                "Doctor'sDegrees": [
                    "Arts and Humanities",
                    "Biological and Life Sciences",
                    "Environmental Studies",
                    "Law",
                    "Marine Science and Oceanography",
                    "Mathematics and Computer Science"
                ],
                "ResearchScholarship": [],
                "EducationSpecialistDegree": []
            }
        }
    },
    {
        "GeneralInformation": {
            "Address": {
                "Street": "Campus de Nouville BP X4",
                "City": "Noum\u00e9a",
                "Province": "N/A",
                "PostCode": "98851",
                "Website": "https://unc.nc/formation/formation-des-enseignants/linstitut-national-du-professorat-et-de-leducation",
                "college_name": "University of New Caledonia \u2013 Insp\u00e9 New Caledonia",
                "university_name": "Universit\u00e9 de la Nouvelle Cal\u00e9donie \u2013 Insp\u00e9 Nouvelle Cal\u00e9donie \u2013 Institut national sup\u00e9rieur du professorat et de l'\u00e9ducation"
            },
            "InstitutionFunding": "Public",
            "History": "Founded in 2013 as Ecole sup\u00e9rieure du professorat et de l'\u00e9ducation (ESPE), became Insp\u00e9 in 2019",
            "AcademicYear": "N/A",
            "AdmissionRequirements": [],
            "Languages": [
                "French"
            ],
            "StudentBody": "N/A"
        },
        "Divisions": [
            {
                "College": "Education",
                "FieldsOfStudy": [
                    "Education",
                    "Teacher Training"
                ],
                "Details": "N/A"
            }
        ],
        "Degrees": {
            "Undergraduate": {
                "CertificateOrDiploma": [],
                "Bachelor'sDegree": []
            },
            "Postgraduate": {
                "PostBachelor'sDiplomaOrCertificate": [],
                "Master'sDegree": [
                    "Education",
                    "Teacher Training"
                ],
                "Doctor'sDegrees": [],
                "ResearchScholarship": [],
                "EducationSpecialistDegree": []
            }
        }
    }
]